ISO-10303-21;
HEADER;
FILE_DESCRIPTION(('KiCad electronic assembly'),'2;1');
FILE_NAME('soverign.step','2026-06-27T13:23:47',('Pcbnew'),('Kicad'),
  'Open CASCADE STEP processor 7.6','KiCad to STEP converter','Unknown'
  );
FILE_SCHEMA(('AUTOMOTIVE_DESIGN { 1 0 10303 214 1 1 1 1 }'));
ENDSEC;
DATA;
#1 = APPLICATION_PROTOCOL_DEFINITION('international standard',
  'automotive_design',2000,#2);
#2 = APPLICATION_CONTEXT(
  'core data for automotive mechanical design processes');
#3 = SHAPE_DEFINITION_REPRESENTATION(#4,#10);
#4 = PRODUCT_DEFINITION_SHAPE('','',#5);
#5 = PRODUCT_DEFINITION('design','',#6,#9);
#6 = PRODUCT_DEFINITION_FORMATION('','',#7);
#7 = PRODUCT('soverign 1','soverign 1','',(#8));
#8 = PRODUCT_CONTEXT('',#2,'mechanical');
#9 = PRODUCT_DEFINITION_CONTEXT('part definition',#2,'design');
#10 = SHAPE_REPRESENTATION('',(#11,#15,#19,#23,#27,#31,#35,#39,#43,#47,
    #51,#55,#59,#63,#67,#71,#75,#79,#83,#87,#91,#95,#99,#103,#107,#111),
  #115);
#11 = AXIS2_PLACEMENT_3D('',#12,#13,#14);
#12 = CARTESIAN_POINT('',(0.,0.,0.));
#13 = DIRECTION('',(0.,0.,1.));
#14 = DIRECTION('',(1.,0.,-0.));
#15 = AXIS2_PLACEMENT_3D('',#16,#17,#18);
#16 = CARTESIAN_POINT('',(75.5,-103.5,1.65));
#17 = DIRECTION('',(0.,0.,1.));
#18 = DIRECTION('',(1.,0.,0.));
#19 = AXIS2_PLACEMENT_3D('',#20,#21,#22);
#20 = CARTESIAN_POINT('',(220.,-136.480002,1.65));
#21 = DIRECTION('',(0.,0.,1.));
#22 = DIRECTION('',(1.,0.,0.));
#23 = AXIS2_PLACEMENT_3D('',#24,#25,#26);
#24 = CARTESIAN_POINT('',(222.5,-114.,1.65));
#25 = DIRECTION('',(-0.,0.,1.));
#26 = DIRECTION('',(1.110223024625E-16,-1.,0.));
#27 = AXIS2_PLACEMENT_3D('',#28,#29,#30);
#28 = CARTESIAN_POINT('',(80.5,-144.5,1.65));
#29 = DIRECTION('',(0.,0.,1.));
#30 = DIRECTION('',(1.,0.,0.));
#31 = AXIS2_PLACEMENT_3D('',#32,#33,#34);
#32 = CARTESIAN_POINT('',(83.5,-119.5,1.65));
#33 = DIRECTION('',(0.,-0.,1.));
#34 = DIRECTION('',(1.110223024625E-16,1.,0.));
#35 = AXIS2_PLACEMENT_3D('',#36,#37,#38);
#36 = CARTESIAN_POINT('',(199.08,-77.,1.65));
#37 = DIRECTION('',(0.,0.,1.));
#38 = DIRECTION('',(-1.,1.224646799147E-16,0.));
#39 = AXIS2_PLACEMENT_3D('',#40,#41,#42);
#40 = CARTESIAN_POINT('',(222.,-65.74,1.65));
#41 = DIRECTION('',(-0.,0.,1.));
#42 = DIRECTION('',(1.110223024625E-16,-1.,0.));
#43 = AXIS2_PLACEMENT_3D('',#44,#45,#46);
#44 = CARTESIAN_POINT('',(213.,-146.08,1.65));
#45 = DIRECTION('',(0.,-0.,1.));
#46 = DIRECTION('',(1.110223024625E-16,1.,0.));
#47 = AXIS2_PLACEMENT_3D('',#48,#49,#50);
#48 = CARTESIAN_POINT('',(222.,-95.,1.65));
#49 = DIRECTION('',(-0.,0.,1.));
#50 = DIRECTION('',(1.110223024625E-16,-1.,0.));
#51 = AXIS2_PLACEMENT_3D('',#52,#53,#54);
#52 = CARTESIAN_POINT('',(180.5935,-79.,1.65));
#53 = DIRECTION('',(-0.,0.,1.));
#54 = DIRECTION('',(1.110223024625E-16,-1.,0.));
#55 = AXIS2_PLACEMENT_3D('',#56,#57,#58);
#56 = CARTESIAN_POINT('',(75.5,-111.5,1.65));
#57 = DIRECTION('',(0.,0.,1.));
#58 = DIRECTION('',(1.,0.,0.));
#59 = AXIS2_PLACEMENT_3D('',#60,#61,#62);
#60 = CARTESIAN_POINT('',(222.,-91.06,1.65));
#61 = DIRECTION('',(0.,-0.,1.));
#62 = DIRECTION('',(1.110223024625E-16,1.,0.));
#63 = AXIS2_PLACEMENT_3D('',#64,#65,#66);
#64 = CARTESIAN_POINT('',(188.92,-80.9,1.65));
#65 = DIRECTION('',(0.,0.,1.));
#66 = DIRECTION('',(1.,0.,0.));
#67 = AXIS2_PLACEMENT_3D('',#68,#69,#70);
#68 = CARTESIAN_POINT('',(220.,-144.480002,1.65));
#69 = DIRECTION('',(0.,0.,1.));
#70 = DIRECTION('',(1.,0.,0.));
#71 = AXIS2_PLACEMENT_3D('',#72,#73,#74);
#72 = CARTESIAN_POINT('',(226.,-75.9,1.65));
#73 = DIRECTION('',(0.,-0.,1.));
#74 = DIRECTION('',(1.110223024625E-16,1.,0.));
#75 = AXIS2_PLACEMENT_3D('',#76,#77,#78);
#76 = CARTESIAN_POINT('',(226.,-80.9,1.65));
#77 = DIRECTION('',(-0.,0.,1.));
#78 = DIRECTION('',(1.110223024625E-16,-1.,0.));
#79 = AXIS2_PLACEMENT_3D('',#80,#81,#82);
#80 = CARTESIAN_POINT('',(75.5,-119.5,1.65));
#81 = DIRECTION('',(0.,0.,1.));
#82 = DIRECTION('',(1.,0.,0.));
#83 = AXIS2_PLACEMENT_3D('',#84,#85,#86);
#84 = CARTESIAN_POINT('',(222.5,-110.,1.65));
#85 = DIRECTION('',(0.,0.,1.));
#86 = DIRECTION('',(1.,0.,0.));
#87 = AXIS2_PLACEMENT_3D('',#88,#89,#90);
#88 = CARTESIAN_POINT('',(100.9175,-105.0625,1.65));
#89 = DIRECTION('',(0.,-0.,1.));
#90 = DIRECTION('',(1.110223024625E-16,1.,0.));
#91 = AXIS2_PLACEMENT_3D('',#92,#93,#94);
#92 = CARTESIAN_POINT('',(92.95,-104.9375,1.65));
#93 = DIRECTION('',(0.,-0.,1.));
#94 = DIRECTION('',(1.110223024625E-16,1.,0.));
#95 = AXIS2_PLACEMENT_3D('',#96,#97,#98);
#96 = CARTESIAN_POINT('',(95.5,-144.5,1.65));
#97 = DIRECTION('',(0.,0.,1.));
#98 = DIRECTION('',(1.,0.,0.));
#99 = AXIS2_PLACEMENT_3D('',#100,#101,#102);
#100 = CARTESIAN_POINT('',(226.,-95.,1.65));
#101 = DIRECTION('',(-0.,0.,1.));
#102 = DIRECTION('',(1.110223024625E-16,-1.,0.));
#103 = AXIS2_PLACEMENT_3D('',#104,#105,#106);
#104 = CARTESIAN_POINT('',(89.,-119.58,1.65));
#105 = DIRECTION('',(0.,-0.,1.));
#106 = DIRECTION('',(1.110223024625E-16,1.,0.));
#107 = AXIS2_PLACEMENT_3D('',#108,#109,#110);
#108 = CARTESIAN_POINT('',(75.5,-127.5,1.65));
#109 = DIRECTION('',(0.,0.,1.));
#110 = DIRECTION('',(1.,0.,0.));
#111 = AXIS2_PLACEMENT_3D('',#112,#113,#114);
#112 = CARTESIAN_POINT('',(0.,0.,0.));
#113 = DIRECTION('',(0.,0.,1.));
#114 = DIRECTION('',(1.,0.,-0.));
#115 = ( GEOMETRIC_REPRESENTATION_CONTEXT(3) 
GLOBAL_UNCERTAINTY_ASSIGNED_CONTEXT((#119)) GLOBAL_UNIT_ASSIGNED_CONTEXT
((#116,#117,#118)) REPRESENTATION_CONTEXT('Context #1',
  '3D Context with UNIT and UNCERTAINTY') );
#116 = ( LENGTH_UNIT() NAMED_UNIT(*) SI_UNIT(.MILLI.,.METRE.) );
#117 = ( NAMED_UNIT(*) PLANE_ANGLE_UNIT() SI_UNIT($,.RADIAN.) );
#118 = ( NAMED_UNIT(*) SI_UNIT($,.STERADIAN.) SOLID_ANGLE_UNIT() );
#119 = UNCERTAINTY_MEASURE_WITH_UNIT(LENGTH_MEASURE(1.E-05),#116,
  'distance_accuracy_value','confusion accuracy');
#120 = PRODUCT_RELATED_PRODUCT_CATEGORY('part',$,(#7));
#121 = SHAPE_DEFINITION_REPRESENTATION(#122,#128);
#122 = PRODUCT_DEFINITION_SHAPE('','',#123);
#123 = PRODUCT_DEFINITION('design','',#124,#127);
#124 = PRODUCT_DEFINITION_FORMATION('','',#125);
#125 = PRODUCT('PinHeader_1x01_P2.54mm_Vertical',
  'PinHeader_1x01_P2.54mm_Vertical','',(#126));
#126 = PRODUCT_CONTEXT('',#2,'mechanical');
#127 = PRODUCT_DEFINITION_CONTEXT('part definition',#2,'design');
#128 = SHAPE_REPRESENTATION('',(#11,#129),#133);
#129 = AXIS2_PLACEMENT_3D('',#130,#131,#132);
#130 = CARTESIAN_POINT('',(0.,0.,0.));
#131 = DIRECTION('',(0.,0.,1.));
#132 = DIRECTION('',(1.,0.,-0.));
#133 = ( GEOMETRIC_REPRESENTATION_CONTEXT(3) 
GLOBAL_UNCERTAINTY_ASSIGNED_CONTEXT((#137)) GLOBAL_UNIT_ASSIGNED_CONTEXT
((#134,#135,#136)) REPRESENTATION_CONTEXT('Context #1',
  '3D Context with UNIT and UNCERTAINTY') );
#134 = ( LENGTH_UNIT() NAMED_UNIT(*) SI_UNIT(.MILLI.,.METRE.) );
#135 = ( NAMED_UNIT(*) PLANE_ANGLE_UNIT() SI_UNIT($,.RADIAN.) );
#136 = ( NAMED_UNIT(*) SI_UNIT($,.STERADIAN.) SOLID_ANGLE_UNIT() );
#137 = UNCERTAINTY_MEASURE_WITH_UNIT(LENGTH_MEASURE(1.E-07),#134,
  'distance_accuracy_value','confusion accuracy');
#138 = CONTEXT_DEPENDENT_SHAPE_REPRESENTATION(#139,#141);
#139 = ( REPRESENTATION_RELATIONSHIP('','',#128,#10) 
REPRESENTATION_RELATIONSHIP_WITH_TRANSFORMATION(#140) 
SHAPE_REPRESENTATION_RELATIONSHIP() );
#140 = ITEM_DEFINED_TRANSFORMATION('','',#11,#15);
#141 = PRODUCT_DEFINITION_SHAPE('Placement','Placement of an item',#142
  );
#142 = NEXT_ASSEMBLY_USAGE_OCCURRENCE('2','SIGCH1','',#5,#123,$);
#143 = PRODUCT_RELATED_PRODUCT_CATEGORY('part',$,(#125));
#144 = SHAPE_DEFINITION_REPRESENTATION(#145,#151);
#145 = PRODUCT_DEFINITION_SHAPE('','',#146);
#146 = PRODUCT_DEFINITION('design','',#147,#150);
#147 = PRODUCT_DEFINITION_FORMATION('','',#148);
#148 = PRODUCT('PinHeader_1x01_P254mm_Vertical',
  'PinHeader_1x01_P254mm_Vertical','',(#149));
#149 = PRODUCT_CONTEXT('',#2,'mechanical');
#150 = PRODUCT_DEFINITION_CONTEXT('part definition',#2,'design');
#151 = ADVANCED_BREP_SHAPE_REPRESENTATION('',(#11,#152),#910);
#152 = MANIFOLD_SOLID_BREP('',#153);
#153 = CLOSED_SHELL('',(#154,#194,#225,#256,#339,#422,#439,#456,#473,
    #490,#502,#533,#557,#581,#598,#629,#653,#677,#694,#725,#749,#773,
    #790,#821,#845,#869,#886,#898));
#154 = ADVANCED_FACE('',(#155),#189,.F.);
#155 = FACE_BOUND('',#156,.F.);
#156 = EDGE_LOOP('',(#157,#167,#175,#183));
#157 = ORIENTED_EDGE('',*,*,#158,.T.);
#158 = EDGE_CURVE('',#159,#161,#163,.T.);
#159 = VERTEX_POINT('',#160);
#160 = CARTESIAN_POINT('',(-1.016,1.27,0.));
#161 = VERTEX_POINT('',#162);
#162 = CARTESIAN_POINT('',(-1.016,1.27,2.54));
#163 = LINE('',#164,#165);
#164 = CARTESIAN_POINT('',(-1.016,1.27,0.));
#165 = VECTOR('',#166,1.);
#166 = DIRECTION('',(0.,0.,1.));
#167 = ORIENTED_EDGE('',*,*,#168,.T.);
#168 = EDGE_CURVE('',#161,#169,#171,.T.);
#169 = VERTEX_POINT('',#170);
#170 = CARTESIAN_POINT('',(-1.27,1.016,2.54));
#171 = LINE('',#172,#173);
#172 = CARTESIAN_POINT('',(-1.016,1.27,2.54));
#173 = VECTOR('',#174,1.);
#174 = DIRECTION('',(-0.707106781187,-0.707106781187,0.));
#175 = ORIENTED_EDGE('',*,*,#176,.F.);
#176 = EDGE_CURVE('',#177,#169,#179,.T.);
#177 = VERTEX_POINT('',#178);
#178 = CARTESIAN_POINT('',(-1.27,1.016,0.));
#179 = LINE('',#180,#181);
#180 = CARTESIAN_POINT('',(-1.27,1.016,0.));
#181 = VECTOR('',#182,1.);
#182 = DIRECTION('',(0.,0.,1.));
#183 = ORIENTED_EDGE('',*,*,#184,.F.);
#184 = EDGE_CURVE('',#159,#177,#185,.T.);
#185 = LINE('',#186,#187);
#186 = CARTESIAN_POINT('',(-1.016,1.27,0.));
#187 = VECTOR('',#188,1.);
#188 = DIRECTION('',(-0.707106781187,-0.707106781187,0.));
#189 = PLANE('',#190);
#190 = AXIS2_PLACEMENT_3D('',#191,#192,#193);
#191 = CARTESIAN_POINT('',(-1.016,1.27,0.));
#192 = DIRECTION('',(0.707106781187,-0.707106781187,0.));
#193 = DIRECTION('',(-0.707106781187,-0.707106781187,0.));
#194 = ADVANCED_FACE('',(#195),#220,.F.);
#195 = FACE_BOUND('',#196,.F.);
#196 = EDGE_LOOP('',(#197,#207,#213,#214));
#197 = ORIENTED_EDGE('',*,*,#198,.T.);
#198 = EDGE_CURVE('',#199,#201,#203,.T.);
#199 = VERTEX_POINT('',#200);
#200 = CARTESIAN_POINT('',(1.016,1.27,0.));
#201 = VERTEX_POINT('',#202);
#202 = CARTESIAN_POINT('',(1.016,1.27,2.54));
#203 = LINE('',#204,#205);
#204 = CARTESIAN_POINT('',(1.016,1.27,0.));
#205 = VECTOR('',#206,1.);
#206 = DIRECTION('',(0.,0.,1.));
#207 = ORIENTED_EDGE('',*,*,#208,.T.);
#208 = EDGE_CURVE('',#201,#161,#209,.T.);
#209 = LINE('',#210,#211);
#210 = CARTESIAN_POINT('',(1.016,1.27,2.54));
#211 = VECTOR('',#212,1.);
#212 = DIRECTION('',(-1.,0.,0.));
#213 = ORIENTED_EDGE('',*,*,#158,.F.);
#214 = ORIENTED_EDGE('',*,*,#215,.F.);
#215 = EDGE_CURVE('',#199,#159,#216,.T.);
#216 = LINE('',#217,#218);
#217 = CARTESIAN_POINT('',(1.016,1.27,0.));
#218 = VECTOR('',#219,1.);
#219 = DIRECTION('',(-1.,0.,0.));
#220 = PLANE('',#221);
#221 = AXIS2_PLACEMENT_3D('',#222,#223,#224);
#222 = CARTESIAN_POINT('',(1.016,1.27,0.));
#223 = DIRECTION('',(0.,-1.,0.));
#224 = DIRECTION('',(-1.,0.,0.));
#225 = ADVANCED_FACE('',(#226),#251,.F.);
#226 = FACE_BOUND('',#227,.F.);
#227 = EDGE_LOOP('',(#228,#229,#237,#245));
#228 = ORIENTED_EDGE('',*,*,#176,.T.);
#229 = ORIENTED_EDGE('',*,*,#230,.T.);
#230 = EDGE_CURVE('',#169,#231,#233,.T.);
#231 = VERTEX_POINT('',#232);
#232 = CARTESIAN_POINT('',(-1.27,-1.016,2.54));
#233 = LINE('',#234,#235);
#234 = CARTESIAN_POINT('',(-1.27,1.016,2.54));
#235 = VECTOR('',#236,1.);
#236 = DIRECTION('',(0.,-1.,0.));
#237 = ORIENTED_EDGE('',*,*,#238,.F.);
#238 = EDGE_CURVE('',#239,#231,#241,.T.);
#239 = VERTEX_POINT('',#240);
#240 = CARTESIAN_POINT('',(-1.27,-1.016,0.));
#241 = LINE('',#242,#243);
#242 = CARTESIAN_POINT('',(-1.27,-1.016,0.));
#243 = VECTOR('',#244,1.);
#244 = DIRECTION('',(0.,0.,1.));
#245 = ORIENTED_EDGE('',*,*,#246,.F.);
#246 = EDGE_CURVE('',#177,#239,#247,.T.);
#247 = LINE('',#248,#249);
#248 = CARTESIAN_POINT('',(-1.27,1.016,0.));
#249 = VECTOR('',#250,1.);
#250 = DIRECTION('',(0.,-1.,0.));
#251 = PLANE('',#252);
#252 = AXIS2_PLACEMENT_3D('',#253,#254,#255);
#253 = CARTESIAN_POINT('',(-1.27,1.016,0.));
#254 = DIRECTION('',(1.,0.,0.));
#255 = DIRECTION('',(0.,-1.,0.));
#256 = ADVANCED_FACE('',(#257,#300),#334,.F.);
#257 = FACE_BOUND('',#258,.F.);
#258 = EDGE_LOOP('',(#259,#260,#261,#269,#277,#285,#293,#299));
#259 = ORIENTED_EDGE('',*,*,#184,.T.);
#260 = ORIENTED_EDGE('',*,*,#246,.T.);
#261 = ORIENTED_EDGE('',*,*,#262,.T.);
#262 = EDGE_CURVE('',#239,#263,#265,.T.);
#263 = VERTEX_POINT('',#264);
#264 = CARTESIAN_POINT('',(-1.016,-1.27,0.));
#265 = LINE('',#266,#267);
#266 = CARTESIAN_POINT('',(-1.27,-1.016,0.));
#267 = VECTOR('',#268,1.);
#268 = DIRECTION('',(0.707106781187,-0.707106781187,0.));
#269 = ORIENTED_EDGE('',*,*,#270,.T.);
#270 = EDGE_CURVE('',#263,#271,#273,.T.);
#271 = VERTEX_POINT('',#272);
#272 = CARTESIAN_POINT('',(1.016,-1.27,0.));
#273 = LINE('',#274,#275);
#274 = CARTESIAN_POINT('',(-1.016,-1.27,0.));
#275 = VECTOR('',#276,1.);
#276 = DIRECTION('',(1.,0.,0.));
#277 = ORIENTED_EDGE('',*,*,#278,.T.);
#278 = EDGE_CURVE('',#271,#279,#281,.T.);
#279 = VERTEX_POINT('',#280);
#280 = CARTESIAN_POINT('',(1.27,-1.016,0.));
#281 = LINE('',#282,#283);
#282 = CARTESIAN_POINT('',(1.016,-1.27,0.));
#283 = VECTOR('',#284,1.);
#284 = DIRECTION('',(0.707106781187,0.707106781187,0.));
#285 = ORIENTED_EDGE('',*,*,#286,.T.);
#286 = EDGE_CURVE('',#279,#287,#289,.T.);
#287 = VERTEX_POINT('',#288);
#288 = CARTESIAN_POINT('',(1.27,1.016,0.));
#289 = LINE('',#290,#291);
#290 = CARTESIAN_POINT('',(1.27,-1.016,0.));
#291 = VECTOR('',#292,1.);
#292 = DIRECTION('',(0.,1.,0.));
#293 = ORIENTED_EDGE('',*,*,#294,.T.);
#294 = EDGE_CURVE('',#287,#199,#295,.T.);
#295 = LINE('',#296,#297);
#296 = CARTESIAN_POINT('',(1.27,1.016,0.));
#297 = VECTOR('',#298,1.);
#298 = DIRECTION('',(-0.707106781187,0.707106781187,0.));
#299 = ORIENTED_EDGE('',*,*,#215,.T.);
#300 = FACE_BOUND('',#301,.F.);
#301 = EDGE_LOOP('',(#302,#312,#320,#328));
#302 = ORIENTED_EDGE('',*,*,#303,.T.);
#303 = EDGE_CURVE('',#304,#306,#308,.T.);
#304 = VERTEX_POINT('',#305);
#305 = CARTESIAN_POINT('',(0.32,-0.32,0.));
#306 = VERTEX_POINT('',#307);
#307 = CARTESIAN_POINT('',(-0.32,-0.32,0.));
#308 = LINE('',#309,#310);
#309 = CARTESIAN_POINT('',(-0.16,-0.32,0.));
#310 = VECTOR('',#311,1.);
#311 = DIRECTION('',(-1.,0.,0.));
#312 = ORIENTED_EDGE('',*,*,#313,.T.);
#313 = EDGE_CURVE('',#306,#314,#316,.T.);
#314 = VERTEX_POINT('',#315);
#315 = CARTESIAN_POINT('',(-0.32,0.32,0.));
#316 = LINE('',#317,#318);
#317 = CARTESIAN_POINT('',(-0.32,-0.16,0.));
#318 = VECTOR('',#319,1.);
#319 = DIRECTION('',(0.,1.,0.));
#320 = ORIENTED_EDGE('',*,*,#321,.F.);
#321 = EDGE_CURVE('',#322,#314,#324,.T.);
#322 = VERTEX_POINT('',#323);
#323 = CARTESIAN_POINT('',(0.32,0.32,0.));
#324 = LINE('',#325,#326);
#325 = CARTESIAN_POINT('',(-0.16,0.32,0.));
#326 = VECTOR('',#327,1.);
#327 = DIRECTION('',(-1.,0.,0.));
#328 = ORIENTED_EDGE('',*,*,#329,.F.);
#329 = EDGE_CURVE('',#304,#322,#330,.T.);
#330 = LINE('',#331,#332);
#331 = CARTESIAN_POINT('',(0.32,-0.16,0.));
#332 = VECTOR('',#333,1.);
#333 = DIRECTION('',(0.,1.,0.));
#334 = PLANE('',#335);
#335 = AXIS2_PLACEMENT_3D('',#336,#337,#338);
#336 = CARTESIAN_POINT('',(2.321466769849E-17,4.642933539699E-17,0.));
#337 = DIRECTION('',(0.,0.,1.));
#338 = DIRECTION('',(1.,0.,-0.));
#339 = ADVANCED_FACE('',(#340,#383),#417,.T.);
#340 = FACE_BOUND('',#341,.T.);
#341 = EDGE_LOOP('',(#342,#343,#344,#352,#360,#368,#376,#382));
#342 = ORIENTED_EDGE('',*,*,#168,.T.);
#343 = ORIENTED_EDGE('',*,*,#230,.T.);
#344 = ORIENTED_EDGE('',*,*,#345,.T.);
#345 = EDGE_CURVE('',#231,#346,#348,.T.);
#346 = VERTEX_POINT('',#347);
#347 = CARTESIAN_POINT('',(-1.016,-1.27,2.54));
#348 = LINE('',#349,#350);
#349 = CARTESIAN_POINT('',(-1.27,-1.016,2.54));
#350 = VECTOR('',#351,1.);
#351 = DIRECTION('',(0.707106781187,-0.707106781187,0.));
#352 = ORIENTED_EDGE('',*,*,#353,.T.);
#353 = EDGE_CURVE('',#346,#354,#356,.T.);
#354 = VERTEX_POINT('',#355);
#355 = CARTESIAN_POINT('',(1.016,-1.27,2.54));
#356 = LINE('',#357,#358);
#357 = CARTESIAN_POINT('',(-1.016,-1.27,2.54));
#358 = VECTOR('',#359,1.);
#359 = DIRECTION('',(1.,0.,0.));
#360 = ORIENTED_EDGE('',*,*,#361,.T.);
#361 = EDGE_CURVE('',#354,#362,#364,.T.);
#362 = VERTEX_POINT('',#363);
#363 = CARTESIAN_POINT('',(1.27,-1.016,2.54));
#364 = LINE('',#365,#366);
#365 = CARTESIAN_POINT('',(1.016,-1.27,2.54));
#366 = VECTOR('',#367,1.);
#367 = DIRECTION('',(0.707106781187,0.707106781187,0.));
#368 = ORIENTED_EDGE('',*,*,#369,.T.);
#369 = EDGE_CURVE('',#362,#370,#372,.T.);
#370 = VERTEX_POINT('',#371);
#371 = CARTESIAN_POINT('',(1.27,1.016,2.54));
#372 = LINE('',#373,#374);
#373 = CARTESIAN_POINT('',(1.27,-1.016,2.54));
#374 = VECTOR('',#375,1.);
#375 = DIRECTION('',(0.,1.,0.));
#376 = ORIENTED_EDGE('',*,*,#377,.T.);
#377 = EDGE_CURVE('',#370,#201,#378,.T.);
#378 = LINE('',#379,#380);
#379 = CARTESIAN_POINT('',(1.27,1.016,2.54));
#380 = VECTOR('',#381,1.);
#381 = DIRECTION('',(-0.707106781187,0.707106781187,0.));
#382 = ORIENTED_EDGE('',*,*,#208,.T.);
#383 = FACE_BOUND('',#384,.T.);
#384 = EDGE_LOOP('',(#385,#395,#403,#411));
#385 = ORIENTED_EDGE('',*,*,#386,.T.);
#386 = EDGE_CURVE('',#387,#389,#391,.T.);
#387 = VERTEX_POINT('',#388);
#388 = CARTESIAN_POINT('',(0.32,-0.32,2.54));
#389 = VERTEX_POINT('',#390);
#390 = CARTESIAN_POINT('',(-0.32,-0.32,2.54));
#391 = LINE('',#392,#393);
#392 = CARTESIAN_POINT('',(-0.16,-0.32,2.54));
#393 = VECTOR('',#394,1.);
#394 = DIRECTION('',(-1.,0.,0.));
#395 = ORIENTED_EDGE('',*,*,#396,.T.);
#396 = EDGE_CURVE('',#389,#397,#399,.T.);
#397 = VERTEX_POINT('',#398);
#398 = CARTESIAN_POINT('',(-0.32,0.32,2.54));
#399 = LINE('',#400,#401);
#400 = CARTESIAN_POINT('',(-0.32,-0.16,2.54));
#401 = VECTOR('',#402,1.);
#402 = DIRECTION('',(0.,1.,0.));
#403 = ORIENTED_EDGE('',*,*,#404,.F.);
#404 = EDGE_CURVE('',#405,#397,#407,.T.);
#405 = VERTEX_POINT('',#406);
#406 = CARTESIAN_POINT('',(0.32,0.32,2.54));
#407 = LINE('',#408,#409);
#408 = CARTESIAN_POINT('',(-0.16,0.32,2.54));
#409 = VECTOR('',#410,1.);
#410 = DIRECTION('',(-1.,0.,0.));
#411 = ORIENTED_EDGE('',*,*,#412,.F.);
#412 = EDGE_CURVE('',#387,#405,#413,.T.);
#413 = LINE('',#414,#415);
#414 = CARTESIAN_POINT('',(0.32,-0.16,2.54));
#415 = VECTOR('',#416,1.);
#416 = DIRECTION('',(0.,1.,0.));
#417 = PLANE('',#418);
#418 = AXIS2_PLACEMENT_3D('',#419,#420,#421);
#419 = CARTESIAN_POINT('',(2.321466769849E-17,4.642933539699E-17,2.54));
#420 = DIRECTION('',(0.,0.,1.));
#421 = DIRECTION('',(1.,0.,-0.));
#422 = ADVANCED_FACE('',(#423),#434,.F.);
#423 = FACE_BOUND('',#424,.F.);
#424 = EDGE_LOOP('',(#425,#431,#432,#433));
#425 = ORIENTED_EDGE('',*,*,#426,.T.);
#426 = EDGE_CURVE('',#287,#370,#427,.T.);
#427 = LINE('',#428,#429);
#428 = CARTESIAN_POINT('',(1.27,1.016,0.));
#429 = VECTOR('',#430,1.);
#430 = DIRECTION('',(0.,0.,1.));
#431 = ORIENTED_EDGE('',*,*,#377,.T.);
#432 = ORIENTED_EDGE('',*,*,#198,.F.);
#433 = ORIENTED_EDGE('',*,*,#294,.F.);
#434 = PLANE('',#435);
#435 = AXIS2_PLACEMENT_3D('',#436,#437,#438);
#436 = CARTESIAN_POINT('',(1.27,1.016,0.));
#437 = DIRECTION('',(-0.707106781187,-0.707106781187,0.));
#438 = DIRECTION('',(-0.707106781187,0.707106781187,0.));
#439 = ADVANCED_FACE('',(#440),#451,.F.);
#440 = FACE_BOUND('',#441,.F.);
#441 = EDGE_LOOP('',(#442,#443,#444,#450));
#442 = ORIENTED_EDGE('',*,*,#238,.T.);
#443 = ORIENTED_EDGE('',*,*,#345,.T.);
#444 = ORIENTED_EDGE('',*,*,#445,.F.);
#445 = EDGE_CURVE('',#263,#346,#446,.T.);
#446 = LINE('',#447,#448);
#447 = CARTESIAN_POINT('',(-1.016,-1.27,0.));
#448 = VECTOR('',#449,1.);
#449 = DIRECTION('',(0.,0.,1.));
#450 = ORIENTED_EDGE('',*,*,#262,.F.);
#451 = PLANE('',#452);
#452 = AXIS2_PLACEMENT_3D('',#453,#454,#455);
#453 = CARTESIAN_POINT('',(-1.27,-1.016,0.));
#454 = DIRECTION('',(0.707106781187,0.707106781187,0.));
#455 = DIRECTION('',(0.707106781187,-0.707106781187,0.));
#456 = ADVANCED_FACE('',(#457),#468,.F.);
#457 = FACE_BOUND('',#458,.F.);
#458 = EDGE_LOOP('',(#459,#465,#466,#467));
#459 = ORIENTED_EDGE('',*,*,#460,.T.);
#460 = EDGE_CURVE('',#279,#362,#461,.T.);
#461 = LINE('',#462,#463);
#462 = CARTESIAN_POINT('',(1.27,-1.016,0.));
#463 = VECTOR('',#464,1.);
#464 = DIRECTION('',(0.,0.,1.));
#465 = ORIENTED_EDGE('',*,*,#369,.T.);
#466 = ORIENTED_EDGE('',*,*,#426,.F.);
#467 = ORIENTED_EDGE('',*,*,#286,.F.);
#468 = PLANE('',#469);
#469 = AXIS2_PLACEMENT_3D('',#470,#471,#472);
#470 = CARTESIAN_POINT('',(1.27,-1.016,0.));
#471 = DIRECTION('',(-1.,0.,0.));
#472 = DIRECTION('',(0.,1.,0.));
#473 = ADVANCED_FACE('',(#474),#485,.F.);
#474 = FACE_BOUND('',#475,.F.);
#475 = EDGE_LOOP('',(#476,#477,#478,#484));
#476 = ORIENTED_EDGE('',*,*,#445,.T.);
#477 = ORIENTED_EDGE('',*,*,#353,.T.);
#478 = ORIENTED_EDGE('',*,*,#479,.F.);
#479 = EDGE_CURVE('',#271,#354,#480,.T.);
#480 = LINE('',#481,#482);
#481 = CARTESIAN_POINT('',(1.016,-1.27,0.));
#482 = VECTOR('',#483,1.);
#483 = DIRECTION('',(0.,0.,1.));
#484 = ORIENTED_EDGE('',*,*,#270,.F.);
#485 = PLANE('',#486);
#486 = AXIS2_PLACEMENT_3D('',#487,#488,#489);
#487 = CARTESIAN_POINT('',(-1.016,-1.27,0.));
#488 = DIRECTION('',(0.,1.,0.));
#489 = DIRECTION('',(1.,0.,0.));
#490 = ADVANCED_FACE('',(#491),#497,.F.);
#491 = FACE_BOUND('',#492,.F.);
#492 = EDGE_LOOP('',(#493,#494,#495,#496));
#493 = ORIENTED_EDGE('',*,*,#479,.T.);
#494 = ORIENTED_EDGE('',*,*,#361,.T.);
#495 = ORIENTED_EDGE('',*,*,#460,.F.);
#496 = ORIENTED_EDGE('',*,*,#278,.F.);
#497 = PLANE('',#498);
#498 = AXIS2_PLACEMENT_3D('',#499,#500,#501);
#499 = CARTESIAN_POINT('',(1.016,-1.27,0.));
#500 = DIRECTION('',(-0.707106781187,0.707106781187,0.));
#501 = DIRECTION('',(0.707106781187,0.707106781187,0.));
#502 = ADVANCED_FACE('',(#503),#528,.F.);
#503 = FACE_BOUND('',#504,.F.);
#504 = EDGE_LOOP('',(#505,#513,#521,#527));
#505 = ORIENTED_EDGE('',*,*,#506,.F.);
#506 = EDGE_CURVE('',#507,#304,#509,.T.);
#507 = VERTEX_POINT('',#508);
#508 = CARTESIAN_POINT('',(0.32,-0.32,-2.84));
#509 = LINE('',#510,#511);
#510 = CARTESIAN_POINT('',(0.32,-0.32,-3.));
#511 = VECTOR('',#512,1.);
#512 = DIRECTION('',(0.,0.,1.));
#513 = ORIENTED_EDGE('',*,*,#514,.F.);
#514 = EDGE_CURVE('',#515,#507,#517,.T.);
#515 = VERTEX_POINT('',#516);
#516 = CARTESIAN_POINT('',(-0.32,-0.32,-2.84));
#517 = LINE('',#518,#519);
#518 = CARTESIAN_POINT('',(-0.32,-0.32,-2.84));
#519 = VECTOR('',#520,1.);
#520 = DIRECTION('',(1.,0.,0.));
#521 = ORIENTED_EDGE('',*,*,#522,.T.);
#522 = EDGE_CURVE('',#515,#306,#523,.T.);
#523 = LINE('',#524,#525);
#524 = CARTESIAN_POINT('',(-0.32,-0.32,-3.));
#525 = VECTOR('',#526,1.);
#526 = DIRECTION('',(0.,0.,1.));
#527 = ORIENTED_EDGE('',*,*,#303,.F.);
#528 = PLANE('',#529);
#529 = AXIS2_PLACEMENT_3D('',#530,#531,#532);
#530 = CARTESIAN_POINT('',(-0.32,-0.32,-3.));
#531 = DIRECTION('',(0.,1.,0.));
#532 = DIRECTION('',(0.,-0.,1.));
#533 = ADVANCED_FACE('',(#534),#552,.T.);
#534 = FACE_BOUND('',#535,.T.);
#535 = EDGE_LOOP('',(#536,#537,#545,#551));
#536 = ORIENTED_EDGE('',*,*,#506,.F.);
#537 = ORIENTED_EDGE('',*,*,#538,.T.);
#538 = EDGE_CURVE('',#507,#539,#541,.T.);
#539 = VERTEX_POINT('',#540);
#540 = CARTESIAN_POINT('',(0.32,0.32,-2.84));
#541 = LINE('',#542,#543);
#542 = CARTESIAN_POINT('',(0.32,-0.32,-2.84));
#543 = VECTOR('',#544,1.);
#544 = DIRECTION('',(0.,1.,0.));
#545 = ORIENTED_EDGE('',*,*,#546,.T.);
#546 = EDGE_CURVE('',#539,#322,#547,.T.);
#547 = LINE('',#548,#549);
#548 = CARTESIAN_POINT('',(0.32,0.32,-3.));
#549 = VECTOR('',#550,1.);
#550 = DIRECTION('',(0.,0.,1.));
#551 = ORIENTED_EDGE('',*,*,#329,.F.);
#552 = PLANE('',#553);
#553 = AXIS2_PLACEMENT_3D('',#554,#555,#556);
#554 = CARTESIAN_POINT('',(0.32,-0.32,-3.));
#555 = DIRECTION('',(1.,0.,0.));
#556 = DIRECTION('',(0.,0.,1.));
#557 = ADVANCED_FACE('',(#558),#576,.T.);
#558 = FACE_BOUND('',#559,.T.);
#559 = EDGE_LOOP('',(#560,#561,#569,#575));
#560 = ORIENTED_EDGE('',*,*,#546,.F.);
#561 = ORIENTED_EDGE('',*,*,#562,.F.);
#562 = EDGE_CURVE('',#563,#539,#565,.T.);
#563 = VERTEX_POINT('',#564);
#564 = CARTESIAN_POINT('',(-0.32,0.32,-2.84));
#565 = LINE('',#566,#567);
#566 = CARTESIAN_POINT('',(-0.32,0.32,-2.84));
#567 = VECTOR('',#568,1.);
#568 = DIRECTION('',(1.,0.,0.));
#569 = ORIENTED_EDGE('',*,*,#570,.T.);
#570 = EDGE_CURVE('',#563,#314,#571,.T.);
#571 = LINE('',#572,#573);
#572 = CARTESIAN_POINT('',(-0.32,0.32,-3.));
#573 = VECTOR('',#574,1.);
#574 = DIRECTION('',(0.,0.,1.));
#575 = ORIENTED_EDGE('',*,*,#321,.F.);
#576 = PLANE('',#577);
#577 = AXIS2_PLACEMENT_3D('',#578,#579,#580);
#578 = CARTESIAN_POINT('',(-0.32,0.32,-3.));
#579 = DIRECTION('',(0.,1.,0.));
#580 = DIRECTION('',(0.,-0.,1.));
#581 = ADVANCED_FACE('',(#582),#593,.F.);
#582 = FACE_BOUND('',#583,.F.);
#583 = EDGE_LOOP('',(#584,#585,#591,#592));
#584 = ORIENTED_EDGE('',*,*,#522,.F.);
#585 = ORIENTED_EDGE('',*,*,#586,.T.);
#586 = EDGE_CURVE('',#515,#563,#587,.T.);
#587 = LINE('',#588,#589);
#588 = CARTESIAN_POINT('',(-0.32,-0.32,-2.84));
#589 = VECTOR('',#590,1.);
#590 = DIRECTION('',(0.,1.,0.));
#591 = ORIENTED_EDGE('',*,*,#570,.T.);
#592 = ORIENTED_EDGE('',*,*,#313,.F.);
#593 = PLANE('',#594);
#594 = AXIS2_PLACEMENT_3D('',#595,#596,#597);
#595 = CARTESIAN_POINT('',(-0.32,-0.32,-3.));
#596 = DIRECTION('',(1.,0.,0.));
#597 = DIRECTION('',(0.,0.,1.));
#598 = ADVANCED_FACE('',(#599),#624,.F.);
#599 = FACE_BOUND('',#600,.F.);
#600 = EDGE_LOOP('',(#601,#609,#610,#618));
#601 = ORIENTED_EDGE('',*,*,#602,.F.);
#602 = EDGE_CURVE('',#387,#603,#605,.T.);
#603 = VERTEX_POINT('',#604);
#604 = CARTESIAN_POINT('',(0.32,-0.32,8.38));
#605 = LINE('',#606,#607);
#606 = CARTESIAN_POINT('',(0.32,-0.32,-3.));
#607 = VECTOR('',#608,1.);
#608 = DIRECTION('',(0.,0.,1.));
#609 = ORIENTED_EDGE('',*,*,#386,.T.);
#610 = ORIENTED_EDGE('',*,*,#611,.T.);
#611 = EDGE_CURVE('',#389,#612,#614,.T.);
#612 = VERTEX_POINT('',#613);
#613 = CARTESIAN_POINT('',(-0.32,-0.32,8.38));
#614 = LINE('',#615,#616);
#615 = CARTESIAN_POINT('',(-0.32,-0.32,-3.));
#616 = VECTOR('',#617,1.);
#617 = DIRECTION('',(0.,0.,1.));
#618 = ORIENTED_EDGE('',*,*,#619,.T.);
#619 = EDGE_CURVE('',#612,#603,#620,.T.);
#620 = LINE('',#621,#622);
#621 = CARTESIAN_POINT('',(-0.32,-0.32,8.38));
#622 = VECTOR('',#623,1.);
#623 = DIRECTION('',(1.,0.,0.));
#624 = PLANE('',#625);
#625 = AXIS2_PLACEMENT_3D('',#626,#627,#628);
#626 = CARTESIAN_POINT('',(-0.32,-0.32,-3.));
#627 = DIRECTION('',(0.,1.,0.));
#628 = DIRECTION('',(0.,-0.,1.));
#629 = ADVANCED_FACE('',(#630),#648,.T.);
#630 = FACE_BOUND('',#631,.T.);
#631 = EDGE_LOOP('',(#632,#633,#634,#642));
#632 = ORIENTED_EDGE('',*,*,#602,.F.);
#633 = ORIENTED_EDGE('',*,*,#412,.T.);
#634 = ORIENTED_EDGE('',*,*,#635,.T.);
#635 = EDGE_CURVE('',#405,#636,#638,.T.);
#636 = VERTEX_POINT('',#637);
#637 = CARTESIAN_POINT('',(0.32,0.32,8.38));
#638 = LINE('',#639,#640);
#639 = CARTESIAN_POINT('',(0.32,0.32,-3.));
#640 = VECTOR('',#641,1.);
#641 = DIRECTION('',(0.,0.,1.));
#642 = ORIENTED_EDGE('',*,*,#643,.F.);
#643 = EDGE_CURVE('',#603,#636,#644,.T.);
#644 = LINE('',#645,#646);
#645 = CARTESIAN_POINT('',(0.32,-0.32,8.38));
#646 = VECTOR('',#647,1.);
#647 = DIRECTION('',(0.,1.,0.));
#648 = PLANE('',#649);
#649 = AXIS2_PLACEMENT_3D('',#650,#651,#652);
#650 = CARTESIAN_POINT('',(0.32,-0.32,-3.));
#651 = DIRECTION('',(1.,0.,0.));
#652 = DIRECTION('',(0.,0.,1.));
#653 = ADVANCED_FACE('',(#654),#672,.T.);
#654 = FACE_BOUND('',#655,.T.);
#655 = EDGE_LOOP('',(#656,#657,#658,#666));
#656 = ORIENTED_EDGE('',*,*,#635,.F.);
#657 = ORIENTED_EDGE('',*,*,#404,.T.);
#658 = ORIENTED_EDGE('',*,*,#659,.T.);
#659 = EDGE_CURVE('',#397,#660,#662,.T.);
#660 = VERTEX_POINT('',#661);
#661 = CARTESIAN_POINT('',(-0.32,0.32,8.38));
#662 = LINE('',#663,#664);
#663 = CARTESIAN_POINT('',(-0.32,0.32,-3.));
#664 = VECTOR('',#665,1.);
#665 = DIRECTION('',(0.,0.,1.));
#666 = ORIENTED_EDGE('',*,*,#667,.T.);
#667 = EDGE_CURVE('',#660,#636,#668,.T.);
#668 = LINE('',#669,#670);
#669 = CARTESIAN_POINT('',(-0.32,0.32,8.38));
#670 = VECTOR('',#671,1.);
#671 = DIRECTION('',(1.,0.,0.));
#672 = PLANE('',#673);
#673 = AXIS2_PLACEMENT_3D('',#674,#675,#676);
#674 = CARTESIAN_POINT('',(-0.32,0.32,-3.));
#675 = DIRECTION('',(0.,1.,0.));
#676 = DIRECTION('',(0.,-0.,1.));
#677 = ADVANCED_FACE('',(#678),#689,.F.);
#678 = FACE_BOUND('',#679,.F.);
#679 = EDGE_LOOP('',(#680,#681,#682,#683));
#680 = ORIENTED_EDGE('',*,*,#611,.F.);
#681 = ORIENTED_EDGE('',*,*,#396,.T.);
#682 = ORIENTED_EDGE('',*,*,#659,.T.);
#683 = ORIENTED_EDGE('',*,*,#684,.F.);
#684 = EDGE_CURVE('',#612,#660,#685,.T.);
#685 = LINE('',#686,#687);
#686 = CARTESIAN_POINT('',(-0.32,-0.32,8.38));
#687 = VECTOR('',#688,1.);
#688 = DIRECTION('',(0.,1.,0.));
#689 = PLANE('',#690);
#690 = AXIS2_PLACEMENT_3D('',#691,#692,#693);
#691 = CARTESIAN_POINT('',(-0.32,-0.32,-3.));
#692 = DIRECTION('',(1.,0.,0.));
#693 = DIRECTION('',(0.,0.,1.));
#694 = ADVANCED_FACE('',(#695),#720,.T.);
#695 = FACE_BOUND('',#696,.F.);
#696 = EDGE_LOOP('',(#697,#705,#706,#714));
#697 = ORIENTED_EDGE('',*,*,#698,.F.);
#698 = EDGE_CURVE('',#515,#699,#701,.T.);
#699 = VERTEX_POINT('',#700);
#700 = CARTESIAN_POINT('',(-0.16,-0.16,-3.));
#701 = LINE('',#702,#703);
#702 = CARTESIAN_POINT('',(-0.266666666667,-0.266666666667,
    -2.893333333333));
#703 = VECTOR('',#704,1.);
#704 = DIRECTION('',(0.57735026919,0.57735026919,-0.57735026919));
#705 = ORIENTED_EDGE('',*,*,#514,.T.);
#706 = ORIENTED_EDGE('',*,*,#707,.T.);
#707 = EDGE_CURVE('',#507,#708,#710,.T.);
#708 = VERTEX_POINT('',#709);
#709 = CARTESIAN_POINT('',(0.16,-0.16,-3.));
#710 = LINE('',#711,#712);
#711 = CARTESIAN_POINT('',(0.16,-0.16,-3.));
#712 = VECTOR('',#713,1.);
#713 = DIRECTION('',(-0.57735026919,0.57735026919,-0.57735026919));
#714 = ORIENTED_EDGE('',*,*,#715,.F.);
#715 = EDGE_CURVE('',#699,#708,#716,.T.);
#716 = LINE('',#717,#718);
#717 = CARTESIAN_POINT('',(-0.32,-0.16,-3.));
#718 = VECTOR('',#719,1.);
#719 = DIRECTION('',(1.,0.,0.));
#720 = PLANE('',#721);
#721 = AXIS2_PLACEMENT_3D('',#722,#723,#724);
#722 = CARTESIAN_POINT('',(-0.32,-0.24,-2.92));
#723 = DIRECTION('',(1.735167508357E-18,-0.707106781187,-0.707106781187)
  );
#724 = DIRECTION('',(-1.,-1.226948711654E-18,-1.226948711654E-18));
#725 = ADVANCED_FACE('',(#726),#744,.F.);
#726 = FACE_BOUND('',#727,.F.);
#727 = EDGE_LOOP('',(#728,#729,#730,#738));
#728 = ORIENTED_EDGE('',*,*,#707,.F.);
#729 = ORIENTED_EDGE('',*,*,#538,.T.);
#730 = ORIENTED_EDGE('',*,*,#731,.T.);
#731 = EDGE_CURVE('',#539,#732,#734,.T.);
#732 = VERTEX_POINT('',#733);
#733 = CARTESIAN_POINT('',(0.16,0.16,-3.));
#734 = LINE('',#735,#736);
#735 = CARTESIAN_POINT('',(5.333333333333E-02,5.333333333333E-02,
    -3.106666666667));
#736 = VECTOR('',#737,1.);
#737 = DIRECTION('',(-0.57735026919,-0.57735026919,-0.57735026919));
#738 = ORIENTED_EDGE('',*,*,#739,.F.);
#739 = EDGE_CURVE('',#708,#732,#740,.T.);
#740 = LINE('',#741,#742);
#741 = CARTESIAN_POINT('',(0.16,-0.32,-3.));
#742 = VECTOR('',#743,1.);
#743 = DIRECTION('',(0.,1.,0.));
#744 = PLANE('',#745);
#745 = AXIS2_PLACEMENT_3D('',#746,#747,#748);
#746 = CARTESIAN_POINT('',(0.24,-0.32,-2.92));
#747 = DIRECTION('',(-0.707106781187,1.735167508357E-18,0.707106781187)
  );
#748 = DIRECTION('',(1.226948711654E-18,1.,-1.226948711654E-18));
#749 = ADVANCED_FACE('',(#750),#768,.F.);
#750 = FACE_BOUND('',#751,.T.);
#751 = EDGE_LOOP('',(#752,#760,#761,#762));
#752 = ORIENTED_EDGE('',*,*,#753,.F.);
#753 = EDGE_CURVE('',#563,#754,#756,.T.);
#754 = VERTEX_POINT('',#755);
#755 = CARTESIAN_POINT('',(-0.16,0.16,-3.));
#756 = LINE('',#757,#758);
#757 = CARTESIAN_POINT('',(-0.16,0.16,-3.));
#758 = VECTOR('',#759,1.);
#759 = DIRECTION('',(0.57735026919,-0.57735026919,-0.57735026919));
#760 = ORIENTED_EDGE('',*,*,#562,.T.);
#761 = ORIENTED_EDGE('',*,*,#731,.T.);
#762 = ORIENTED_EDGE('',*,*,#763,.F.);
#763 = EDGE_CURVE('',#754,#732,#764,.T.);
#764 = LINE('',#765,#766);
#765 = CARTESIAN_POINT('',(-0.32,0.16,-3.));
#766 = VECTOR('',#767,1.);
#767 = DIRECTION('',(1.,0.,0.));
#768 = PLANE('',#769);
#769 = AXIS2_PLACEMENT_3D('',#770,#771,#772);
#770 = CARTESIAN_POINT('',(-0.32,0.24,-2.92));
#771 = DIRECTION('',(-1.735167508357E-18,-0.707106781187,0.707106781187)
  );
#772 = DIRECTION('',(-1.,1.226948711654E-18,-1.226948711654E-18));
#773 = ADVANCED_FACE('',(#774),#785,.T.);
#774 = FACE_BOUND('',#775,.T.);
#775 = EDGE_LOOP('',(#776,#777,#778,#779));
#776 = ORIENTED_EDGE('',*,*,#698,.F.);
#777 = ORIENTED_EDGE('',*,*,#586,.T.);
#778 = ORIENTED_EDGE('',*,*,#753,.T.);
#779 = ORIENTED_EDGE('',*,*,#780,.F.);
#780 = EDGE_CURVE('',#699,#754,#781,.T.);
#781 = LINE('',#782,#783);
#782 = CARTESIAN_POINT('',(-0.16,-0.32,-3.));
#783 = VECTOR('',#784,1.);
#784 = DIRECTION('',(0.,1.,0.));
#785 = PLANE('',#786);
#786 = AXIS2_PLACEMENT_3D('',#787,#788,#789);
#787 = CARTESIAN_POINT('',(-0.24,-0.32,-2.92));
#788 = DIRECTION('',(-0.707106781187,-1.735167508357E-18,-0.707106781187
    ));
#789 = DIRECTION('',(-1.226948711654E-18,1.,-1.226948711654E-18));
#790 = ADVANCED_FACE('',(#791),#816,.F.);
#791 = FACE_BOUND('',#792,.T.);
#792 = EDGE_LOOP('',(#793,#801,#802,#810));
#793 = ORIENTED_EDGE('',*,*,#794,.F.);
#794 = EDGE_CURVE('',#612,#795,#797,.T.);
#795 = VERTEX_POINT('',#796);
#796 = CARTESIAN_POINT('',(-0.16,-0.16,8.54));
#797 = LINE('',#798,#799);
#798 = CARTESIAN_POINT('',(-0.266666666667,-0.266666666667,
    8.433333333333));
#799 = VECTOR('',#800,1.);
#800 = DIRECTION('',(0.57735026919,0.57735026919,0.57735026919));
#801 = ORIENTED_EDGE('',*,*,#619,.T.);
#802 = ORIENTED_EDGE('',*,*,#803,.T.);
#803 = EDGE_CURVE('',#603,#804,#806,.T.);
#804 = VERTEX_POINT('',#805);
#805 = CARTESIAN_POINT('',(0.16,-0.16,8.54));
#806 = LINE('',#807,#808);
#807 = CARTESIAN_POINT('',(0.16,-0.16,8.54));
#808 = VECTOR('',#809,1.);
#809 = DIRECTION('',(-0.57735026919,0.57735026919,0.57735026919));
#810 = ORIENTED_EDGE('',*,*,#811,.F.);
#811 = EDGE_CURVE('',#795,#804,#812,.T.);
#812 = LINE('',#813,#814);
#813 = CARTESIAN_POINT('',(-0.32,-0.16,8.54));
#814 = VECTOR('',#815,1.);
#815 = DIRECTION('',(1.,0.,0.));
#816 = PLANE('',#817);
#817 = AXIS2_PLACEMENT_3D('',#818,#819,#820);
#818 = CARTESIAN_POINT('',(-0.32,-0.24,8.46));
#819 = DIRECTION('',(-1.735167508357E-18,0.707106781187,-0.707106781187)
  );
#820 = DIRECTION('',(-1.,-1.226948711654E-18,1.226948711654E-18));
#821 = ADVANCED_FACE('',(#822),#840,.T.);
#822 = FACE_BOUND('',#823,.T.);
#823 = EDGE_LOOP('',(#824,#825,#826,#834));
#824 = ORIENTED_EDGE('',*,*,#803,.F.);
#825 = ORIENTED_EDGE('',*,*,#643,.T.);
#826 = ORIENTED_EDGE('',*,*,#827,.T.);
#827 = EDGE_CURVE('',#636,#828,#830,.T.);
#828 = VERTEX_POINT('',#829);
#829 = CARTESIAN_POINT('',(0.16,0.16,8.54));
#830 = LINE('',#831,#832);
#831 = CARTESIAN_POINT('',(5.333333333333E-02,5.333333333333E-02,
    8.646666666667));
#832 = VECTOR('',#833,1.);
#833 = DIRECTION('',(-0.57735026919,-0.57735026919,0.57735026919));
#834 = ORIENTED_EDGE('',*,*,#835,.F.);
#835 = EDGE_CURVE('',#804,#828,#836,.T.);
#836 = LINE('',#837,#838);
#837 = CARTESIAN_POINT('',(0.16,-0.32,8.54));
#838 = VECTOR('',#839,1.);
#839 = DIRECTION('',(0.,1.,0.));
#840 = PLANE('',#841);
#841 = AXIS2_PLACEMENT_3D('',#842,#843,#844);
#842 = CARTESIAN_POINT('',(0.24,-0.32,8.46));
#843 = DIRECTION('',(0.707106781187,-1.735167508357E-18,0.707106781187)
  );
#844 = DIRECTION('',(1.226948711654E-18,1.,1.226948711654E-18));
#845 = ADVANCED_FACE('',(#846),#864,.T.);
#846 = FACE_BOUND('',#847,.F.);
#847 = EDGE_LOOP('',(#848,#856,#857,#858));
#848 = ORIENTED_EDGE('',*,*,#849,.F.);
#849 = EDGE_CURVE('',#660,#850,#852,.T.);
#850 = VERTEX_POINT('',#851);
#851 = CARTESIAN_POINT('',(-0.16,0.16,8.54));
#852 = LINE('',#853,#854);
#853 = CARTESIAN_POINT('',(-0.16,0.16,8.54));
#854 = VECTOR('',#855,1.);
#855 = DIRECTION('',(0.57735026919,-0.57735026919,0.57735026919));
#856 = ORIENTED_EDGE('',*,*,#667,.T.);
#857 = ORIENTED_EDGE('',*,*,#827,.T.);
#858 = ORIENTED_EDGE('',*,*,#859,.F.);
#859 = EDGE_CURVE('',#850,#828,#860,.T.);
#860 = LINE('',#861,#862);
#861 = CARTESIAN_POINT('',(-0.32,0.16,8.54));
#862 = VECTOR('',#863,1.);
#863 = DIRECTION('',(1.,0.,0.));
#864 = PLANE('',#865);
#865 = AXIS2_PLACEMENT_3D('',#866,#867,#868);
#866 = CARTESIAN_POINT('',(-0.32,0.24,8.46));
#867 = DIRECTION('',(1.735167508357E-18,0.707106781187,0.707106781187));
#868 = DIRECTION('',(-1.,1.226948711654E-18,1.226948711654E-18));
#869 = ADVANCED_FACE('',(#870),#881,.F.);
#870 = FACE_BOUND('',#871,.F.);
#871 = EDGE_LOOP('',(#872,#873,#874,#875));
#872 = ORIENTED_EDGE('',*,*,#794,.F.);
#873 = ORIENTED_EDGE('',*,*,#684,.T.);
#874 = ORIENTED_EDGE('',*,*,#849,.T.);
#875 = ORIENTED_EDGE('',*,*,#876,.F.);
#876 = EDGE_CURVE('',#795,#850,#877,.T.);
#877 = LINE('',#878,#879);
#878 = CARTESIAN_POINT('',(-0.16,-0.32,8.54));
#879 = VECTOR('',#880,1.);
#880 = DIRECTION('',(0.,1.,0.));
#881 = PLANE('',#882);
#882 = AXIS2_PLACEMENT_3D('',#883,#884,#885);
#883 = CARTESIAN_POINT('',(-0.24,-0.32,8.46));
#884 = DIRECTION('',(0.707106781187,1.735167508357E-18,-0.707106781187)
  );
#885 = DIRECTION('',(-1.226948711654E-18,1.,1.226948711654E-18));
#886 = ADVANCED_FACE('',(#887),#893,.F.);
#887 = FACE_BOUND('',#888,.F.);
#888 = EDGE_LOOP('',(#889,#890,#891,#892));
#889 = ORIENTED_EDGE('',*,*,#763,.F.);
#890 = ORIENTED_EDGE('',*,*,#780,.F.);
#891 = ORIENTED_EDGE('',*,*,#715,.T.);
#892 = ORIENTED_EDGE('',*,*,#739,.T.);
#893 = PLANE('',#894);
#894 = AXIS2_PLACEMENT_3D('',#895,#896,#897);
#895 = CARTESIAN_POINT('',(-0.32,-0.32,-3.));
#896 = DIRECTION('',(0.,0.,1.));
#897 = DIRECTION('',(1.,0.,-0.));
#898 = ADVANCED_FACE('',(#899),#905,.T.);
#899 = FACE_BOUND('',#900,.T.);
#900 = EDGE_LOOP('',(#901,#902,#903,#904));
#901 = ORIENTED_EDGE('',*,*,#835,.T.);
#902 = ORIENTED_EDGE('',*,*,#859,.F.);
#903 = ORIENTED_EDGE('',*,*,#876,.F.);
#904 = ORIENTED_EDGE('',*,*,#811,.T.);
#905 = PLANE('',#906);
#906 = AXIS2_PLACEMENT_3D('',#907,#908,#909);
#907 = CARTESIAN_POINT('',(-0.32,-0.32,8.54));
#908 = DIRECTION('',(0.,0.,1.));
#909 = DIRECTION('',(1.,0.,-0.));
#910 = ( GEOMETRIC_REPRESENTATION_CONTEXT(3) 
GLOBAL_UNCERTAINTY_ASSIGNED_CONTEXT((#914)) GLOBAL_UNIT_ASSIGNED_CONTEXT
((#911,#912,#913)) REPRESENTATION_CONTEXT('Context #1',
  '3D Context with UNIT and UNCERTAINTY') );
#911 = ( LENGTH_UNIT() NAMED_UNIT(*) SI_UNIT(.MILLI.,.METRE.) );
#912 = ( NAMED_UNIT(*) PLANE_ANGLE_UNIT() SI_UNIT($,.RADIAN.) );
#913 = ( NAMED_UNIT(*) SI_UNIT($,.STERADIAN.) SOLID_ANGLE_UNIT() );
#914 = UNCERTAINTY_MEASURE_WITH_UNIT(LENGTH_MEASURE(1.E-07),#911,
  'distance_accuracy_value','confusion accuracy');
#915 = CONTEXT_DEPENDENT_SHAPE_REPRESENTATION(#916,#918);
#916 = ( REPRESENTATION_RELATIONSHIP('','',#151,#128) 
REPRESENTATION_RELATIONSHIP_WITH_TRANSFORMATION(#917) 
SHAPE_REPRESENTATION_RELATIONSHIP() );
#917 = ITEM_DEFINED_TRANSFORMATION('','',#11,#129);
#918 = PRODUCT_DEFINITION_SHAPE('Placement','Placement of an item',#919
  );
#919 = NEXT_ASSEMBLY_USAGE_OCCURRENCE('1','=>[0:1:1:3]','',#123,#146,$);
#920 = PRODUCT_RELATED_PRODUCT_CATEGORY('part',$,(#148));
#921 = CONTEXT_DEPENDENT_SHAPE_REPRESENTATION(#922,#924);
#922 = ( REPRESENTATION_RELATIONSHIP('','',#128,#10) 
REPRESENTATION_RELATIONSHIP_WITH_TRANSFORMATION(#923) 
SHAPE_REPRESENTATION_RELATIONSHIP() );
#923 = ITEM_DEFINED_TRANSFORMATION('','',#11,#19);
#924 = PRODUCT_DEFINITION_SHAPE('Placement','Placement of an item',#925
  );
#925 = NEXT_ASSEMBLY_USAGE_OCCURRENCE('3','SIGOUT1','',#5,#123,$);
#926 = SHAPE_DEFINITION_REPRESENTATION(#927,#933);
#927 = PRODUCT_DEFINITION_SHAPE('','',#928);
#928 = PRODUCT_DEFINITION('design','',#929,#932);
#929 = PRODUCT_DEFINITION_FORMATION('','',#930);
#930 = PRODUCT('R_Axial_DIN0207_L6.3mm_D2.5mm_P10.16mm_Horizontal',
  'R_Axial_DIN0207_L6.3mm_D2.5mm_P10.16mm_Horizontal','',(#931));
#931 = PRODUCT_CONTEXT('',#2,'mechanical');
#932 = PRODUCT_DEFINITION_CONTEXT('part definition',#2,'design');
#933 = SHAPE_REPRESENTATION('',(#11,#934),#938);
#934 = AXIS2_PLACEMENT_3D('',#935,#936,#937);
#935 = CARTESIAN_POINT('',(0.,0.,0.));
#936 = DIRECTION('',(0.,0.,1.));
#937 = DIRECTION('',(1.,0.,-0.));
#938 = ( GEOMETRIC_REPRESENTATION_CONTEXT(3) 
GLOBAL_UNCERTAINTY_ASSIGNED_CONTEXT((#942)) GLOBAL_UNIT_ASSIGNED_CONTEXT
((#939,#940,#941)) REPRESENTATION_CONTEXT('Context #1',
  '3D Context with UNIT and UNCERTAINTY') );
#939 = ( LENGTH_UNIT() NAMED_UNIT(*) SI_UNIT(.MILLI.,.METRE.) );
#940 = ( NAMED_UNIT(*) PLANE_ANGLE_UNIT() SI_UNIT($,.RADIAN.) );
#941 = ( NAMED_UNIT(*) SI_UNIT($,.STERADIAN.) SOLID_ANGLE_UNIT() );
#942 = UNCERTAINTY_MEASURE_WITH_UNIT(LENGTH_MEASURE(1.E-07),#939,
  'distance_accuracy_value','confusion accuracy');
#943 = CONTEXT_DEPENDENT_SHAPE_REPRESENTATION(#944,#946);
#944 = ( REPRESENTATION_RELATIONSHIP('','',#933,#10) 
REPRESENTATION_RELATIONSHIP_WITH_TRANSFORMATION(#945) 
SHAPE_REPRESENTATION_RELATIONSHIP() );
#945 = ITEM_DEFINED_TRANSFORMATION('','',#11,#23);
#946 = PRODUCT_DEFINITION_SHAPE('Placement','Placement of an item',#947
  );
#947 = NEXT_ASSEMBLY_USAGE_OCCURRENCE('5','R5','',#5,#928,$);
#948 = PRODUCT_RELATED_PRODUCT_CATEGORY('part',$,(#930));
#949 = SHAPE_DEFINITION_REPRESENTATION(#950,#956);
#950 = PRODUCT_DEFINITION_SHAPE('','',#951);
#951 = PRODUCT_DEFINITION('design','',#952,#955);
#952 = PRODUCT_DEFINITION_FORMATION('','',#953);
#953 = PRODUCT('R_Axial_DIN0207_L63mm_D25mm_P1016mm_Horizontal',
  'R_Axial_DIN0207_L63mm_D25mm_P1016mm_Horizontal','',(#954));
#954 = PRODUCT_CONTEXT('',#2,'mechanical');
#955 = PRODUCT_DEFINITION_CONTEXT('part definition',#2,'design');
#956 = ADVANCED_BREP_SHAPE_REPRESENTATION('',(#11,#957),#1344);
#957 = MANIFOLD_SOLID_BREP('',#958);
#958 = CLOSED_SHELL('',(#959,#992,#1018,#1038,#1058,#1083,#1108,#1128,
    #1154,#1179,#1204,#1230,#1239,#1259,#1284,#1310,#1335));
#959 = ADVANCED_FACE('',(#960),#987,.T.);
#960 = FACE_BOUND('',#961,.T.);
#961 = EDGE_LOOP('',(#962,#971,#979,#986));
#962 = ORIENTED_EDGE('',*,*,#963,.T.);
#963 = EDGE_CURVE('',#964,#964,#966,.T.);
#964 = VERTEX_POINT('',#965);
#965 = CARTESIAN_POINT('',(2.555,1.25,1.25));
#966 = CIRCLE('',#967,1.25);
#967 = AXIS2_PLACEMENT_3D('',#968,#969,#970);
#968 = CARTESIAN_POINT('',(2.555,0.,1.25));
#969 = DIRECTION('',(1.,0.,0.));
#970 = DIRECTION('',(-0.,1.,0.));
#971 = ORIENTED_EDGE('',*,*,#972,.T.);
#972 = EDGE_CURVE('',#964,#973,#975,.T.);
#973 = VERTEX_POINT('',#974);
#974 = CARTESIAN_POINT('',(3.505,1.25,1.25));
#975 = LINE('',#976,#977);
#976 = CARTESIAN_POINT('',(1.93,1.25,1.25));
#977 = VECTOR('',#978,1.);
#978 = DIRECTION('',(1.,0.,0.));
#979 = ORIENTED_EDGE('',*,*,#980,.F.);
#980 = EDGE_CURVE('',#973,#973,#981,.T.);
#981 = CIRCLE('',#982,1.25);
#982 = AXIS2_PLACEMENT_3D('',#983,#984,#985);
#983 = CARTESIAN_POINT('',(3.505,0.,1.25));
#984 = DIRECTION('',(1.,0.,0.));
#985 = DIRECTION('',(-0.,1.,0.));
#986 = ORIENTED_EDGE('',*,*,#972,.F.);
#987 = CYLINDRICAL_SURFACE('',#988,1.25);
#988 = AXIS2_PLACEMENT_3D('',#989,#990,#991);
#989 = CARTESIAN_POINT('',(1.93,0.,1.25));
#990 = DIRECTION('',(-1.,-0.,-0.));
#991 = DIRECTION('',(0.,1.,0.));
#992 = ADVANCED_FACE('',(#993),#1013,.T.);
#993 = FACE_BOUND('',#994,.T.);
#994 = EDGE_LOOP('',(#995,#1004,#1011,#1012));
#995 = ORIENTED_EDGE('',*,*,#996,.T.);
#996 = EDGE_CURVE('',#997,#997,#999,.T.);
#997 = VERTEX_POINT('',#998);
#998 = CARTESIAN_POINT('',(1.93,0.625,1.25));
#999 = CIRCLE('',#1000,0.625);
#1000 = AXIS2_PLACEMENT_3D('',#1001,#1002,#1003);
#1001 = CARTESIAN_POINT('',(1.93,0.,1.25));
#1002 = DIRECTION('',(1.,0.,0.));
#1003 = DIRECTION('',(-0.,1.,0.));
#1004 = ORIENTED_EDGE('',*,*,#1005,.F.);
#1005 = EDGE_CURVE('',#964,#997,#1006,.T.);
#1006 = CIRCLE('',#1007,0.625);
#1007 = AXIS2_PLACEMENT_3D('',#1008,#1009,#1010);
#1008 = CARTESIAN_POINT('',(2.555,0.625,1.25));
#1009 = DIRECTION('',(0.,-0.,1.));
#1010 = DIRECTION('',(0.,1.,0.));
#1011 = ORIENTED_EDGE('',*,*,#963,.F.);
#1012 = ORIENTED_EDGE('',*,*,#1005,.T.);
#1013 = TOROIDAL_SURFACE('',#1014,0.625,0.625);
#1014 = AXIS2_PLACEMENT_3D('',#1015,#1016,#1017);
#1015 = CARTESIAN_POINT('',(2.555,0.,1.25));
#1016 = DIRECTION('',(-1.,0.,0.));
#1017 = DIRECTION('',(0.,1.,0.));
#1018 = ADVANCED_FACE('',(#1019,#1022),#1033,.F.);
#1019 = FACE_BOUND('',#1020,.F.);
#1020 = EDGE_LOOP('',(#1021));
#1021 = ORIENTED_EDGE('',*,*,#980,.F.);
#1022 = FACE_BOUND('',#1023,.F.);
#1023 = EDGE_LOOP('',(#1024));
#1024 = ORIENTED_EDGE('',*,*,#1025,.F.);
#1025 = EDGE_CURVE('',#1026,#1026,#1028,.T.);
#1026 = VERTEX_POINT('',#1027);
#1027 = CARTESIAN_POINT('',(3.505,1.125,1.25));
#1028 = CIRCLE('',#1029,1.125);
#1029 = AXIS2_PLACEMENT_3D('',#1030,#1031,#1032);
#1030 = CARTESIAN_POINT('',(3.505,0.,1.25));
#1031 = DIRECTION('',(-1.,0.,0.));
#1032 = DIRECTION('',(0.,1.,0.));
#1033 = PLANE('',#1034);
#1034 = AXIS2_PLACEMENT_3D('',#1035,#1036,#1037);
#1035 = CARTESIAN_POINT('',(3.505,1.25,1.25));
#1036 = DIRECTION('',(-1.,0.,0.));
#1037 = DIRECTION('',(0.,0.,-1.));
#1038 = ADVANCED_FACE('',(#1039,#1042),#1053,.T.);
#1039 = FACE_BOUND('',#1040,.T.);
#1040 = EDGE_LOOP('',(#1041));
#1041 = ORIENTED_EDGE('',*,*,#996,.F.);
#1042 = FACE_BOUND('',#1043,.T.);
#1043 = EDGE_LOOP('',(#1044));
#1044 = ORIENTED_EDGE('',*,*,#1045,.T.);
#1045 = EDGE_CURVE('',#1046,#1046,#1048,.T.);
#1046 = VERTEX_POINT('',#1047);
#1047 = CARTESIAN_POINT('',(1.93,0.,0.95));
#1048 = CIRCLE('',#1049,0.3);
#1049 = AXIS2_PLACEMENT_3D('',#1050,#1051,#1052);
#1050 = CARTESIAN_POINT('',(1.93,0.,1.25));
#1051 = DIRECTION('',(1.,-0.,0.));
#1052 = DIRECTION('',(0.,0.,-1.));
#1053 = PLANE('',#1054);
#1054 = AXIS2_PLACEMENT_3D('',#1055,#1056,#1057);
#1055 = CARTESIAN_POINT('',(1.93,1.25,1.25));
#1056 = DIRECTION('',(-1.,0.,0.));
#1057 = DIRECTION('',(0.,0.,-1.));
#1058 = ADVANCED_FACE('',(#1059),#1078,.T.);
#1059 = FACE_BOUND('',#1060,.T.);
#1060 = EDGE_LOOP('',(#1061,#1070,#1076,#1077));
#1061 = ORIENTED_EDGE('',*,*,#1062,.T.);
#1062 = EDGE_CURVE('',#1063,#1063,#1065,.T.);
#1063 = VERTEX_POINT('',#1064);
#1064 = CARTESIAN_POINT('',(6.655,1.125,1.25));
#1065 = CIRCLE('',#1066,1.125);
#1066 = AXIS2_PLACEMENT_3D('',#1067,#1068,#1069);
#1067 = CARTESIAN_POINT('',(6.655,0.,1.25));
#1068 = DIRECTION('',(-1.,0.,0.));
#1069 = DIRECTION('',(0.,1.,0.));
#1070 = ORIENTED_EDGE('',*,*,#1071,.F.);
#1071 = EDGE_CURVE('',#1026,#1063,#1072,.T.);
#1072 = LINE('',#1073,#1074);
#1073 = CARTESIAN_POINT('',(1.93,1.125,1.25));
#1074 = VECTOR('',#1075,1.);
#1075 = DIRECTION('',(1.,0.,0.));
#1076 = ORIENTED_EDGE('',*,*,#1025,.F.);
#1077 = ORIENTED_EDGE('',*,*,#1071,.T.);
#1078 = CYLINDRICAL_SURFACE('',#1079,1.125);
#1079 = AXIS2_PLACEMENT_3D('',#1080,#1081,#1082);
#1080 = CARTESIAN_POINT('',(1.93,0.,1.25));
#1081 = DIRECTION('',(-1.,-0.,-0.));
#1082 = DIRECTION('',(0.,1.,0.));
#1083 = ADVANCED_FACE('',(#1084),#1103,.T.);
#1084 = FACE_BOUND('',#1085,.T.);
#1085 = EDGE_LOOP('',(#1086,#1095,#1101,#1102));
#1086 = ORIENTED_EDGE('',*,*,#1087,.F.);
#1087 = EDGE_CURVE('',#1088,#1088,#1090,.T.);
#1088 = VERTEX_POINT('',#1089);
#1089 = CARTESIAN_POINT('',(0.9,0.,0.95));
#1090 = CIRCLE('',#1091,0.3);
#1091 = AXIS2_PLACEMENT_3D('',#1092,#1093,#1094);
#1092 = CARTESIAN_POINT('',(0.9,0.,1.25));
#1093 = DIRECTION('',(-1.,0.,-1.188909441847E-17));
#1094 = DIRECTION('',(-1.188909441847E-17,0.,1.));
#1095 = ORIENTED_EDGE('',*,*,#1096,.T.);
#1096 = EDGE_CURVE('',#1088,#1046,#1097,.T.);
#1097 = LINE('',#1098,#1099);
#1098 = CARTESIAN_POINT('',(0.9,0.,0.95));
#1099 = VECTOR('',#1100,1.);
#1100 = DIRECTION('',(1.,0.,0.));
#1101 = ORIENTED_EDGE('',*,*,#1045,.F.);
#1102 = ORIENTED_EDGE('',*,*,#1096,.F.);
#1103 = CYLINDRICAL_SURFACE('',#1104,0.3);
#1104 = AXIS2_PLACEMENT_3D('',#1105,#1106,#1107);
#1105 = CARTESIAN_POINT('',(0.9,0.,1.25));
#1106 = DIRECTION('',(1.,0.,0.));
#1107 = DIRECTION('',(0.,0.,-1.));
#1108 = ADVANCED_FACE('',(#1109,#1120),#1123,.T.);
#1109 = FACE_BOUND('',#1110,.T.);
#1110 = EDGE_LOOP('',(#1111));
#1111 = ORIENTED_EDGE('',*,*,#1112,.F.);
#1112 = EDGE_CURVE('',#1113,#1113,#1115,.T.);
#1113 = VERTEX_POINT('',#1114);
#1114 = CARTESIAN_POINT('',(6.655,1.25,1.25));
#1115 = CIRCLE('',#1116,1.25);
#1116 = AXIS2_PLACEMENT_3D('',#1117,#1118,#1119);
#1117 = CARTESIAN_POINT('',(6.655,0.,1.25));
#1118 = DIRECTION('',(1.,0.,0.));
#1119 = DIRECTION('',(-0.,1.,0.));
#1120 = FACE_BOUND('',#1121,.T.);
#1121 = EDGE_LOOP('',(#1122));
#1122 = ORIENTED_EDGE('',*,*,#1062,.F.);
#1123 = PLANE('',#1124);
#1124 = AXIS2_PLACEMENT_3D('',#1125,#1126,#1127);
#1125 = CARTESIAN_POINT('',(6.655,1.25,1.25));
#1126 = DIRECTION('',(-1.,0.,0.));
#1127 = DIRECTION('',(0.,0.,-1.));
#1128 = ADVANCED_FACE('',(#1129),#1149,.T.);
#1129 = FACE_BOUND('',#1130,.T.);
#1130 = EDGE_LOOP('',(#1131,#1140,#1141,#1142));
#1131 = ORIENTED_EDGE('',*,*,#1132,.T.);
#1132 = EDGE_CURVE('',#1133,#1088,#1135,.T.);
#1133 = VERTEX_POINT('',#1134);
#1134 = CARTESIAN_POINT('',(0.3,0.,0.35));
#1135 = CIRCLE('',#1136,0.6);
#1136 = AXIS2_PLACEMENT_3D('',#1137,#1138,#1139);
#1137 = CARTESIAN_POINT('',(0.9,1.102182119233E-16,0.35));
#1138 = DIRECTION('',(0.,1.,-0.));
#1139 = DIRECTION('',(-1.,0.,4.93432455389E-16));
#1140 = ORIENTED_EDGE('',*,*,#1087,.T.);
#1141 = ORIENTED_EDGE('',*,*,#1132,.F.);
#1142 = ORIENTED_EDGE('',*,*,#1143,.T.);
#1143 = EDGE_CURVE('',#1133,#1133,#1144,.T.);
#1144 = CIRCLE('',#1145,0.3);
#1145 = AXIS2_PLACEMENT_3D('',#1146,#1147,#1148);
#1146 = CARTESIAN_POINT('',(0.,0.,0.35));
#1147 = DIRECTION('',(0.,0.,1.));
#1148 = DIRECTION('',(1.,0.,-0.));
#1149 = TOROIDAL_SURFACE('',#1150,0.9,0.3);
#1150 = AXIS2_PLACEMENT_3D('',#1151,#1152,#1153);
#1151 = CARTESIAN_POINT('',(0.9,0.,0.35));
#1152 = DIRECTION('',(0.,1.,0.));
#1153 = DIRECTION('',(-1.,0.,4.93432455389E-16));
#1154 = ADVANCED_FACE('',(#1155),#1174,.T.);
#1155 = FACE_BOUND('',#1156,.T.);
#1156 = EDGE_LOOP('',(#1157,#1158,#1166,#1173));
#1157 = ORIENTED_EDGE('',*,*,#1112,.T.);
#1158 = ORIENTED_EDGE('',*,*,#1159,.T.);
#1159 = EDGE_CURVE('',#1113,#1160,#1162,.T.);
#1160 = VERTEX_POINT('',#1161);
#1161 = CARTESIAN_POINT('',(7.605,1.25,1.25));
#1162 = LINE('',#1163,#1164);
#1163 = CARTESIAN_POINT('',(6.655,1.25,1.25));
#1164 = VECTOR('',#1165,1.);
#1165 = DIRECTION('',(1.,0.,0.));
#1166 = ORIENTED_EDGE('',*,*,#1167,.F.);
#1167 = EDGE_CURVE('',#1160,#1160,#1168,.T.);
#1168 = CIRCLE('',#1169,1.25);
#1169 = AXIS2_PLACEMENT_3D('',#1170,#1171,#1172);
#1170 = CARTESIAN_POINT('',(7.605,0.,1.25));
#1171 = DIRECTION('',(1.,0.,0.));
#1172 = DIRECTION('',(-0.,1.,0.));
#1173 = ORIENTED_EDGE('',*,*,#1159,.F.);
#1174 = CYLINDRICAL_SURFACE('',#1175,1.25);
#1175 = AXIS2_PLACEMENT_3D('',#1176,#1177,#1178);
#1176 = CARTESIAN_POINT('',(6.655,0.,1.25));
#1177 = DIRECTION('',(-1.,-0.,-0.));
#1178 = DIRECTION('',(0.,1.,0.));
#1179 = ADVANCED_FACE('',(#1180),#1199,.T.);
#1180 = FACE_BOUND('',#1181,.T.);
#1181 = EDGE_LOOP('',(#1182,#1190,#1191,#1192));
#1182 = ORIENTED_EDGE('',*,*,#1183,.T.);
#1183 = EDGE_CURVE('',#1184,#1133,#1186,.T.);
#1184 = VERTEX_POINT('',#1185);
#1185 = CARTESIAN_POINT('',(0.3,-7.347880794884E-17,-3.));
#1186 = LINE('',#1187,#1188);
#1187 = CARTESIAN_POINT('',(0.3,0.,-3.));
#1188 = VECTOR('',#1189,1.);
#1189 = DIRECTION('',(0.,0.,1.));
#1190 = ORIENTED_EDGE('',*,*,#1143,.F.);
#1191 = ORIENTED_EDGE('',*,*,#1183,.F.);
#1192 = ORIENTED_EDGE('',*,*,#1193,.T.);
#1193 = EDGE_CURVE('',#1184,#1184,#1194,.T.);
#1194 = CIRCLE('',#1195,0.3);
#1195 = AXIS2_PLACEMENT_3D('',#1196,#1197,#1198);
#1196 = CARTESIAN_POINT('',(0.,0.,-3.));
#1197 = DIRECTION('',(0.,0.,1.));
#1198 = DIRECTION('',(1.,0.,-0.));
#1199 = CYLINDRICAL_SURFACE('',#1200,0.3);
#1200 = AXIS2_PLACEMENT_3D('',#1201,#1202,#1203);
#1201 = CARTESIAN_POINT('',(0.,0.,-3.));
#1202 = DIRECTION('',(0.,0.,1.));
#1203 = DIRECTION('',(1.,0.,-0.));
#1204 = ADVANCED_FACE('',(#1205),#1225,.T.);
#1205 = FACE_BOUND('',#1206,.T.);
#1206 = EDGE_LOOP('',(#1207,#1216,#1217,#1218));
#1207 = ORIENTED_EDGE('',*,*,#1208,.F.);
#1208 = EDGE_CURVE('',#1160,#1209,#1211,.T.);
#1209 = VERTEX_POINT('',#1210);
#1210 = CARTESIAN_POINT('',(8.23,0.625,1.25));
#1211 = CIRCLE('',#1212,0.625);
#1212 = AXIS2_PLACEMENT_3D('',#1213,#1214,#1215);
#1213 = CARTESIAN_POINT('',(7.605,0.625,1.25));
#1214 = DIRECTION('',(0.,0.,-1.));
#1215 = DIRECTION('',(0.,1.,0.));
#1216 = ORIENTED_EDGE('',*,*,#1167,.T.);
#1217 = ORIENTED_EDGE('',*,*,#1208,.T.);
#1218 = ORIENTED_EDGE('',*,*,#1219,.F.);
#1219 = EDGE_CURVE('',#1209,#1209,#1220,.T.);
#1220 = CIRCLE('',#1221,0.625);
#1221 = AXIS2_PLACEMENT_3D('',#1222,#1223,#1224);
#1222 = CARTESIAN_POINT('',(8.23,0.,1.25));
#1223 = DIRECTION('',(1.,0.,0.));
#1224 = DIRECTION('',(-0.,1.,0.));
#1225 = TOROIDAL_SURFACE('',#1226,0.625,0.625);
#1226 = AXIS2_PLACEMENT_3D('',#1227,#1228,#1229);
#1227 = CARTESIAN_POINT('',(7.605,0.,1.25));
#1228 = DIRECTION('',(1.,0.,0.));
#1229 = DIRECTION('',(-0.,1.,0.));
#1230 = ADVANCED_FACE('',(#1231),#1234,.T.);
#1231 = FACE_BOUND('',#1232,.F.);
#1232 = EDGE_LOOP('',(#1233));
#1233 = ORIENTED_EDGE('',*,*,#1193,.T.);
#1234 = PLANE('',#1235);
#1235 = AXIS2_PLACEMENT_3D('',#1236,#1237,#1238);
#1236 = CARTESIAN_POINT('',(0.3,0.,-3.));
#1237 = DIRECTION('',(0.,0.,-1.));
#1238 = DIRECTION('',(-1.,0.,0.));
#1239 = ADVANCED_FACE('',(#1240,#1243),#1254,.F.);
#1240 = FACE_BOUND('',#1241,.F.);
#1241 = EDGE_LOOP('',(#1242));
#1242 = ORIENTED_EDGE('',*,*,#1219,.F.);
#1243 = FACE_BOUND('',#1244,.F.);
#1244 = EDGE_LOOP('',(#1245));
#1245 = ORIENTED_EDGE('',*,*,#1246,.T.);
#1246 = EDGE_CURVE('',#1247,#1247,#1249,.T.);
#1247 = VERTEX_POINT('',#1248);
#1248 = CARTESIAN_POINT('',(8.23,0.,0.95));
#1249 = CIRCLE('',#1250,0.3);
#1250 = AXIS2_PLACEMENT_3D('',#1251,#1252,#1253);
#1251 = CARTESIAN_POINT('',(8.23,0.,1.25));
#1252 = DIRECTION('',(1.,-0.,0.));
#1253 = DIRECTION('',(0.,0.,-1.));
#1254 = PLANE('',#1255);
#1255 = AXIS2_PLACEMENT_3D('',#1256,#1257,#1258);
#1256 = CARTESIAN_POINT('',(8.23,1.25,1.25));
#1257 = DIRECTION('',(-1.,0.,0.));
#1258 = DIRECTION('',(0.,0.,-1.));
#1259 = ADVANCED_FACE('',(#1260),#1279,.T.);
#1260 = FACE_BOUND('',#1261,.T.);
#1261 = EDGE_LOOP('',(#1262,#1263,#1271,#1278));
#1262 = ORIENTED_EDGE('',*,*,#1246,.T.);
#1263 = ORIENTED_EDGE('',*,*,#1264,.T.);
#1264 = EDGE_CURVE('',#1247,#1265,#1267,.T.);
#1265 = VERTEX_POINT('',#1266);
#1266 = CARTESIAN_POINT('',(9.26,0.,0.95));
#1267 = LINE('',#1268,#1269);
#1268 = CARTESIAN_POINT('',(0.9,0.,0.95));
#1269 = VECTOR('',#1270,1.);
#1270 = DIRECTION('',(1.,0.,0.));
#1271 = ORIENTED_EDGE('',*,*,#1272,.F.);
#1272 = EDGE_CURVE('',#1265,#1265,#1273,.T.);
#1273 = CIRCLE('',#1274,0.3);
#1274 = AXIS2_PLACEMENT_3D('',#1275,#1276,#1277);
#1275 = CARTESIAN_POINT('',(9.26,0.,1.25));
#1276 = DIRECTION('',(1.,-0.,0.));
#1277 = DIRECTION('',(0.,0.,-1.));
#1278 = ORIENTED_EDGE('',*,*,#1264,.F.);
#1279 = CYLINDRICAL_SURFACE('',#1280,0.3);
#1280 = AXIS2_PLACEMENT_3D('',#1281,#1282,#1283);
#1281 = CARTESIAN_POINT('',(0.9,0.,1.25));
#1282 = DIRECTION('',(1.,0.,0.));
#1283 = DIRECTION('',(0.,0.,-1.));
#1284 = ADVANCED_FACE('',(#1285),#1305,.T.);
#1285 = FACE_BOUND('',#1286,.T.);
#1286 = EDGE_LOOP('',(#1287,#1296,#1303,#1304));
#1287 = ORIENTED_EDGE('',*,*,#1288,.T.);
#1288 = EDGE_CURVE('',#1265,#1289,#1291,.T.);
#1289 = VERTEX_POINT('',#1290);
#1290 = CARTESIAN_POINT('',(9.86,0.,0.35));
#1291 = CIRCLE('',#1292,0.6);
#1292 = AXIS2_PLACEMENT_3D('',#1293,#1294,#1295);
#1293 = CARTESIAN_POINT('',(9.26,1.102182119233E-16,0.35));
#1294 = DIRECTION('',(0.,1.,0.));
#1295 = DIRECTION('',(0.,-0.,1.));
#1296 = ORIENTED_EDGE('',*,*,#1297,.T.);
#1297 = EDGE_CURVE('',#1289,#1289,#1298,.T.);
#1298 = CIRCLE('',#1299,0.3);
#1299 = AXIS2_PLACEMENT_3D('',#1300,#1301,#1302);
#1300 = CARTESIAN_POINT('',(10.16,0.,0.35));
#1301 = DIRECTION('',(-5.053215498074E-16,0.,1.));
#1302 = DIRECTION('',(1.,0.,5.053215498074E-16));
#1303 = ORIENTED_EDGE('',*,*,#1288,.F.);
#1304 = ORIENTED_EDGE('',*,*,#1272,.T.);
#1305 = TOROIDAL_SURFACE('',#1306,0.9,0.3);
#1306 = AXIS2_PLACEMENT_3D('',#1307,#1308,#1309);
#1307 = CARTESIAN_POINT('',(9.26,0.,0.35));
#1308 = DIRECTION('',(0.,1.,0.));
#1309 = DIRECTION('',(0.,-0.,1.));
#1310 = ADVANCED_FACE('',(#1311),#1330,.T.);
#1311 = FACE_BOUND('',#1312,.T.);
#1312 = EDGE_LOOP('',(#1313,#1321,#1328,#1329));
#1313 = ORIENTED_EDGE('',*,*,#1314,.T.);
#1314 = EDGE_CURVE('',#1289,#1315,#1317,.T.);
#1315 = VERTEX_POINT('',#1316);
#1316 = CARTESIAN_POINT('',(9.86,-7.347880794884E-17,-3.));
#1317 = LINE('',#1318,#1319);
#1318 = CARTESIAN_POINT('',(9.86,0.,0.35));
#1319 = VECTOR('',#1320,1.);
#1320 = DIRECTION('',(0.,0.,-1.));
#1321 = ORIENTED_EDGE('',*,*,#1322,.F.);
#1322 = EDGE_CURVE('',#1315,#1315,#1323,.T.);
#1323 = CIRCLE('',#1324,0.3);
#1324 = AXIS2_PLACEMENT_3D('',#1325,#1326,#1327);
#1325 = CARTESIAN_POINT('',(10.16,0.,-3.));
#1326 = DIRECTION('',(0.,0.,-1.));
#1327 = DIRECTION('',(-1.,0.,0.));
#1328 = ORIENTED_EDGE('',*,*,#1314,.F.);
#1329 = ORIENTED_EDGE('',*,*,#1297,.F.);
#1330 = CYLINDRICAL_SURFACE('',#1331,0.3);
#1331 = AXIS2_PLACEMENT_3D('',#1332,#1333,#1334);
#1332 = CARTESIAN_POINT('',(10.16,0.,0.35));
#1333 = DIRECTION('',(0.,0.,-1.));
#1334 = DIRECTION('',(-1.,0.,0.));
#1335 = ADVANCED_FACE('',(#1336),#1339,.F.);
#1336 = FACE_BOUND('',#1337,.T.);
#1337 = EDGE_LOOP('',(#1338));
#1338 = ORIENTED_EDGE('',*,*,#1322,.T.);
#1339 = PLANE('',#1340);
#1340 = AXIS2_PLACEMENT_3D('',#1341,#1342,#1343);
#1341 = CARTESIAN_POINT('',(9.86,0.,-3.));
#1342 = DIRECTION('',(0.,0.,1.));
#1343 = DIRECTION('',(1.,0.,-0.));
#1344 = ( GEOMETRIC_REPRESENTATION_CONTEXT(3) 
GLOBAL_UNCERTAINTY_ASSIGNED_CONTEXT((#1348)) 
GLOBAL_UNIT_ASSIGNED_CONTEXT((#1345,#1346,#1347)) REPRESENTATION_CONTEXT
('Context #1','3D Context with UNIT and UNCERTAINTY') );
#1345 = ( LENGTH_UNIT() NAMED_UNIT(*) SI_UNIT(.MILLI.,.METRE.) );
#1346 = ( NAMED_UNIT(*) PLANE_ANGLE_UNIT() SI_UNIT($,.RADIAN.) );
#1347 = ( NAMED_UNIT(*) SI_UNIT($,.STERADIAN.) SOLID_ANGLE_UNIT() );
#1348 = UNCERTAINTY_MEASURE_WITH_UNIT(LENGTH_MEASURE(1.E-07),#1345,
  'distance_accuracy_value','confusion accuracy');
#1349 = CONTEXT_DEPENDENT_SHAPE_REPRESENTATION(#1350,#1352);
#1350 = ( REPRESENTATION_RELATIONSHIP('','',#956,#933) 
REPRESENTATION_RELATIONSHIP_WITH_TRANSFORMATION(#1351) 
SHAPE_REPRESENTATION_RELATIONSHIP() );
#1351 = ITEM_DEFINED_TRANSFORMATION('','',#11,#934);
#1352 = PRODUCT_DEFINITION_SHAPE('Placement','Placement of an item',
  #1353);
#1353 = NEXT_ASSEMBLY_USAGE_OCCURRENCE('4','=>[0:1:1:5]','',#928,#951,$
  );
#1354 = PRODUCT_RELATED_PRODUCT_CATEGORY('part',$,(#953));
#1355 = SHAPE_DEFINITION_REPRESENTATION(#1356,#1362);
#1356 = PRODUCT_DEFINITION_SHAPE('','',#1357);
#1357 = PRODUCT_DEFINITION('design','',#1358,#1361);
#1358 = PRODUCT_DEFINITION_FORMATION('','',#1359);
#1359 = PRODUCT('Jack_3.5mm_CUI_SJ1-3523N_Horizontal',
  'Jack_3.5mm_CUI_SJ1-3523N_Horizontal','',(#1360));
#1360 = PRODUCT_CONTEXT('',#2,'mechanical');
#1361 = PRODUCT_DEFINITION_CONTEXT('part definition',#2,'design');
#1362 = SHAPE_REPRESENTATION('',(#11,#1363),#1367);
#1363 = AXIS2_PLACEMENT_3D('',#1364,#1365,#1366);
#1364 = CARTESIAN_POINT('',(0.,0.,0.));
#1365 = DIRECTION('',(0.,0.,1.));
#1366 = DIRECTION('',(1.,0.,-0.));
#1367 = ( GEOMETRIC_REPRESENTATION_CONTEXT(3) 
GLOBAL_UNCERTAINTY_ASSIGNED_CONTEXT((#1371)) 
GLOBAL_UNIT_ASSIGNED_CONTEXT((#1368,#1369,#1370)) REPRESENTATION_CONTEXT
('Context #1','3D Context with UNIT and UNCERTAINTY') );
#1368 = ( LENGTH_UNIT() NAMED_UNIT(*) SI_UNIT(.MILLI.,.METRE.) );
#1369 = ( NAMED_UNIT(*) PLANE_ANGLE_UNIT() SI_UNIT($,.RADIAN.) );
#1370 = ( NAMED_UNIT(*) SI_UNIT($,.STERADIAN.) SOLID_ANGLE_UNIT() );
#1371 = UNCERTAINTY_MEASURE_WITH_UNIT(LENGTH_MEASURE(1.E-07),#1368,
  'distance_accuracy_value','confusion accuracy');
#1372 = CONTEXT_DEPENDENT_SHAPE_REPRESENTATION(#1373,#1375);
#1373 = ( REPRESENTATION_RELATIONSHIP('','',#1362,#10) 
REPRESENTATION_RELATIONSHIP_WITH_TRANSFORMATION(#1374) 
SHAPE_REPRESENTATION_RELATIONSHIP() );
#1374 = ITEM_DEFINED_TRANSFORMATION('','',#11,#27);
#1375 = PRODUCT_DEFINITION_SHAPE('Placement','Placement of an item',
  #1376);
#1376 = NEXT_ASSEMBLY_USAGE_OCCURRENCE('7','J1','',#5,#1357,$);
#1377 = PRODUCT_RELATED_PRODUCT_CATEGORY('part',$,(#1359));
#1378 = SHAPE_DEFINITION_REPRESENTATION(#1379,#1385);
#1379 = PRODUCT_DEFINITION_SHAPE('','',#1380);
#1380 = PRODUCT_DEFINITION('design','',#1381,#1384);
#1381 = PRODUCT_DEFINITION_FORMATION('','',#1382);
#1382 = PRODUCT('Jack_3.5mm_CUI_SJ1-3523N_Horizontal',
  'Jack_3.5mm_CUI_SJ1-3523N_Horizontal','',(#1383));
#1383 = PRODUCT_CONTEXT('',#2,'mechanical');
#1384 = PRODUCT_DEFINITION_CONTEXT('part definition',#2,'design');
#1385 = ADVANCED_BREP_SHAPE_REPRESENTATION('',(#11,#1386),#2670);
#1386 = MANIFOLD_SOLID_BREP('',#1387);
#1387 = CLOSED_SHELL('',(#1388,#1428,#1459,#1515,#1539,#1745,#1776,#1793
    ,#1810,#1834,#1850,#1881,#1905,#1921,#1952,#1977,#2002,#2027,#2058,
    #2082,#2106,#2123,#2148,#2179,#2203,#2227,#2244,#2269,#2300,#2324,
    #2348,#2365,#2383,#2400,#2447,#2460,#2469,#2478,#2487,#2499,#2508,
    #2520,#2529,#2541,#2566,#2586,#2611,#2636,#2661));
#1388 = ADVANCED_FACE('',(#1389),#1423,.F.);
#1389 = FACE_BOUND('',#1390,.F.);
#1390 = EDGE_LOOP('',(#1391,#1401,#1409,#1417));
#1391 = ORIENTED_EDGE('',*,*,#1392,.F.);
#1392 = EDGE_CURVE('',#1393,#1395,#1397,.T.);
#1393 = VERTEX_POINT('',#1394);
#1394 = CARTESIAN_POINT('',(-6.,-3.5,0.));
#1395 = VERTEX_POINT('',#1396);
#1396 = CARTESIAN_POINT('',(-6.,-3.5,5.));
#1397 = LINE('',#1398,#1399);
#1398 = CARTESIAN_POINT('',(-6.,-3.5,0.));
#1399 = VECTOR('',#1400,1.);
#1400 = DIRECTION('',(0.,0.,1.));
#1401 = ORIENTED_EDGE('',*,*,#1402,.T.);
#1402 = EDGE_CURVE('',#1393,#1403,#1405,.T.);
#1403 = VERTEX_POINT('',#1404);
#1404 = CARTESIAN_POINT('',(-6.,7.5,0.));
#1405 = LINE('',#1406,#1407);
#1406 = CARTESIAN_POINT('',(-6.,-3.5,0.));
#1407 = VECTOR('',#1408,1.);
#1408 = DIRECTION('',(0.,1.,0.));
#1409 = ORIENTED_EDGE('',*,*,#1410,.T.);
#1410 = EDGE_CURVE('',#1403,#1411,#1413,.T.);
#1411 = VERTEX_POINT('',#1412);
#1412 = CARTESIAN_POINT('',(-6.,7.5,5.));
#1413 = LINE('',#1414,#1415);
#1414 = CARTESIAN_POINT('',(-6.,7.5,0.));
#1415 = VECTOR('',#1416,1.);
#1416 = DIRECTION('',(0.,0.,1.));
#1417 = ORIENTED_EDGE('',*,*,#1418,.F.);
#1418 = EDGE_CURVE('',#1395,#1411,#1419,.T.);
#1419 = LINE('',#1420,#1421);
#1420 = CARTESIAN_POINT('',(-6.,-3.5,5.));
#1421 = VECTOR('',#1422,1.);
#1422 = DIRECTION('',(0.,1.,0.));
#1423 = PLANE('',#1424);
#1424 = AXIS2_PLACEMENT_3D('',#1425,#1426,#1427);
#1425 = CARTESIAN_POINT('',(-6.,-3.5,0.));
#1426 = DIRECTION('',(1.,0.,0.));
#1427 = DIRECTION('',(0.,0.,1.));
#1428 = ADVANCED_FACE('',(#1429),#1454,.F.);
#1429 = FACE_BOUND('',#1430,.F.);
#1430 = EDGE_LOOP('',(#1431,#1439,#1440,#1448));
#1431 = ORIENTED_EDGE('',*,*,#1432,.F.);
#1432 = EDGE_CURVE('',#1393,#1433,#1435,.T.);
#1433 = VERTEX_POINT('',#1434);
#1434 = CARTESIAN_POINT('',(-4.5,-3.5,0.));
#1435 = LINE('',#1436,#1437);
#1436 = CARTESIAN_POINT('',(-6.,-3.5,0.));
#1437 = VECTOR('',#1438,1.);
#1438 = DIRECTION('',(1.,0.,0.));
#1439 = ORIENTED_EDGE('',*,*,#1392,.T.);
#1440 = ORIENTED_EDGE('',*,*,#1441,.T.);
#1441 = EDGE_CURVE('',#1395,#1442,#1444,.T.);
#1442 = VERTEX_POINT('',#1443);
#1443 = CARTESIAN_POINT('',(-4.5,-3.5,5.));
#1444 = LINE('',#1445,#1446);
#1445 = CARTESIAN_POINT('',(-6.,-3.5,5.));
#1446 = VECTOR('',#1447,1.);
#1447 = DIRECTION('',(1.,0.,0.));
#1448 = ORIENTED_EDGE('',*,*,#1449,.F.);
#1449 = EDGE_CURVE('',#1433,#1442,#1450,.T.);
#1450 = LINE('',#1451,#1452);
#1451 = CARTESIAN_POINT('',(-4.5,-3.5,0.));
#1452 = VECTOR('',#1453,1.);
#1453 = DIRECTION('',(0.,0.,1.));
#1454 = PLANE('',#1455);
#1455 = AXIS2_PLACEMENT_3D('',#1456,#1457,#1458);
#1456 = CARTESIAN_POINT('',(-6.,-3.5,0.));
#1457 = DIRECTION('',(0.,1.,0.));
#1458 = DIRECTION('',(0.,-0.,1.));
#1459 = ADVANCED_FACE('',(#1460),#1510,.T.);
#1460 = FACE_BOUND('',#1461,.T.);
#1461 = EDGE_LOOP('',(#1462,#1463,#1464,#1472,#1480,#1488,#1496,#1504));
#1462 = ORIENTED_EDGE('',*,*,#1418,.F.);
#1463 = ORIENTED_EDGE('',*,*,#1441,.T.);
#1464 = ORIENTED_EDGE('',*,*,#1465,.T.);
#1465 = EDGE_CURVE('',#1442,#1466,#1468,.T.);
#1466 = VERTEX_POINT('',#1467);
#1467 = CARTESIAN_POINT('',(-1.658312395178,-3.5,5.));
#1468 = LINE('',#1469,#1470);
#1469 = CARTESIAN_POINT('',(-6.,-3.5,5.));
#1470 = VECTOR('',#1471,1.);
#1471 = DIRECTION('',(1.,0.,0.));
#1472 = ORIENTED_EDGE('',*,*,#1473,.T.);
#1473 = EDGE_CURVE('',#1466,#1474,#1476,.T.);
#1474 = VERTEX_POINT('',#1475);
#1475 = CARTESIAN_POINT('',(1.658312395178,-3.5,5.));
#1476 = LINE('',#1477,#1478);
#1477 = CARTESIAN_POINT('',(-6.,-3.5,5.));
#1478 = VECTOR('',#1479,1.);
#1479 = DIRECTION('',(1.,0.,0.));
#1480 = ORIENTED_EDGE('',*,*,#1481,.T.);
#1481 = EDGE_CURVE('',#1474,#1482,#1484,.T.);
#1482 = VERTEX_POINT('',#1483);
#1483 = CARTESIAN_POINT('',(4.5,-3.5,5.));
#1484 = LINE('',#1485,#1486);
#1485 = CARTESIAN_POINT('',(-6.,-3.5,5.));
#1486 = VECTOR('',#1487,1.);
#1487 = DIRECTION('',(1.,0.,0.));
#1488 = ORIENTED_EDGE('',*,*,#1489,.T.);
#1489 = EDGE_CURVE('',#1482,#1490,#1492,.T.);
#1490 = VERTEX_POINT('',#1491);
#1491 = CARTESIAN_POINT('',(6.,-3.5,5.));
#1492 = LINE('',#1493,#1494);
#1493 = CARTESIAN_POINT('',(-6.,-3.5,5.));
#1494 = VECTOR('',#1495,1.);
#1495 = DIRECTION('',(1.,0.,0.));
#1496 = ORIENTED_EDGE('',*,*,#1497,.T.);
#1497 = EDGE_CURVE('',#1490,#1498,#1500,.T.);
#1498 = VERTEX_POINT('',#1499);
#1499 = CARTESIAN_POINT('',(6.,7.5,5.));
#1500 = LINE('',#1501,#1502);
#1501 = CARTESIAN_POINT('',(6.,-3.5,5.));
#1502 = VECTOR('',#1503,1.);
#1503 = DIRECTION('',(0.,1.,0.));
#1504 = ORIENTED_EDGE('',*,*,#1505,.F.);
#1505 = EDGE_CURVE('',#1411,#1498,#1506,.T.);
#1506 = LINE('',#1507,#1508);
#1507 = CARTESIAN_POINT('',(-6.,7.5,5.));
#1508 = VECTOR('',#1509,1.);
#1509 = DIRECTION('',(1.,0.,0.));
#1510 = PLANE('',#1511);
#1511 = AXIS2_PLACEMENT_3D('',#1512,#1513,#1514);
#1512 = CARTESIAN_POINT('',(-6.,-3.5,5.));
#1513 = DIRECTION('',(0.,0.,1.));
#1514 = DIRECTION('',(1.,0.,-0.));
#1515 = ADVANCED_FACE('',(#1516),#1534,.T.);
#1516 = FACE_BOUND('',#1517,.T.);
#1517 = EDGE_LOOP('',(#1518,#1526,#1527,#1528));
#1518 = ORIENTED_EDGE('',*,*,#1519,.F.);
#1519 = EDGE_CURVE('',#1403,#1520,#1522,.T.);
#1520 = VERTEX_POINT('',#1521);
#1521 = CARTESIAN_POINT('',(6.,7.5,0.));
#1522 = LINE('',#1523,#1524);
#1523 = CARTESIAN_POINT('',(-6.,7.5,0.));
#1524 = VECTOR('',#1525,1.);
#1525 = DIRECTION('',(1.,0.,0.));
#1526 = ORIENTED_EDGE('',*,*,#1410,.T.);
#1527 = ORIENTED_EDGE('',*,*,#1505,.T.);
#1528 = ORIENTED_EDGE('',*,*,#1529,.F.);
#1529 = EDGE_CURVE('',#1520,#1498,#1530,.T.);
#1530 = LINE('',#1531,#1532);
#1531 = CARTESIAN_POINT('',(6.,7.5,0.));
#1532 = VECTOR('',#1533,1.);
#1533 = DIRECTION('',(0.,0.,1.));
#1534 = PLANE('',#1535);
#1535 = AXIS2_PLACEMENT_3D('',#1536,#1537,#1538);
#1536 = CARTESIAN_POINT('',(-6.,7.5,0.));
#1537 = DIRECTION('',(0.,1.,0.));
#1538 = DIRECTION('',(0.,-0.,1.));
#1539 = ADVANCED_FACE('',(#1540,#1583,#1594,#1605,#1616,#1650,#1661,
    #1695,#1706),#1740,.F.);
#1540 = FACE_BOUND('',#1541,.F.);
#1541 = EDGE_LOOP('',(#1542,#1543,#1544,#1552,#1560,#1568,#1576,#1582));
#1542 = ORIENTED_EDGE('',*,*,#1402,.F.);
#1543 = ORIENTED_EDGE('',*,*,#1432,.T.);
#1544 = ORIENTED_EDGE('',*,*,#1545,.T.);
#1545 = EDGE_CURVE('',#1433,#1546,#1548,.T.);
#1546 = VERTEX_POINT('',#1547);
#1547 = CARTESIAN_POINT('',(-1.658312395178,-3.5,-2.E-14));
#1548 = LINE('',#1549,#1550);
#1549 = CARTESIAN_POINT('',(-6.,-3.5,0.));
#1550 = VECTOR('',#1551,1.);
#1551 = DIRECTION('',(1.,0.,0.));
#1552 = ORIENTED_EDGE('',*,*,#1553,.T.);
#1553 = EDGE_CURVE('',#1546,#1554,#1556,.T.);
#1554 = VERTEX_POINT('',#1555);
#1555 = CARTESIAN_POINT('',(1.658312395178,-3.5,-1.2E-14));
#1556 = LINE('',#1557,#1558);
#1557 = CARTESIAN_POINT('',(-6.,-3.5,0.));
#1558 = VECTOR('',#1559,1.);
#1559 = DIRECTION('',(1.,0.,0.));
#1560 = ORIENTED_EDGE('',*,*,#1561,.T.);
#1561 = EDGE_CURVE('',#1554,#1562,#1564,.T.);
#1562 = VERTEX_POINT('',#1563);
#1563 = CARTESIAN_POINT('',(4.5,-3.5,0.));
#1564 = LINE('',#1565,#1566);
#1565 = CARTESIAN_POINT('',(-6.,-3.5,0.));
#1566 = VECTOR('',#1567,1.);
#1567 = DIRECTION('',(1.,0.,0.));
#1568 = ORIENTED_EDGE('',*,*,#1569,.T.);
#1569 = EDGE_CURVE('',#1562,#1570,#1572,.T.);
#1570 = VERTEX_POINT('',#1571);
#1571 = CARTESIAN_POINT('',(6.,-3.5,0.));
#1572 = LINE('',#1573,#1574);
#1573 = CARTESIAN_POINT('',(-6.,-3.5,0.));
#1574 = VECTOR('',#1575,1.);
#1575 = DIRECTION('',(1.,0.,0.));
#1576 = ORIENTED_EDGE('',*,*,#1577,.T.);
#1577 = EDGE_CURVE('',#1570,#1520,#1578,.T.);
#1578 = LINE('',#1579,#1580);
#1579 = CARTESIAN_POINT('',(6.,-3.5,0.));
#1580 = VECTOR('',#1581,1.);
#1581 = DIRECTION('',(0.,1.,0.));
#1582 = ORIENTED_EDGE('',*,*,#1519,.F.);
#1583 = FACE_BOUND('',#1584,.F.);
#1584 = EDGE_LOOP('',(#1585));
#1585 = ORIENTED_EDGE('',*,*,#1586,.F.);
#1586 = EDGE_CURVE('',#1587,#1587,#1589,.T.);
#1587 = VERTEX_POINT('',#1588);
#1588 = CARTESIAN_POINT('',(-4.55,-2.5,0.));
#1589 = CIRCLE('',#1590,0.45);
#1590 = AXIS2_PLACEMENT_3D('',#1591,#1592,#1593);
#1591 = CARTESIAN_POINT('',(-5.,-2.5,0.));
#1592 = DIRECTION('',(0.,0.,1.));
#1593 = DIRECTION('',(1.,0.,-0.));
#1594 = FACE_BOUND('',#1595,.F.);
#1595 = EDGE_LOOP('',(#1596));
#1596 = ORIENTED_EDGE('',*,*,#1597,.F.);
#1597 = EDGE_CURVE('',#1598,#1598,#1600,.T.);
#1598 = VERTEX_POINT('',#1599);
#1599 = CARTESIAN_POINT('',(-4.55,0.,0.));
#1600 = CIRCLE('',#1601,0.45);
#1601 = AXIS2_PLACEMENT_3D('',#1602,#1603,#1604);
#1602 = CARTESIAN_POINT('',(-5.,0.,0.));
#1603 = DIRECTION('',(0.,0.,1.));
#1604 = DIRECTION('',(1.,0.,-0.));
#1605 = FACE_BOUND('',#1606,.F.);
#1606 = EDGE_LOOP('',(#1607));
#1607 = ORIENTED_EDGE('',*,*,#1608,.F.);
#1608 = EDGE_CURVE('',#1609,#1609,#1611,.T.);
#1609 = VERTEX_POINT('',#1610);
#1610 = CARTESIAN_POINT('',(5.45,-2.5,0.));
#1611 = CIRCLE('',#1612,0.45);
#1612 = AXIS2_PLACEMENT_3D('',#1613,#1614,#1615);
#1613 = CARTESIAN_POINT('',(5.,-2.5,0.));
#1614 = DIRECTION('',(0.,0.,1.));
#1615 = DIRECTION('',(1.,0.,-0.));
#1616 = FACE_BOUND('',#1617,.F.);
#1617 = EDGE_LOOP('',(#1618,#1628,#1636,#1644));
#1618 = ORIENTED_EDGE('',*,*,#1619,.T.);
#1619 = EDGE_CURVE('',#1620,#1622,#1624,.T.);
#1620 = VERTEX_POINT('',#1621);
#1621 = CARTESIAN_POINT('',(-0.5,-0.1,0.));
#1622 = VERTEX_POINT('',#1623);
#1623 = CARTESIAN_POINT('',(-0.5,0.1,0.));
#1624 = LINE('',#1625,#1626);
#1625 = CARTESIAN_POINT('',(-0.5,-0.1,0.));
#1626 = VECTOR('',#1627,1.);
#1627 = DIRECTION('',(0.,1.,0.));
#1628 = ORIENTED_EDGE('',*,*,#1629,.T.);
#1629 = EDGE_CURVE('',#1622,#1630,#1632,.T.);
#1630 = VERTEX_POINT('',#1631);
#1631 = CARTESIAN_POINT('',(0.5,0.1,0.));
#1632 = LINE('',#1633,#1634);
#1633 = CARTESIAN_POINT('',(-0.5,0.1,0.));
#1634 = VECTOR('',#1635,1.);
#1635 = DIRECTION('',(1.,0.,0.));
#1636 = ORIENTED_EDGE('',*,*,#1637,.F.);
#1637 = EDGE_CURVE('',#1638,#1630,#1640,.T.);
#1638 = VERTEX_POINT('',#1639);
#1639 = CARTESIAN_POINT('',(0.5,-0.1,0.));
#1640 = LINE('',#1641,#1642);
#1641 = CARTESIAN_POINT('',(0.5,-0.1,0.));
#1642 = VECTOR('',#1643,1.);
#1643 = DIRECTION('',(0.,1.,0.));
#1644 = ORIENTED_EDGE('',*,*,#1645,.F.);
#1645 = EDGE_CURVE('',#1620,#1638,#1646,.T.);
#1646 = LINE('',#1647,#1648);
#1647 = CARTESIAN_POINT('',(-0.5,-0.1,0.));
#1648 = VECTOR('',#1649,1.);
#1649 = DIRECTION('',(1.,0.,0.));
#1650 = FACE_BOUND('',#1651,.F.);
#1651 = EDGE_LOOP('',(#1652));
#1652 = ORIENTED_EDGE('',*,*,#1653,.F.);
#1653 = EDGE_CURVE('',#1654,#1654,#1656,.T.);
#1654 = VERTEX_POINT('',#1655);
#1655 = CARTESIAN_POINT('',(5.45,0.,0.));
#1656 = CIRCLE('',#1657,0.45);
#1657 = AXIS2_PLACEMENT_3D('',#1658,#1659,#1660);
#1658 = CARTESIAN_POINT('',(5.,0.,0.));
#1659 = DIRECTION('',(0.,0.,1.));
#1660 = DIRECTION('',(1.,0.,-0.));
#1661 = FACE_BOUND('',#1662,.F.);
#1662 = EDGE_LOOP('',(#1663,#1673,#1681,#1689));
#1663 = ORIENTED_EDGE('',*,*,#1664,.T.);
#1664 = EDGE_CURVE('',#1665,#1667,#1669,.T.);
#1665 = VERTEX_POINT('',#1666);
#1666 = CARTESIAN_POINT('',(-5.1,4.5,0.));
#1667 = VERTEX_POINT('',#1668);
#1668 = CARTESIAN_POINT('',(-5.1,5.5,0.));
#1669 = LINE('',#1670,#1671);
#1670 = CARTESIAN_POINT('',(-5.1,4.5,0.));
#1671 = VECTOR('',#1672,1.);
#1672 = DIRECTION('',(0.,1.,0.));
#1673 = ORIENTED_EDGE('',*,*,#1674,.T.);
#1674 = EDGE_CURVE('',#1667,#1675,#1677,.T.);
#1675 = VERTEX_POINT('',#1676);
#1676 = CARTESIAN_POINT('',(-4.9,5.5,0.));
#1677 = LINE('',#1678,#1679);
#1678 = CARTESIAN_POINT('',(-5.1,5.5,0.));
#1679 = VECTOR('',#1680,1.);
#1680 = DIRECTION('',(1.,0.,0.));
#1681 = ORIENTED_EDGE('',*,*,#1682,.F.);
#1682 = EDGE_CURVE('',#1683,#1675,#1685,.T.);
#1683 = VERTEX_POINT('',#1684);
#1684 = CARTESIAN_POINT('',(-4.9,4.5,0.));
#1685 = LINE('',#1686,#1687);
#1686 = CARTESIAN_POINT('',(-4.9,4.5,0.));
#1687 = VECTOR('',#1688,1.);
#1688 = DIRECTION('',(0.,1.,0.));
#1689 = ORIENTED_EDGE('',*,*,#1690,.F.);
#1690 = EDGE_CURVE('',#1665,#1683,#1691,.T.);
#1691 = LINE('',#1692,#1693);
#1692 = CARTESIAN_POINT('',(-5.1,4.5,0.));
#1693 = VECTOR('',#1694,1.);
#1694 = DIRECTION('',(1.,0.,0.));
#1695 = FACE_BOUND('',#1696,.F.);
#1696 = EDGE_LOOP('',(#1697));
#1697 = ORIENTED_EDGE('',*,*,#1698,.F.);
#1698 = EDGE_CURVE('',#1699,#1699,#1701,.T.);
#1699 = VERTEX_POINT('',#1700);
#1700 = CARTESIAN_POINT('',(0.45,5.,0.));
#1701 = CIRCLE('',#1702,0.45);
#1702 = AXIS2_PLACEMENT_3D('',#1703,#1704,#1705);
#1703 = CARTESIAN_POINT('',(0.,5.,0.));
#1704 = DIRECTION('',(0.,0.,1.));
#1705 = DIRECTION('',(1.,0.,-0.));
#1706 = FACE_BOUND('',#1707,.F.);
#1707 = EDGE_LOOP('',(#1708,#1718,#1726,#1734));
#1708 = ORIENTED_EDGE('',*,*,#1709,.T.);
#1709 = EDGE_CURVE('',#1710,#1712,#1714,.T.);
#1710 = VERTEX_POINT('',#1711);
#1711 = CARTESIAN_POINT('',(4.9,4.5,0.));
#1712 = VERTEX_POINT('',#1713);
#1713 = CARTESIAN_POINT('',(4.9,5.5,0.));
#1714 = LINE('',#1715,#1716);
#1715 = CARTESIAN_POINT('',(4.9,4.5,0.));
#1716 = VECTOR('',#1717,1.);
#1717 = DIRECTION('',(0.,1.,0.));
#1718 = ORIENTED_EDGE('',*,*,#1719,.T.);
#1719 = EDGE_CURVE('',#1712,#1720,#1722,.T.);
#1720 = VERTEX_POINT('',#1721);
#1721 = CARTESIAN_POINT('',(5.1,5.5,0.));
#1722 = LINE('',#1723,#1724);
#1723 = CARTESIAN_POINT('',(4.9,5.5,0.));
#1724 = VECTOR('',#1725,1.);
#1725 = DIRECTION('',(1.,0.,0.));
#1726 = ORIENTED_EDGE('',*,*,#1727,.F.);
#1727 = EDGE_CURVE('',#1728,#1720,#1730,.T.);
#1728 = VERTEX_POINT('',#1729);
#1729 = CARTESIAN_POINT('',(5.1,4.5,0.));
#1730 = LINE('',#1731,#1732);
#1731 = CARTESIAN_POINT('',(5.1,4.5,0.));
#1732 = VECTOR('',#1733,1.);
#1733 = DIRECTION('',(0.,1.,0.));
#1734 = ORIENTED_EDGE('',*,*,#1735,.F.);
#1735 = EDGE_CURVE('',#1710,#1728,#1736,.T.);
#1736 = LINE('',#1737,#1738);
#1737 = CARTESIAN_POINT('',(4.9,4.5,0.));
#1738 = VECTOR('',#1739,1.);
#1739 = DIRECTION('',(1.,0.,0.));
#1740 = PLANE('',#1741);
#1741 = AXIS2_PLACEMENT_3D('',#1742,#1743,#1744);
#1742 = CARTESIAN_POINT('',(-6.,-3.5,0.));
#1743 = DIRECTION('',(0.,0.,1.));
#1744 = DIRECTION('',(1.,0.,-0.));
#1745 = ADVANCED_FACE('',(#1746),#1771,.F.);
#1746 = FACE_BOUND('',#1747,.F.);
#1747 = EDGE_LOOP('',(#1748,#1758,#1764,#1765));
#1748 = ORIENTED_EDGE('',*,*,#1749,.F.);
#1749 = EDGE_CURVE('',#1750,#1752,#1754,.T.);
#1750 = VERTEX_POINT('',#1751);
#1751 = CARTESIAN_POINT('',(-4.5,-4.5,0.));
#1752 = VERTEX_POINT('',#1753);
#1753 = CARTESIAN_POINT('',(-4.5,-4.5,5.));
#1754 = LINE('',#1755,#1756);
#1755 = CARTESIAN_POINT('',(-4.5,-4.5,0.));
#1756 = VECTOR('',#1757,1.);
#1757 = DIRECTION('',(0.,0.,1.));
#1758 = ORIENTED_EDGE('',*,*,#1759,.T.);
#1759 = EDGE_CURVE('',#1750,#1433,#1760,.T.);
#1760 = LINE('',#1761,#1762);
#1761 = CARTESIAN_POINT('',(-4.5,-4.5,0.));
#1762 = VECTOR('',#1763,1.);
#1763 = DIRECTION('',(0.,1.,0.));
#1764 = ORIENTED_EDGE('',*,*,#1449,.T.);
#1765 = ORIENTED_EDGE('',*,*,#1766,.F.);
#1766 = EDGE_CURVE('',#1752,#1442,#1767,.T.);
#1767 = LINE('',#1768,#1769);
#1768 = CARTESIAN_POINT('',(-4.5,-4.5,5.));
#1769 = VECTOR('',#1770,1.);
#1770 = DIRECTION('',(0.,1.,0.));
#1771 = PLANE('',#1772);
#1772 = AXIS2_PLACEMENT_3D('',#1773,#1774,#1775);
#1773 = CARTESIAN_POINT('',(-4.5,-4.5,0.));
#1774 = DIRECTION('',(1.,0.,0.));
#1775 = DIRECTION('',(0.,0.,1.));
#1776 = ADVANCED_FACE('',(#1777),#1788,.T.);
#1777 = FACE_BOUND('',#1778,.T.);
#1778 = EDGE_LOOP('',(#1779,#1785,#1786,#1787));
#1779 = ORIENTED_EDGE('',*,*,#1780,.F.);
#1780 = EDGE_CURVE('',#1570,#1490,#1781,.T.);
#1781 = LINE('',#1782,#1783);
#1782 = CARTESIAN_POINT('',(6.,-3.5,0.));
#1783 = VECTOR('',#1784,1.);
#1784 = DIRECTION('',(0.,0.,1.));
#1785 = ORIENTED_EDGE('',*,*,#1577,.T.);
#1786 = ORIENTED_EDGE('',*,*,#1529,.T.);
#1787 = ORIENTED_EDGE('',*,*,#1497,.F.);
#1788 = PLANE('',#1789);
#1789 = AXIS2_PLACEMENT_3D('',#1790,#1791,#1792);
#1790 = CARTESIAN_POINT('',(6.,-3.5,0.));
#1791 = DIRECTION('',(1.,0.,0.));
#1792 = DIRECTION('',(0.,0.,1.));
#1793 = ADVANCED_FACE('',(#1794),#1805,.F.);
#1794 = FACE_BOUND('',#1795,.F.);
#1795 = EDGE_LOOP('',(#1796,#1797,#1803,#1804));
#1796 = ORIENTED_EDGE('',*,*,#1569,.F.);
#1797 = ORIENTED_EDGE('',*,*,#1798,.T.);
#1798 = EDGE_CURVE('',#1562,#1482,#1799,.T.);
#1799 = LINE('',#1800,#1801);
#1800 = CARTESIAN_POINT('',(4.5,-3.5,0.));
#1801 = VECTOR('',#1802,1.);
#1802 = DIRECTION('',(0.,0.,1.));
#1803 = ORIENTED_EDGE('',*,*,#1489,.T.);
#1804 = ORIENTED_EDGE('',*,*,#1780,.F.);
#1805 = PLANE('',#1806);
#1806 = AXIS2_PLACEMENT_3D('',#1807,#1808,#1809);
#1807 = CARTESIAN_POINT('',(-6.,-3.5,0.));
#1808 = DIRECTION('',(0.,1.,0.));
#1809 = DIRECTION('',(0.,-0.,1.));
#1810 = ADVANCED_FACE('',(#1811),#1829,.T.);
#1811 = FACE_BOUND('',#1812,.T.);
#1812 = EDGE_LOOP('',(#1813,#1814,#1815,#1823));
#1813 = ORIENTED_EDGE('',*,*,#1465,.F.);
#1814 = ORIENTED_EDGE('',*,*,#1766,.F.);
#1815 = ORIENTED_EDGE('',*,*,#1816,.T.);
#1816 = EDGE_CURVE('',#1752,#1817,#1819,.T.);
#1817 = VERTEX_POINT('',#1818);
#1818 = CARTESIAN_POINT('',(-1.658312395178,-4.5,5.));
#1819 = LINE('',#1820,#1821);
#1820 = CARTESIAN_POINT('',(-4.5,-4.5,5.));
#1821 = VECTOR('',#1822,1.);
#1822 = DIRECTION('',(1.,0.,0.));
#1823 = ORIENTED_EDGE('',*,*,#1824,.F.);
#1824 = EDGE_CURVE('',#1466,#1817,#1825,.T.);
#1825 = LINE('',#1826,#1827);
#1826 = CARTESIAN_POINT('',(-1.658312395178,-3.5,5.));
#1827 = VECTOR('',#1828,1.);
#1828 = DIRECTION('',(0.,-1.,2.2E-16));
#1829 = PLANE('',#1830);
#1830 = AXIS2_PLACEMENT_3D('',#1831,#1832,#1833);
#1831 = CARTESIAN_POINT('',(-4.5,-4.5,5.));
#1832 = DIRECTION('',(0.,0.,1.));
#1833 = DIRECTION('',(1.,0.,-0.));
#1834 = ADVANCED_FACE('',(#1835),#1845,.F.);
#1835 = FACE_BOUND('',#1836,.F.);
#1836 = EDGE_LOOP('',(#1837,#1838));
#1837 = ORIENTED_EDGE('',*,*,#1473,.T.);
#1838 = ORIENTED_EDGE('',*,*,#1839,.T.);
#1839 = EDGE_CURVE('',#1474,#1466,#1840,.T.);
#1840 = CIRCLE('',#1841,3.);
#1841 = AXIS2_PLACEMENT_3D('',#1842,#1843,#1844);
#1842 = CARTESIAN_POINT('',(0.,-3.5,2.5));
#1843 = DIRECTION('',(0.,-1.,0.));
#1844 = DIRECTION('',(1.,0.,0.));
#1845 = PLANE('',#1846);
#1846 = AXIS2_PLACEMENT_3D('',#1847,#1848,#1849);
#1847 = CARTESIAN_POINT('',(0.,-3.5,2.5));
#1848 = DIRECTION('',(0.,-1.,0.));
#1849 = DIRECTION('',(1.,0.,0.));
#1850 = ADVANCED_FACE('',(#1851),#1876,.T.);
#1851 = FACE_BOUND('',#1852,.T.);
#1852 = EDGE_LOOP('',(#1853,#1854,#1862,#1870));
#1853 = ORIENTED_EDGE('',*,*,#1481,.F.);
#1854 = ORIENTED_EDGE('',*,*,#1855,.T.);
#1855 = EDGE_CURVE('',#1474,#1856,#1858,.T.);
#1856 = VERTEX_POINT('',#1857);
#1857 = CARTESIAN_POINT('',(1.658312395178,-4.5,5.));
#1858 = LINE('',#1859,#1860);
#1859 = CARTESIAN_POINT('',(1.658312395178,-3.5,5.));
#1860 = VECTOR('',#1861,1.);
#1861 = DIRECTION('',(0.,-1.,2.2E-16));
#1862 = ORIENTED_EDGE('',*,*,#1863,.T.);
#1863 = EDGE_CURVE('',#1856,#1864,#1866,.T.);
#1864 = VERTEX_POINT('',#1865);
#1865 = CARTESIAN_POINT('',(4.5,-4.5,5.));
#1866 = LINE('',#1867,#1868);
#1867 = CARTESIAN_POINT('',(-4.5,-4.5,5.));
#1868 = VECTOR('',#1869,1.);
#1869 = DIRECTION('',(1.,0.,0.));
#1870 = ORIENTED_EDGE('',*,*,#1871,.T.);
#1871 = EDGE_CURVE('',#1864,#1482,#1872,.T.);
#1872 = LINE('',#1873,#1874);
#1873 = CARTESIAN_POINT('',(4.5,-4.5,5.));
#1874 = VECTOR('',#1875,1.);
#1875 = DIRECTION('',(0.,1.,0.));
#1876 = PLANE('',#1877);
#1877 = AXIS2_PLACEMENT_3D('',#1878,#1879,#1880);
#1878 = CARTESIAN_POINT('',(-4.5,-4.5,5.));
#1879 = DIRECTION('',(0.,0.,1.));
#1880 = DIRECTION('',(1.,0.,-0.));
#1881 = ADVANCED_FACE('',(#1882),#1900,.F.);
#1882 = FACE_BOUND('',#1883,.F.);
#1883 = EDGE_LOOP('',(#1884,#1885,#1886,#1894));
#1884 = ORIENTED_EDGE('',*,*,#1545,.F.);
#1885 = ORIENTED_EDGE('',*,*,#1759,.F.);
#1886 = ORIENTED_EDGE('',*,*,#1887,.T.);
#1887 = EDGE_CURVE('',#1750,#1888,#1890,.T.);
#1888 = VERTEX_POINT('',#1889);
#1889 = CARTESIAN_POINT('',(-1.658312395178,-4.5,0.));
#1890 = LINE('',#1891,#1892);
#1891 = CARTESIAN_POINT('',(-4.5,-4.5,0.));
#1892 = VECTOR('',#1893,1.);
#1893 = DIRECTION('',(1.,0.,0.));
#1894 = ORIENTED_EDGE('',*,*,#1895,.F.);
#1895 = EDGE_CURVE('',#1546,#1888,#1896,.T.);
#1896 = LINE('',#1897,#1898);
#1897 = CARTESIAN_POINT('',(-1.658312395178,-3.5,0.));
#1898 = VECTOR('',#1899,1.);
#1899 = DIRECTION('',(0.,-1.,2.2E-16));
#1900 = PLANE('',#1901);
#1901 = AXIS2_PLACEMENT_3D('',#1902,#1903,#1904);
#1902 = CARTESIAN_POINT('',(-4.5,-4.5,0.));
#1903 = DIRECTION('',(0.,0.,1.));
#1904 = DIRECTION('',(1.,0.,-0.));
#1905 = ADVANCED_FACE('',(#1906),#1916,.F.);
#1906 = FACE_BOUND('',#1907,.F.);
#1907 = EDGE_LOOP('',(#1908,#1915));
#1908 = ORIENTED_EDGE('',*,*,#1909,.T.);
#1909 = EDGE_CURVE('',#1546,#1554,#1910,.T.);
#1910 = CIRCLE('',#1911,3.);
#1911 = AXIS2_PLACEMENT_3D('',#1912,#1913,#1914);
#1912 = CARTESIAN_POINT('',(0.,-3.5,2.5));
#1913 = DIRECTION('',(0.,-1.,0.));
#1914 = DIRECTION('',(1.,0.,0.));
#1915 = ORIENTED_EDGE('',*,*,#1553,.F.);
#1916 = PLANE('',#1917);
#1917 = AXIS2_PLACEMENT_3D('',#1918,#1919,#1920);
#1918 = CARTESIAN_POINT('',(0.,-3.5,2.5));
#1919 = DIRECTION('',(0.,-1.,0.));
#1920 = DIRECTION('',(1.,0.,0.));
#1921 = ADVANCED_FACE('',(#1922),#1947,.F.);
#1922 = FACE_BOUND('',#1923,.F.);
#1923 = EDGE_LOOP('',(#1924,#1925,#1933,#1941));
#1924 = ORIENTED_EDGE('',*,*,#1561,.F.);
#1925 = ORIENTED_EDGE('',*,*,#1926,.T.);
#1926 = EDGE_CURVE('',#1554,#1927,#1929,.T.);
#1927 = VERTEX_POINT('',#1928);
#1928 = CARTESIAN_POINT('',(1.658312395178,-4.5,0.));
#1929 = LINE('',#1930,#1931);
#1930 = CARTESIAN_POINT('',(1.658312395178,-3.5,0.));
#1931 = VECTOR('',#1932,1.);
#1932 = DIRECTION('',(0.,-1.,2.2E-16));
#1933 = ORIENTED_EDGE('',*,*,#1934,.T.);
#1934 = EDGE_CURVE('',#1927,#1935,#1937,.T.);
#1935 = VERTEX_POINT('',#1936);
#1936 = CARTESIAN_POINT('',(4.5,-4.5,0.));
#1937 = LINE('',#1938,#1939);
#1938 = CARTESIAN_POINT('',(-4.5,-4.5,0.));
#1939 = VECTOR('',#1940,1.);
#1940 = DIRECTION('',(1.,0.,0.));
#1941 = ORIENTED_EDGE('',*,*,#1942,.T.);
#1942 = EDGE_CURVE('',#1935,#1562,#1943,.T.);
#1943 = LINE('',#1944,#1945);
#1944 = CARTESIAN_POINT('',(4.5,-4.5,0.));
#1945 = VECTOR('',#1946,1.);
#1946 = DIRECTION('',(0.,1.,0.));
#1947 = PLANE('',#1948);
#1948 = AXIS2_PLACEMENT_3D('',#1949,#1950,#1951);
#1949 = CARTESIAN_POINT('',(-4.5,-4.5,0.));
#1950 = DIRECTION('',(0.,0.,1.));
#1951 = DIRECTION('',(1.,0.,-0.));
#1952 = ADVANCED_FACE('',(#1953),#1972,.T.);
#1953 = FACE_BOUND('',#1954,.T.);
#1954 = EDGE_LOOP('',(#1955,#1956,#1964,#1971));
#1955 = ORIENTED_EDGE('',*,*,#1586,.F.);
#1956 = ORIENTED_EDGE('',*,*,#1957,.F.);
#1957 = EDGE_CURVE('',#1958,#1587,#1960,.T.);
#1958 = VERTEX_POINT('',#1959);
#1959 = CARTESIAN_POINT('',(-4.55,-2.5,-1.));
#1960 = LINE('',#1961,#1962);
#1961 = CARTESIAN_POINT('',(-4.55,-2.5,-1.));
#1962 = VECTOR('',#1963,1.);
#1963 = DIRECTION('',(0.,0.,1.));
#1964 = ORIENTED_EDGE('',*,*,#1965,.T.);
#1965 = EDGE_CURVE('',#1958,#1958,#1966,.T.);
#1966 = CIRCLE('',#1967,0.45);
#1967 = AXIS2_PLACEMENT_3D('',#1968,#1969,#1970);
#1968 = CARTESIAN_POINT('',(-5.,-2.5,-1.));
#1969 = DIRECTION('',(0.,0.,1.));
#1970 = DIRECTION('',(1.,0.,-0.));
#1971 = ORIENTED_EDGE('',*,*,#1957,.T.);
#1972 = CYLINDRICAL_SURFACE('',#1973,0.45);
#1973 = AXIS2_PLACEMENT_3D('',#1974,#1975,#1976);
#1974 = CARTESIAN_POINT('',(-5.,-2.5,-1.));
#1975 = DIRECTION('',(0.,0.,1.));
#1976 = DIRECTION('',(1.,0.,-0.));
#1977 = ADVANCED_FACE('',(#1978),#1997,.T.);
#1978 = FACE_BOUND('',#1979,.T.);
#1979 = EDGE_LOOP('',(#1980,#1981,#1989,#1996));
#1980 = ORIENTED_EDGE('',*,*,#1597,.F.);
#1981 = ORIENTED_EDGE('',*,*,#1982,.F.);
#1982 = EDGE_CURVE('',#1983,#1598,#1985,.T.);
#1983 = VERTEX_POINT('',#1984);
#1984 = CARTESIAN_POINT('',(-4.55,0.,-1.));
#1985 = LINE('',#1986,#1987);
#1986 = CARTESIAN_POINT('',(-4.55,-1.1E-16,-1.));
#1987 = VECTOR('',#1988,1.);
#1988 = DIRECTION('',(0.,0.,1.));
#1989 = ORIENTED_EDGE('',*,*,#1990,.T.);
#1990 = EDGE_CURVE('',#1983,#1983,#1991,.T.);
#1991 = CIRCLE('',#1992,0.45);
#1992 = AXIS2_PLACEMENT_3D('',#1993,#1994,#1995);
#1993 = CARTESIAN_POINT('',(-5.,0.,-1.));
#1994 = DIRECTION('',(0.,0.,1.));
#1995 = DIRECTION('',(1.,0.,-0.));
#1996 = ORIENTED_EDGE('',*,*,#1982,.T.);
#1997 = CYLINDRICAL_SURFACE('',#1998,0.45);
#1998 = AXIS2_PLACEMENT_3D('',#1999,#2000,#2001);
#1999 = CARTESIAN_POINT('',(-5.,0.,-1.));
#2000 = DIRECTION('',(0.,0.,1.));
#2001 = DIRECTION('',(1.,0.,-0.));
#2002 = ADVANCED_FACE('',(#2003),#2022,.T.);
#2003 = FACE_BOUND('',#2004,.T.);
#2004 = EDGE_LOOP('',(#2005,#2006,#2014,#2021));
#2005 = ORIENTED_EDGE('',*,*,#1608,.F.);
#2006 = ORIENTED_EDGE('',*,*,#2007,.F.);
#2007 = EDGE_CURVE('',#2008,#1609,#2010,.T.);
#2008 = VERTEX_POINT('',#2009);
#2009 = CARTESIAN_POINT('',(5.45,-2.5,-1.));
#2010 = LINE('',#2011,#2012);
#2011 = CARTESIAN_POINT('',(5.45,-2.5,-1.));
#2012 = VECTOR('',#2013,1.);
#2013 = DIRECTION('',(0.,0.,1.));
#2014 = ORIENTED_EDGE('',*,*,#2015,.T.);
#2015 = EDGE_CURVE('',#2008,#2008,#2016,.T.);
#2016 = CIRCLE('',#2017,0.45);
#2017 = AXIS2_PLACEMENT_3D('',#2018,#2019,#2020);
#2018 = CARTESIAN_POINT('',(5.,-2.5,-1.));
#2019 = DIRECTION('',(0.,0.,1.));
#2020 = DIRECTION('',(1.,0.,-0.));
#2021 = ORIENTED_EDGE('',*,*,#2007,.T.);
#2022 = CYLINDRICAL_SURFACE('',#2023,0.45);
#2023 = AXIS2_PLACEMENT_3D('',#2024,#2025,#2026);
#2024 = CARTESIAN_POINT('',(5.,-2.5,-1.));
#2025 = DIRECTION('',(0.,0.,1.));
#2026 = DIRECTION('',(1.,0.,-0.));
#2027 = ADVANCED_FACE('',(#2028),#2053,.F.);
#2028 = FACE_BOUND('',#2029,.F.);
#2029 = EDGE_LOOP('',(#2030,#2038,#2046,#2052));
#2030 = ORIENTED_EDGE('',*,*,#2031,.F.);
#2031 = EDGE_CURVE('',#2032,#1620,#2034,.T.);
#2032 = VERTEX_POINT('',#2033);
#2033 = CARTESIAN_POINT('',(-0.5,-0.1,-3.3));
#2034 = LINE('',#2035,#2036);
#2035 = CARTESIAN_POINT('',(-0.5,-0.1,-3.3));
#2036 = VECTOR('',#2037,1.);
#2037 = DIRECTION('',(0.,0.,1.));
#2038 = ORIENTED_EDGE('',*,*,#2039,.T.);
#2039 = EDGE_CURVE('',#2032,#2040,#2042,.T.);
#2040 = VERTEX_POINT('',#2041);
#2041 = CARTESIAN_POINT('',(-0.5,0.1,-3.3));
#2042 = LINE('',#2043,#2044);
#2043 = CARTESIAN_POINT('',(-0.5,-0.1,-3.3));
#2044 = VECTOR('',#2045,1.);
#2045 = DIRECTION('',(0.,1.,0.));
#2046 = ORIENTED_EDGE('',*,*,#2047,.T.);
#2047 = EDGE_CURVE('',#2040,#1622,#2048,.T.);
#2048 = LINE('',#2049,#2050);
#2049 = CARTESIAN_POINT('',(-0.5,0.1,-3.3));
#2050 = VECTOR('',#2051,1.);
#2051 = DIRECTION('',(0.,0.,1.));
#2052 = ORIENTED_EDGE('',*,*,#1619,.F.);
#2053 = PLANE('',#2054);
#2054 = AXIS2_PLACEMENT_3D('',#2055,#2056,#2057);
#2055 = CARTESIAN_POINT('',(-0.5,-0.1,-3.3));
#2056 = DIRECTION('',(1.,0.,0.));
#2057 = DIRECTION('',(0.,0.,1.));
#2058 = ADVANCED_FACE('',(#2059),#2077,.F.);
#2059 = FACE_BOUND('',#2060,.F.);
#2060 = EDGE_LOOP('',(#2061,#2069,#2070,#2071));
#2061 = ORIENTED_EDGE('',*,*,#2062,.F.);
#2062 = EDGE_CURVE('',#2032,#2063,#2065,.T.);
#2063 = VERTEX_POINT('',#2064);
#2064 = CARTESIAN_POINT('',(0.5,-0.1,-3.3));
#2065 = LINE('',#2066,#2067);
#2066 = CARTESIAN_POINT('',(-0.5,-0.1,-3.3));
#2067 = VECTOR('',#2068,1.);
#2068 = DIRECTION('',(1.,0.,0.));
#2069 = ORIENTED_EDGE('',*,*,#2031,.T.);
#2070 = ORIENTED_EDGE('',*,*,#1645,.T.);
#2071 = ORIENTED_EDGE('',*,*,#2072,.F.);
#2072 = EDGE_CURVE('',#2063,#1638,#2073,.T.);
#2073 = LINE('',#2074,#2075);
#2074 = CARTESIAN_POINT('',(0.5,-0.1,-3.3));
#2075 = VECTOR('',#2076,1.);
#2076 = DIRECTION('',(0.,0.,1.));
#2077 = PLANE('',#2078);
#2078 = AXIS2_PLACEMENT_3D('',#2079,#2080,#2081);
#2079 = CARTESIAN_POINT('',(-0.5,-0.1,-3.3));
#2080 = DIRECTION('',(0.,1.,0.));
#2081 = DIRECTION('',(0.,-0.,1.));
#2082 = ADVANCED_FACE('',(#2083),#2101,.T.);
#2083 = FACE_BOUND('',#2084,.T.);
#2084 = EDGE_LOOP('',(#2085,#2086,#2094,#2100));
#2085 = ORIENTED_EDGE('',*,*,#2072,.F.);
#2086 = ORIENTED_EDGE('',*,*,#2087,.T.);
#2087 = EDGE_CURVE('',#2063,#2088,#2090,.T.);
#2088 = VERTEX_POINT('',#2089);
#2089 = CARTESIAN_POINT('',(0.5,0.1,-3.3));
#2090 = LINE('',#2091,#2092);
#2091 = CARTESIAN_POINT('',(0.5,-0.1,-3.3));
#2092 = VECTOR('',#2093,1.);
#2093 = DIRECTION('',(0.,1.,0.));
#2094 = ORIENTED_EDGE('',*,*,#2095,.T.);
#2095 = EDGE_CURVE('',#2088,#1630,#2096,.T.);
#2096 = LINE('',#2097,#2098);
#2097 = CARTESIAN_POINT('',(0.5,0.1,-3.3));
#2098 = VECTOR('',#2099,1.);
#2099 = DIRECTION('',(0.,0.,1.));
#2100 = ORIENTED_EDGE('',*,*,#1637,.F.);
#2101 = PLANE('',#2102);
#2102 = AXIS2_PLACEMENT_3D('',#2103,#2104,#2105);
#2103 = CARTESIAN_POINT('',(0.5,-0.1,-3.3));
#2104 = DIRECTION('',(1.,0.,0.));
#2105 = DIRECTION('',(0.,0.,1.));
#2106 = ADVANCED_FACE('',(#2107),#2118,.T.);
#2107 = FACE_BOUND('',#2108,.T.);
#2108 = EDGE_LOOP('',(#2109,#2115,#2116,#2117));
#2109 = ORIENTED_EDGE('',*,*,#2110,.F.);
#2110 = EDGE_CURVE('',#2040,#2088,#2111,.T.);
#2111 = LINE('',#2112,#2113);
#2112 = CARTESIAN_POINT('',(-0.5,0.1,-3.3));
#2113 = VECTOR('',#2114,1.);
#2114 = DIRECTION('',(1.,0.,0.));
#2115 = ORIENTED_EDGE('',*,*,#2047,.T.);
#2116 = ORIENTED_EDGE('',*,*,#1629,.T.);
#2117 = ORIENTED_EDGE('',*,*,#2095,.F.);
#2118 = PLANE('',#2119);
#2119 = AXIS2_PLACEMENT_3D('',#2120,#2121,#2122);
#2120 = CARTESIAN_POINT('',(-0.5,0.1,-3.3));
#2121 = DIRECTION('',(0.,1.,0.));
#2122 = DIRECTION('',(0.,-0.,1.));
#2123 = ADVANCED_FACE('',(#2124),#2143,.T.);
#2124 = FACE_BOUND('',#2125,.T.);
#2125 = EDGE_LOOP('',(#2126,#2127,#2135,#2142));
#2126 = ORIENTED_EDGE('',*,*,#1653,.F.);
#2127 = ORIENTED_EDGE('',*,*,#2128,.F.);
#2128 = EDGE_CURVE('',#2129,#1654,#2131,.T.);
#2129 = VERTEX_POINT('',#2130);
#2130 = CARTESIAN_POINT('',(5.45,0.,-1.));
#2131 = LINE('',#2132,#2133);
#2132 = CARTESIAN_POINT('',(5.45,-1.1E-16,-1.));
#2133 = VECTOR('',#2134,1.);
#2134 = DIRECTION('',(0.,0.,1.));
#2135 = ORIENTED_EDGE('',*,*,#2136,.T.);
#2136 = EDGE_CURVE('',#2129,#2129,#2137,.T.);
#2137 = CIRCLE('',#2138,0.45);
#2138 = AXIS2_PLACEMENT_3D('',#2139,#2140,#2141);
#2139 = CARTESIAN_POINT('',(5.,0.,-1.));
#2140 = DIRECTION('',(0.,0.,1.));
#2141 = DIRECTION('',(1.,0.,-0.));
#2142 = ORIENTED_EDGE('',*,*,#2128,.T.);
#2143 = CYLINDRICAL_SURFACE('',#2144,0.45);
#2144 = AXIS2_PLACEMENT_3D('',#2145,#2146,#2147);
#2145 = CARTESIAN_POINT('',(5.,0.,-1.));
#2146 = DIRECTION('',(0.,0.,1.));
#2147 = DIRECTION('',(1.,0.,-0.));
#2148 = ADVANCED_FACE('',(#2149),#2174,.F.);
#2149 = FACE_BOUND('',#2150,.F.);
#2150 = EDGE_LOOP('',(#2151,#2159,#2167,#2173));
#2151 = ORIENTED_EDGE('',*,*,#2152,.F.);
#2152 = EDGE_CURVE('',#2153,#1665,#2155,.T.);
#2153 = VERTEX_POINT('',#2154);
#2154 = CARTESIAN_POINT('',(-5.1,4.5,-3.3));
#2155 = LINE('',#2156,#2157);
#2156 = CARTESIAN_POINT('',(-5.1,4.5,-3.3));
#2157 = VECTOR('',#2158,1.);
#2158 = DIRECTION('',(0.,0.,1.));
#2159 = ORIENTED_EDGE('',*,*,#2160,.T.);
#2160 = EDGE_CURVE('',#2153,#2161,#2163,.T.);
#2161 = VERTEX_POINT('',#2162);
#2162 = CARTESIAN_POINT('',(-5.1,5.5,-3.3));
#2163 = LINE('',#2164,#2165);
#2164 = CARTESIAN_POINT('',(-5.1,4.5,-3.3));
#2165 = VECTOR('',#2166,1.);
#2166 = DIRECTION('',(0.,1.,0.));
#2167 = ORIENTED_EDGE('',*,*,#2168,.T.);
#2168 = EDGE_CURVE('',#2161,#1667,#2169,.T.);
#2169 = LINE('',#2170,#2171);
#2170 = CARTESIAN_POINT('',(-5.1,5.5,-3.3));
#2171 = VECTOR('',#2172,1.);
#2172 = DIRECTION('',(0.,0.,1.));
#2173 = ORIENTED_EDGE('',*,*,#1664,.F.);
#2174 = PLANE('',#2175);
#2175 = AXIS2_PLACEMENT_3D('',#2176,#2177,#2178);
#2176 = CARTESIAN_POINT('',(-5.1,4.5,-3.3));
#2177 = DIRECTION('',(1.,0.,0.));
#2178 = DIRECTION('',(0.,0.,1.));
#2179 = ADVANCED_FACE('',(#2180),#2198,.F.);
#2180 = FACE_BOUND('',#2181,.F.);
#2181 = EDGE_LOOP('',(#2182,#2190,#2191,#2192));
#2182 = ORIENTED_EDGE('',*,*,#2183,.F.);
#2183 = EDGE_CURVE('',#2153,#2184,#2186,.T.);
#2184 = VERTEX_POINT('',#2185);
#2185 = CARTESIAN_POINT('',(-4.9,4.5,-3.3));
#2186 = LINE('',#2187,#2188);
#2187 = CARTESIAN_POINT('',(-5.1,4.5,-3.3));
#2188 = VECTOR('',#2189,1.);
#2189 = DIRECTION('',(1.,0.,0.));
#2190 = ORIENTED_EDGE('',*,*,#2152,.T.);
#2191 = ORIENTED_EDGE('',*,*,#1690,.T.);
#2192 = ORIENTED_EDGE('',*,*,#2193,.F.);
#2193 = EDGE_CURVE('',#2184,#1683,#2194,.T.);
#2194 = LINE('',#2195,#2196);
#2195 = CARTESIAN_POINT('',(-4.9,4.5,-3.3));
#2196 = VECTOR('',#2197,1.);
#2197 = DIRECTION('',(0.,0.,1.));
#2198 = PLANE('',#2199);
#2199 = AXIS2_PLACEMENT_3D('',#2200,#2201,#2202);
#2200 = CARTESIAN_POINT('',(-5.1,4.5,-3.3));
#2201 = DIRECTION('',(0.,1.,0.));
#2202 = DIRECTION('',(0.,-0.,1.));
#2203 = ADVANCED_FACE('',(#2204),#2222,.T.);
#2204 = FACE_BOUND('',#2205,.T.);
#2205 = EDGE_LOOP('',(#2206,#2207,#2215,#2221));
#2206 = ORIENTED_EDGE('',*,*,#2193,.F.);
#2207 = ORIENTED_EDGE('',*,*,#2208,.T.);
#2208 = EDGE_CURVE('',#2184,#2209,#2211,.T.);
#2209 = VERTEX_POINT('',#2210);
#2210 = CARTESIAN_POINT('',(-4.9,5.5,-3.3));
#2211 = LINE('',#2212,#2213);
#2212 = CARTESIAN_POINT('',(-4.9,4.5,-3.3));
#2213 = VECTOR('',#2214,1.);
#2214 = DIRECTION('',(0.,1.,0.));
#2215 = ORIENTED_EDGE('',*,*,#2216,.T.);
#2216 = EDGE_CURVE('',#2209,#1675,#2217,.T.);
#2217 = LINE('',#2218,#2219);
#2218 = CARTESIAN_POINT('',(-4.9,5.5,-3.3));
#2219 = VECTOR('',#2220,1.);
#2220 = DIRECTION('',(0.,0.,1.));
#2221 = ORIENTED_EDGE('',*,*,#1682,.F.);
#2222 = PLANE('',#2223);
#2223 = AXIS2_PLACEMENT_3D('',#2224,#2225,#2226);
#2224 = CARTESIAN_POINT('',(-4.9,4.5,-3.3));
#2225 = DIRECTION('',(1.,0.,0.));
#2226 = DIRECTION('',(0.,0.,1.));
#2227 = ADVANCED_FACE('',(#2228),#2239,.T.);
#2228 = FACE_BOUND('',#2229,.T.);
#2229 = EDGE_LOOP('',(#2230,#2236,#2237,#2238));
#2230 = ORIENTED_EDGE('',*,*,#2231,.F.);
#2231 = EDGE_CURVE('',#2161,#2209,#2232,.T.);
#2232 = LINE('',#2233,#2234);
#2233 = CARTESIAN_POINT('',(-5.1,5.5,-3.3));
#2234 = VECTOR('',#2235,1.);
#2235 = DIRECTION('',(1.,0.,0.));
#2236 = ORIENTED_EDGE('',*,*,#2168,.T.);
#2237 = ORIENTED_EDGE('',*,*,#1674,.T.);
#2238 = ORIENTED_EDGE('',*,*,#2216,.F.);
#2239 = PLANE('',#2240);
#2240 = AXIS2_PLACEMENT_3D('',#2241,#2242,#2243);
#2241 = CARTESIAN_POINT('',(-5.1,5.5,-3.3));
#2242 = DIRECTION('',(0.,1.,0.));
#2243 = DIRECTION('',(0.,-0.,1.));
#2244 = ADVANCED_FACE('',(#2245),#2264,.T.);
#2245 = FACE_BOUND('',#2246,.T.);
#2246 = EDGE_LOOP('',(#2247,#2248,#2256,#2263));
#2247 = ORIENTED_EDGE('',*,*,#1698,.F.);
#2248 = ORIENTED_EDGE('',*,*,#2249,.F.);
#2249 = EDGE_CURVE('',#2250,#1699,#2252,.T.);
#2250 = VERTEX_POINT('',#2251);
#2251 = CARTESIAN_POINT('',(0.45,5.,-1.));
#2252 = LINE('',#2253,#2254);
#2253 = CARTESIAN_POINT('',(0.45,5.,-1.));
#2254 = VECTOR('',#2255,1.);
#2255 = DIRECTION('',(0.,0.,1.));
#2256 = ORIENTED_EDGE('',*,*,#2257,.T.);
#2257 = EDGE_CURVE('',#2250,#2250,#2258,.T.);
#2258 = CIRCLE('',#2259,0.45);
#2259 = AXIS2_PLACEMENT_3D('',#2260,#2261,#2262);
#2260 = CARTESIAN_POINT('',(0.,5.,-1.));
#2261 = DIRECTION('',(0.,0.,1.));
#2262 = DIRECTION('',(1.,0.,-0.));
#2263 = ORIENTED_EDGE('',*,*,#2249,.T.);
#2264 = CYLINDRICAL_SURFACE('',#2265,0.45);
#2265 = AXIS2_PLACEMENT_3D('',#2266,#2267,#2268);
#2266 = CARTESIAN_POINT('',(0.,5.,-1.));
#2267 = DIRECTION('',(0.,0.,1.));
#2268 = DIRECTION('',(1.,0.,-0.));
#2269 = ADVANCED_FACE('',(#2270),#2295,.F.);
#2270 = FACE_BOUND('',#2271,.F.);
#2271 = EDGE_LOOP('',(#2272,#2280,#2288,#2294));
#2272 = ORIENTED_EDGE('',*,*,#2273,.F.);
#2273 = EDGE_CURVE('',#2274,#1710,#2276,.T.);
#2274 = VERTEX_POINT('',#2275);
#2275 = CARTESIAN_POINT('',(4.9,4.5,-3.3));
#2276 = LINE('',#2277,#2278);
#2277 = CARTESIAN_POINT('',(4.9,4.5,-3.3));
#2278 = VECTOR('',#2279,1.);
#2279 = DIRECTION('',(0.,0.,1.));
#2280 = ORIENTED_EDGE('',*,*,#2281,.T.);
#2281 = EDGE_CURVE('',#2274,#2282,#2284,.T.);
#2282 = VERTEX_POINT('',#2283);
#2283 = CARTESIAN_POINT('',(4.9,5.5,-3.3));
#2284 = LINE('',#2285,#2286);
#2285 = CARTESIAN_POINT('',(4.9,4.5,-3.3));
#2286 = VECTOR('',#2287,1.);
#2287 = DIRECTION('',(0.,1.,0.));
#2288 = ORIENTED_EDGE('',*,*,#2289,.T.);
#2289 = EDGE_CURVE('',#2282,#1712,#2290,.T.);
#2290 = LINE('',#2291,#2292);
#2291 = CARTESIAN_POINT('',(4.9,5.5,-3.3));
#2292 = VECTOR('',#2293,1.);
#2293 = DIRECTION('',(0.,0.,1.));
#2294 = ORIENTED_EDGE('',*,*,#1709,.F.);
#2295 = PLANE('',#2296);
#2296 = AXIS2_PLACEMENT_3D('',#2297,#2298,#2299);
#2297 = CARTESIAN_POINT('',(4.9,4.5,-3.3));
#2298 = DIRECTION('',(1.,0.,0.));
#2299 = DIRECTION('',(0.,0.,1.));
#2300 = ADVANCED_FACE('',(#2301),#2319,.F.);
#2301 = FACE_BOUND('',#2302,.F.);
#2302 = EDGE_LOOP('',(#2303,#2311,#2312,#2313));
#2303 = ORIENTED_EDGE('',*,*,#2304,.F.);
#2304 = EDGE_CURVE('',#2274,#2305,#2307,.T.);
#2305 = VERTEX_POINT('',#2306);
#2306 = CARTESIAN_POINT('',(5.1,4.5,-3.3));
#2307 = LINE('',#2308,#2309);
#2308 = CARTESIAN_POINT('',(4.9,4.5,-3.3));
#2309 = VECTOR('',#2310,1.);
#2310 = DIRECTION('',(1.,0.,0.));
#2311 = ORIENTED_EDGE('',*,*,#2273,.T.);
#2312 = ORIENTED_EDGE('',*,*,#1735,.T.);
#2313 = ORIENTED_EDGE('',*,*,#2314,.F.);
#2314 = EDGE_CURVE('',#2305,#1728,#2315,.T.);
#2315 = LINE('',#2316,#2317);
#2316 = CARTESIAN_POINT('',(5.1,4.5,-3.3));
#2317 = VECTOR('',#2318,1.);
#2318 = DIRECTION('',(0.,0.,1.));
#2319 = PLANE('',#2320);
#2320 = AXIS2_PLACEMENT_3D('',#2321,#2322,#2323);
#2321 = CARTESIAN_POINT('',(4.9,4.5,-3.3));
#2322 = DIRECTION('',(0.,1.,0.));
#2323 = DIRECTION('',(0.,-0.,1.));
#2324 = ADVANCED_FACE('',(#2325),#2343,.T.);
#2325 = FACE_BOUND('',#2326,.T.);
#2326 = EDGE_LOOP('',(#2327,#2328,#2336,#2342));
#2327 = ORIENTED_EDGE('',*,*,#2314,.F.);
#2328 = ORIENTED_EDGE('',*,*,#2329,.T.);
#2329 = EDGE_CURVE('',#2305,#2330,#2332,.T.);
#2330 = VERTEX_POINT('',#2331);
#2331 = CARTESIAN_POINT('',(5.1,5.5,-3.3));
#2332 = LINE('',#2333,#2334);
#2333 = CARTESIAN_POINT('',(5.1,4.5,-3.3));
#2334 = VECTOR('',#2335,1.);
#2335 = DIRECTION('',(0.,1.,0.));
#2336 = ORIENTED_EDGE('',*,*,#2337,.T.);
#2337 = EDGE_CURVE('',#2330,#1720,#2338,.T.);
#2338 = LINE('',#2339,#2340);
#2339 = CARTESIAN_POINT('',(5.1,5.5,-3.3));
#2340 = VECTOR('',#2341,1.);
#2341 = DIRECTION('',(0.,0.,1.));
#2342 = ORIENTED_EDGE('',*,*,#1727,.F.);
#2343 = PLANE('',#2344);
#2344 = AXIS2_PLACEMENT_3D('',#2345,#2346,#2347);
#2345 = CARTESIAN_POINT('',(5.1,4.5,-3.3));
#2346 = DIRECTION('',(1.,0.,0.));
#2347 = DIRECTION('',(0.,0.,1.));
#2348 = ADVANCED_FACE('',(#2349),#2360,.T.);
#2349 = FACE_BOUND('',#2350,.T.);
#2350 = EDGE_LOOP('',(#2351,#2357,#2358,#2359));
#2351 = ORIENTED_EDGE('',*,*,#2352,.F.);
#2352 = EDGE_CURVE('',#2282,#2330,#2353,.T.);
#2353 = LINE('',#2354,#2355);
#2354 = CARTESIAN_POINT('',(4.9,5.5,-3.3));
#2355 = VECTOR('',#2356,1.);
#2356 = DIRECTION('',(1.,0.,0.));
#2357 = ORIENTED_EDGE('',*,*,#2289,.T.);
#2358 = ORIENTED_EDGE('',*,*,#1719,.T.);
#2359 = ORIENTED_EDGE('',*,*,#2337,.F.);
#2360 = PLANE('',#2361);
#2361 = AXIS2_PLACEMENT_3D('',#2362,#2363,#2364);
#2362 = CARTESIAN_POINT('',(4.9,5.5,-3.3));
#2363 = DIRECTION('',(0.,1.,0.));
#2364 = DIRECTION('',(0.,-0.,1.));
#2365 = ADVANCED_FACE('',(#2366),#2378,.F.);
#2366 = FACE_BOUND('',#2367,.F.);
#2367 = EDGE_LOOP('',(#2368,#2369,#2370,#2371));
#2368 = ORIENTED_EDGE('',*,*,#1887,.F.);
#2369 = ORIENTED_EDGE('',*,*,#1749,.T.);
#2370 = ORIENTED_EDGE('',*,*,#1816,.T.);
#2371 = ORIENTED_EDGE('',*,*,#2372,.T.);
#2372 = EDGE_CURVE('',#1817,#1888,#2373,.T.);
#2373 = CIRCLE('',#2374,3.);
#2374 = AXIS2_PLACEMENT_3D('',#2375,#2376,#2377);
#2375 = CARTESIAN_POINT('',(0.,-4.5,2.5));
#2376 = DIRECTION('',(0.,-1.,2.2E-16));
#2377 = DIRECTION('',(1.,0.,0.));
#2378 = PLANE('',#2379);
#2379 = AXIS2_PLACEMENT_3D('',#2380,#2381,#2382);
#2380 = CARTESIAN_POINT('',(-4.5,-4.5,0.));
#2381 = DIRECTION('',(0.,1.,0.));
#2382 = DIRECTION('',(0.,-0.,1.));
#2383 = ADVANCED_FACE('',(#2384),#2395,.T.);
#2384 = FACE_BOUND('',#2385,.T.);
#2385 = EDGE_LOOP('',(#2386,#2392,#2393,#2394));
#2386 = ORIENTED_EDGE('',*,*,#2387,.F.);
#2387 = EDGE_CURVE('',#1935,#1864,#2388,.T.);
#2388 = LINE('',#2389,#2390);
#2389 = CARTESIAN_POINT('',(4.5,-4.5,0.));
#2390 = VECTOR('',#2391,1.);
#2391 = DIRECTION('',(0.,0.,1.));
#2392 = ORIENTED_EDGE('',*,*,#1942,.T.);
#2393 = ORIENTED_EDGE('',*,*,#1798,.T.);
#2394 = ORIENTED_EDGE('',*,*,#1871,.F.);
#2395 = PLANE('',#2396);
#2396 = AXIS2_PLACEMENT_3D('',#2397,#2398,#2399);
#2397 = CARTESIAN_POINT('',(4.5,-4.5,0.));
#2398 = DIRECTION('',(1.,0.,0.));
#2399 = DIRECTION('',(0.,0.,1.));
#2400 = ADVANCED_FACE('',(#2401),#2442,.T.);
#2401 = FACE_BOUND('',#2402,.T.);
#2402 = EDGE_LOOP('',(#2403,#2412,#2420,#2427,#2428,#2435,#2436,#2437,
    #2438,#2439,#2440,#2441));
#2403 = ORIENTED_EDGE('',*,*,#2404,.T.);
#2404 = EDGE_CURVE('',#1927,#2405,#2407,.T.);
#2405 = VERTEX_POINT('',#2406);
#2406 = CARTESIAN_POINT('',(3.,-4.5,2.5));
#2407 = CIRCLE('',#2408,3.);
#2408 = AXIS2_PLACEMENT_3D('',#2409,#2410,#2411);
#2409 = CARTESIAN_POINT('',(0.,-4.5,2.5));
#2410 = DIRECTION('',(0.,-1.,2.2E-16));
#2411 = DIRECTION('',(1.,0.,0.));
#2412 = ORIENTED_EDGE('',*,*,#2413,.T.);
#2413 = EDGE_CURVE('',#2405,#2414,#2416,.T.);
#2414 = VERTEX_POINT('',#2415);
#2415 = CARTESIAN_POINT('',(3.,-5.5,2.5));
#2416 = LINE('',#2417,#2418);
#2417 = CARTESIAN_POINT('',(3.,-3.5,2.5));
#2418 = VECTOR('',#2419,1.);
#2419 = DIRECTION('',(0.,-1.,0.));
#2420 = ORIENTED_EDGE('',*,*,#2421,.F.);
#2421 = EDGE_CURVE('',#2414,#2414,#2422,.T.);
#2422 = CIRCLE('',#2423,3.);
#2423 = AXIS2_PLACEMENT_3D('',#2424,#2425,#2426);
#2424 = CARTESIAN_POINT('',(0.,-5.5,2.5));
#2425 = DIRECTION('',(0.,-1.,0.));
#2426 = DIRECTION('',(1.,0.,0.));
#2427 = ORIENTED_EDGE('',*,*,#2413,.F.);
#2428 = ORIENTED_EDGE('',*,*,#2429,.T.);
#2429 = EDGE_CURVE('',#2405,#1856,#2430,.T.);
#2430 = CIRCLE('',#2431,3.);
#2431 = AXIS2_PLACEMENT_3D('',#2432,#2433,#2434);
#2432 = CARTESIAN_POINT('',(0.,-4.5,2.5));
#2433 = DIRECTION('',(0.,-1.,2.2E-16));
#2434 = DIRECTION('',(1.,0.,0.));
#2435 = ORIENTED_EDGE('',*,*,#1855,.F.);
#2436 = ORIENTED_EDGE('',*,*,#1839,.T.);
#2437 = ORIENTED_EDGE('',*,*,#1824,.T.);
#2438 = ORIENTED_EDGE('',*,*,#2372,.T.);
#2439 = ORIENTED_EDGE('',*,*,#1895,.F.);
#2440 = ORIENTED_EDGE('',*,*,#1909,.T.);
#2441 = ORIENTED_EDGE('',*,*,#1926,.T.);
#2442 = CYLINDRICAL_SURFACE('',#2443,3.);
#2443 = AXIS2_PLACEMENT_3D('',#2444,#2445,#2446);
#2444 = CARTESIAN_POINT('',(0.,-3.5,2.5));
#2445 = DIRECTION('',(0.,-1.,0.));
#2446 = DIRECTION('',(1.,0.,0.));
#2447 = ADVANCED_FACE('',(#2448),#2455,.F.);
#2448 = FACE_BOUND('',#2449,.F.);
#2449 = EDGE_LOOP('',(#2450,#2451,#2452,#2453,#2454));
#2450 = ORIENTED_EDGE('',*,*,#1934,.F.);
#2451 = ORIENTED_EDGE('',*,*,#2404,.T.);
#2452 = ORIENTED_EDGE('',*,*,#2429,.T.);
#2453 = ORIENTED_EDGE('',*,*,#1863,.T.);
#2454 = ORIENTED_EDGE('',*,*,#2387,.F.);
#2455 = PLANE('',#2456);
#2456 = AXIS2_PLACEMENT_3D('',#2457,#2458,#2459);
#2457 = CARTESIAN_POINT('',(-4.5,-4.5,0.));
#2458 = DIRECTION('',(0.,1.,0.));
#2459 = DIRECTION('',(0.,-0.,1.));
#2460 = ADVANCED_FACE('',(#2461),#2464,.F.);
#2461 = FACE_BOUND('',#2462,.T.);
#2462 = EDGE_LOOP('',(#2463));
#2463 = ORIENTED_EDGE('',*,*,#1965,.F.);
#2464 = PLANE('',#2465);
#2465 = AXIS2_PLACEMENT_3D('',#2466,#2467,#2468);
#2466 = CARTESIAN_POINT('',(-5.,-2.5,-1.));
#2467 = DIRECTION('',(0.,0.,1.));
#2468 = DIRECTION('',(1.,0.,-0.));
#2469 = ADVANCED_FACE('',(#2470),#2473,.F.);
#2470 = FACE_BOUND('',#2471,.T.);
#2471 = EDGE_LOOP('',(#2472));
#2472 = ORIENTED_EDGE('',*,*,#1990,.F.);
#2473 = PLANE('',#2474);
#2474 = AXIS2_PLACEMENT_3D('',#2475,#2476,#2477);
#2475 = CARTESIAN_POINT('',(-5.,0.,-1.));
#2476 = DIRECTION('',(0.,0.,1.));
#2477 = DIRECTION('',(1.,0.,-0.));
#2478 = ADVANCED_FACE('',(#2479),#2482,.F.);
#2479 = FACE_BOUND('',#2480,.T.);
#2480 = EDGE_LOOP('',(#2481));
#2481 = ORIENTED_EDGE('',*,*,#2015,.F.);
#2482 = PLANE('',#2483);
#2483 = AXIS2_PLACEMENT_3D('',#2484,#2485,#2486);
#2484 = CARTESIAN_POINT('',(5.,-2.5,-1.));
#2485 = DIRECTION('',(0.,0.,1.));
#2486 = DIRECTION('',(1.,0.,-0.));
#2487 = ADVANCED_FACE('',(#2488),#2494,.F.);
#2488 = FACE_BOUND('',#2489,.F.);
#2489 = EDGE_LOOP('',(#2490,#2491,#2492,#2493));
#2490 = ORIENTED_EDGE('',*,*,#2039,.F.);
#2491 = ORIENTED_EDGE('',*,*,#2062,.T.);
#2492 = ORIENTED_EDGE('',*,*,#2087,.T.);
#2493 = ORIENTED_EDGE('',*,*,#2110,.F.);
#2494 = PLANE('',#2495);
#2495 = AXIS2_PLACEMENT_3D('',#2496,#2497,#2498);
#2496 = CARTESIAN_POINT('',(-0.5,-0.1,-3.3));
#2497 = DIRECTION('',(0.,0.,1.));
#2498 = DIRECTION('',(1.,0.,-0.));
#2499 = ADVANCED_FACE('',(#2500),#2503,.F.);
#2500 = FACE_BOUND('',#2501,.T.);
#2501 = EDGE_LOOP('',(#2502));
#2502 = ORIENTED_EDGE('',*,*,#2136,.F.);
#2503 = PLANE('',#2504);
#2504 = AXIS2_PLACEMENT_3D('',#2505,#2506,#2507);
#2505 = CARTESIAN_POINT('',(5.,0.,-1.));
#2506 = DIRECTION('',(0.,0.,1.));
#2507 = DIRECTION('',(1.,0.,-0.));
#2508 = ADVANCED_FACE('',(#2509),#2515,.F.);
#2509 = FACE_BOUND('',#2510,.F.);
#2510 = EDGE_LOOP('',(#2511,#2512,#2513,#2514));
#2511 = ORIENTED_EDGE('',*,*,#2160,.F.);
#2512 = ORIENTED_EDGE('',*,*,#2183,.T.);
#2513 = ORIENTED_EDGE('',*,*,#2208,.T.);
#2514 = ORIENTED_EDGE('',*,*,#2231,.F.);
#2515 = PLANE('',#2516);
#2516 = AXIS2_PLACEMENT_3D('',#2517,#2518,#2519);
#2517 = CARTESIAN_POINT('',(-5.1,4.5,-3.3));
#2518 = DIRECTION('',(0.,0.,1.));
#2519 = DIRECTION('',(1.,0.,-0.));
#2520 = ADVANCED_FACE('',(#2521),#2524,.F.);
#2521 = FACE_BOUND('',#2522,.T.);
#2522 = EDGE_LOOP('',(#2523));
#2523 = ORIENTED_EDGE('',*,*,#2257,.F.);
#2524 = PLANE('',#2525);
#2525 = AXIS2_PLACEMENT_3D('',#2526,#2527,#2528);
#2526 = CARTESIAN_POINT('',(0.,5.,-1.));
#2527 = DIRECTION('',(0.,0.,1.));
#2528 = DIRECTION('',(1.,0.,-0.));
#2529 = ADVANCED_FACE('',(#2530),#2536,.F.);
#2530 = FACE_BOUND('',#2531,.F.);
#2531 = EDGE_LOOP('',(#2532,#2533,#2534,#2535));
#2532 = ORIENTED_EDGE('',*,*,#2281,.F.);
#2533 = ORIENTED_EDGE('',*,*,#2304,.T.);
#2534 = ORIENTED_EDGE('',*,*,#2329,.T.);
#2535 = ORIENTED_EDGE('',*,*,#2352,.F.);
#2536 = PLANE('',#2537);
#2537 = AXIS2_PLACEMENT_3D('',#2538,#2539,#2540);
#2538 = CARTESIAN_POINT('',(4.9,4.5,-3.3));
#2539 = DIRECTION('',(0.,0.,1.));
#2540 = DIRECTION('',(1.,0.,-0.));
#2541 = ADVANCED_FACE('',(#2542),#2561,.T.);
#2542 = FACE_BOUND('',#2543,.T.);
#2543 = EDGE_LOOP('',(#2544,#2553,#2559,#2560));
#2544 = ORIENTED_EDGE('',*,*,#2545,.F.);
#2545 = EDGE_CURVE('',#2546,#2546,#2548,.T.);
#2546 = VERTEX_POINT('',#2547);
#2547 = CARTESIAN_POINT('',(3.,-6.8,2.5));
#2548 = CIRCLE('',#2549,3.);
#2549 = AXIS2_PLACEMENT_3D('',#2550,#2551,#2552);
#2550 = CARTESIAN_POINT('',(0.,-6.8,2.5));
#2551 = DIRECTION('',(0.,-1.,0.));
#2552 = DIRECTION('',(1.,0.,0.));
#2553 = ORIENTED_EDGE('',*,*,#2554,.F.);
#2554 = EDGE_CURVE('',#2414,#2546,#2555,.T.);
#2555 = LINE('',#2556,#2557);
#2556 = CARTESIAN_POINT('',(3.,-5.5,2.5));
#2557 = VECTOR('',#2558,1.);
#2558 = DIRECTION('',(0.,-1.,0.));
#2559 = ORIENTED_EDGE('',*,*,#2421,.T.);
#2560 = ORIENTED_EDGE('',*,*,#2554,.T.);
#2561 = CYLINDRICAL_SURFACE('',#2562,3.);
#2562 = AXIS2_PLACEMENT_3D('',#2563,#2564,#2565);
#2563 = CARTESIAN_POINT('',(0.,-5.5,2.5));
#2564 = DIRECTION('',(0.,-1.,0.));
#2565 = DIRECTION('',(1.,0.,0.));
#2566 = ADVANCED_FACE('',(#2567,#2578),#2581,.T.);
#2567 = FACE_BOUND('',#2568,.T.);
#2568 = EDGE_LOOP('',(#2569));
#2569 = ORIENTED_EDGE('',*,*,#2570,.F.);
#2570 = EDGE_CURVE('',#2571,#2571,#2573,.T.);
#2571 = VERTEX_POINT('',#2572);
#2572 = CARTESIAN_POINT('',(2.15,-6.8,2.5));
#2573 = CIRCLE('',#2574,2.15);
#2574 = AXIS2_PLACEMENT_3D('',#2575,#2576,#2577);
#2575 = CARTESIAN_POINT('',(0.,-6.8,2.5));
#2576 = DIRECTION('',(0.,-1.,2.2E-16));
#2577 = DIRECTION('',(1.,0.,0.));
#2578 = FACE_BOUND('',#2579,.T.);
#2579 = EDGE_LOOP('',(#2580));
#2580 = ORIENTED_EDGE('',*,*,#2545,.T.);
#2581 = PLANE('',#2582);
#2582 = AXIS2_PLACEMENT_3D('',#2583,#2584,#2585);
#2583 = CARTESIAN_POINT('',(0.,-6.8,2.5));
#2584 = DIRECTION('',(0.,-1.,0.));
#2585 = DIRECTION('',(1.,0.,0.));
#2586 = ADVANCED_FACE('',(#2587),#2606,.F.);
#2587 = FACE_BOUND('',#2588,.F.);
#2588 = EDGE_LOOP('',(#2589,#2598,#2604,#2605));
#2589 = ORIENTED_EDGE('',*,*,#2590,.T.);
#2590 = EDGE_CURVE('',#2591,#2591,#2593,.T.);
#2591 = VERTEX_POINT('',#2592);
#2592 = CARTESIAN_POINT('',(1.75,-6.4,2.5));
#2593 = CIRCLE('',#2594,1.75);
#2594 = AXIS2_PLACEMENT_3D('',#2595,#2596,#2597);
#2595 = CARTESIAN_POINT('',(0.,-6.4,2.5));
#2596 = DIRECTION('',(0.,-1.,2.2E-16));
#2597 = DIRECTION('',(1.,0.,0.));
#2598 = ORIENTED_EDGE('',*,*,#2599,.F.);
#2599 = EDGE_CURVE('',#2571,#2591,#2600,.T.);
#2600 = LINE('',#2601,#2602);
#2601 = CARTESIAN_POINT('',(1.75,-6.4,2.5));
#2602 = VECTOR('',#2603,1.);
#2603 = DIRECTION('',(-0.707106781187,0.707106781187,-1.599999999999E-16
    ));
#2604 = ORIENTED_EDGE('',*,*,#2570,.F.);
#2605 = ORIENTED_EDGE('',*,*,#2599,.T.);
#2606 = CONICAL_SURFACE('',#2607,1.75,0.785398163397);
#2607 = AXIS2_PLACEMENT_3D('',#2608,#2609,#2610);
#2608 = CARTESIAN_POINT('',(0.,-6.4,2.5));
#2609 = DIRECTION('',(0.,-1.,2.2E-16));
#2610 = DIRECTION('',(1.,0.,0.));
#2611 = ADVANCED_FACE('',(#2612),#2631,.F.);
#2612 = FACE_BOUND('',#2613,.F.);
#2613 = EDGE_LOOP('',(#2614,#2622,#2623,#2624));
#2614 = ORIENTED_EDGE('',*,*,#2615,.T.);
#2615 = EDGE_CURVE('',#2616,#2591,#2618,.T.);
#2616 = VERTEX_POINT('',#2617);
#2617 = CARTESIAN_POINT('',(1.75,-5.5,2.5));
#2618 = LINE('',#2619,#2620);
#2619 = CARTESIAN_POINT('',(1.75,2.5,2.5));
#2620 = VECTOR('',#2621,1.);
#2621 = DIRECTION('',(0.,-1.,0.));
#2622 = ORIENTED_EDGE('',*,*,#2590,.F.);
#2623 = ORIENTED_EDGE('',*,*,#2615,.F.);
#2624 = ORIENTED_EDGE('',*,*,#2625,.T.);
#2625 = EDGE_CURVE('',#2616,#2616,#2626,.T.);
#2626 = CIRCLE('',#2627,1.75);
#2627 = AXIS2_PLACEMENT_3D('',#2628,#2629,#2630);
#2628 = CARTESIAN_POINT('',(0.,-5.5,2.5));
#2629 = DIRECTION('',(0.,-1.,2.2E-16));
#2630 = DIRECTION('',(1.,0.,0.));
#2631 = CYLINDRICAL_SURFACE('',#2632,1.75);
#2632 = AXIS2_PLACEMENT_3D('',#2633,#2634,#2635);
#2633 = CARTESIAN_POINT('',(0.,2.5,2.5));
#2634 = DIRECTION('',(0.,-1.,0.));
#2635 = DIRECTION('',(1.,0.,0.));
#2636 = ADVANCED_FACE('',(#2637),#2656,.F.);
#2637 = FACE_BOUND('',#2638,.F.);
#2638 = EDGE_LOOP('',(#2639,#2640,#2648,#2655));
#2639 = ORIENTED_EDGE('',*,*,#2625,.F.);
#2640 = ORIENTED_EDGE('',*,*,#2641,.F.);
#2641 = EDGE_CURVE('',#2642,#2616,#2644,.T.);
#2642 = VERTEX_POINT('',#2643);
#2643 = CARTESIAN_POINT('',(1.75,2.5,2.5));
#2644 = LINE('',#2645,#2646);
#2645 = CARTESIAN_POINT('',(1.75,2.5,2.5));
#2646 = VECTOR('',#2647,1.);
#2647 = DIRECTION('',(0.,-1.,0.));
#2648 = ORIENTED_EDGE('',*,*,#2649,.T.);
#2649 = EDGE_CURVE('',#2642,#2642,#2650,.T.);
#2650 = CIRCLE('',#2651,1.75);
#2651 = AXIS2_PLACEMENT_3D('',#2652,#2653,#2654);
#2652 = CARTESIAN_POINT('',(0.,2.5,2.5));
#2653 = DIRECTION('',(0.,-1.,0.));
#2654 = DIRECTION('',(1.,0.,0.));
#2655 = ORIENTED_EDGE('',*,*,#2641,.T.);
#2656 = CYLINDRICAL_SURFACE('',#2657,1.75);
#2657 = AXIS2_PLACEMENT_3D('',#2658,#2659,#2660);
#2658 = CARTESIAN_POINT('',(0.,2.5,2.5));
#2659 = DIRECTION('',(0.,-1.,0.));
#2660 = DIRECTION('',(1.,0.,0.));
#2661 = ADVANCED_FACE('',(#2662),#2665,.T.);
#2662 = FACE_BOUND('',#2663,.F.);
#2663 = EDGE_LOOP('',(#2664));
#2664 = ORIENTED_EDGE('',*,*,#2649,.F.);
#2665 = PLANE('',#2666);
#2666 = AXIS2_PLACEMENT_3D('',#2667,#2668,#2669);
#2667 = CARTESIAN_POINT('',(0.,2.5,2.5));
#2668 = DIRECTION('',(0.,-1.,0.));
#2669 = DIRECTION('',(1.,0.,0.));
#2670 = ( GEOMETRIC_REPRESENTATION_CONTEXT(3) 
GLOBAL_UNCERTAINTY_ASSIGNED_CONTEXT((#2674)) 
GLOBAL_UNIT_ASSIGNED_CONTEXT((#2671,#2672,#2673)) REPRESENTATION_CONTEXT
('Context #1','3D Context with UNIT and UNCERTAINTY') );
#2671 = ( LENGTH_UNIT() NAMED_UNIT(*) SI_UNIT(.MILLI.,.METRE.) );
#2672 = ( NAMED_UNIT(*) PLANE_ANGLE_UNIT() SI_UNIT($,.RADIAN.) );
#2673 = ( NAMED_UNIT(*) SI_UNIT($,.STERADIAN.) SOLID_ANGLE_UNIT() );
#2674 = UNCERTAINTY_MEASURE_WITH_UNIT(LENGTH_MEASURE(1.E-07),#2671,
  'distance_accuracy_value','confusion accuracy');
#2675 = CONTEXT_DEPENDENT_SHAPE_REPRESENTATION(#2676,#2678);
#2676 = ( REPRESENTATION_RELATIONSHIP('','',#1385,#1362) 
REPRESENTATION_RELATIONSHIP_WITH_TRANSFORMATION(#2677) 
SHAPE_REPRESENTATION_RELATIONSHIP() );
#2677 = ITEM_DEFINED_TRANSFORMATION('','',#11,#1363);
#2678 = PRODUCT_DEFINITION_SHAPE('Placement','Placement of an item',
  #2679);
#2679 = NEXT_ASSEMBLY_USAGE_OCCURRENCE('6','=>[0:1:1:7]','',#1357,#1380,
  $);
#2680 = PRODUCT_RELATED_PRODUCT_CATEGORY('part',$,(#1382));
#2681 = CONTEXT_DEPENDENT_SHAPE_REPRESENTATION(#2682,#2684);
#2682 = ( REPRESENTATION_RELATIONSHIP('','',#933,#10) 
REPRESENTATION_RELATIONSHIP_WITH_TRANSFORMATION(#2683) 
SHAPE_REPRESENTATION_RELATIONSHIP() );
#2683 = ITEM_DEFINED_TRANSFORMATION('','',#11,#31);
#2684 = PRODUCT_DEFINITION_SHAPE('Placement','Placement of an item',
  #2685);
#2685 = NEXT_ASSEMBLY_USAGE_OCCURRENCE('8','R6','',#5,#928,$);
#2686 = SHAPE_DEFINITION_REPRESENTATION(#2687,#2693);
#2687 = PRODUCT_DEFINITION_SHAPE('','',#2688);
#2688 = PRODUCT_DEFINITION('design','',#2689,#2692);
#2689 = PRODUCT_DEFINITION_FORMATION('','',#2690);
#2690 = PRODUCT('C_Disc_D5.0mm_W2.5mm_P5.00mm',
  'C_Disc_D5.0mm_W2.5mm_P5.00mm','',(#2691));
#2691 = PRODUCT_CONTEXT('',#2,'mechanical');
#2692 = PRODUCT_DEFINITION_CONTEXT('part definition',#2,'design');
#2693 = SHAPE_REPRESENTATION('',(#11,#2694),#2698);
#2694 = AXIS2_PLACEMENT_3D('',#2695,#2696,#2697);
#2695 = CARTESIAN_POINT('',(0.,0.,0.));
#2696 = DIRECTION('',(0.,0.,1.));
#2697 = DIRECTION('',(1.,0.,-0.));
#2698 = ( GEOMETRIC_REPRESENTATION_CONTEXT(3) 
GLOBAL_UNCERTAINTY_ASSIGNED_CONTEXT((#2702)) 
GLOBAL_UNIT_ASSIGNED_CONTEXT((#2699,#2700,#2701)) REPRESENTATION_CONTEXT
('Context #1','3D Context with UNIT and UNCERTAINTY') );
#2699 = ( LENGTH_UNIT() NAMED_UNIT(*) SI_UNIT(.MILLI.,.METRE.) );
#2700 = ( NAMED_UNIT(*) PLANE_ANGLE_UNIT() SI_UNIT($,.RADIAN.) );
#2701 = ( NAMED_UNIT(*) SI_UNIT($,.STERADIAN.) SOLID_ANGLE_UNIT() );
#2702 = UNCERTAINTY_MEASURE_WITH_UNIT(LENGTH_MEASURE(2.E-07),#2699,
  'distance_accuracy_value','confusion accuracy');
#2703 = CONTEXT_DEPENDENT_SHAPE_REPRESENTATION(#2704,#2706);
#2704 = ( REPRESENTATION_RELATIONSHIP('','',#2693,#10) 
REPRESENTATION_RELATIONSHIP_WITH_TRANSFORMATION(#2705) 
SHAPE_REPRESENTATION_RELATIONSHIP() );
#2705 = ITEM_DEFINED_TRANSFORMATION('','',#11,#35);
#2706 = PRODUCT_DEFINITION_SHAPE('Placement','Placement of an item',
  #2707);
#2707 = NEXT_ASSEMBLY_USAGE_OCCURRENCE('10','C3','',#5,#2688,$);
#2708 = PRODUCT_RELATED_PRODUCT_CATEGORY('part',$,(#2690));
#2709 = SHAPE_DEFINITION_REPRESENTATION(#2710,#2716);
#2710 = PRODUCT_DEFINITION_SHAPE('','',#2711);
#2711 = PRODUCT_DEFINITION('design','',#2712,#2715);
#2712 = PRODUCT_DEFINITION_FORMATION('','',#2713);
#2713 = PRODUCT('C_Disc_D50mm_W25mm_P500mm','C_Disc_D50mm_W25mm_P500mm',
  '',(#2714));
#2714 = PRODUCT_CONTEXT('',#2,'mechanical');
#2715 = PRODUCT_DEFINITION_CONTEXT('part definition',#2,'design');
#2716 = ADVANCED_BREP_SHAPE_REPRESENTATION('',(#11,#2717),#3199);
#2717 = MANIFOLD_SOLID_BREP('',#2718);
#2718 = CLOSED_SHELL('',(#2719,#2736,#2761,#2791,#2925,#3026,#3108,#3135
    ,#3165,#3190));
#2719 = ADVANCED_FACE('',(#2720),#2731,.T.);
#2720 = FACE_BOUND('',#2721,.F.);
#2721 = EDGE_LOOP('',(#2722));
#2722 = ORIENTED_EDGE('',*,*,#2723,.T.);
#2723 = EDGE_CURVE('',#2724,#2724,#2726,.T.);
#2724 = VERTEX_POINT('',#2725);
#2725 = CARTESIAN_POINT('',(5.,0.25,-2.));
#2726 = CIRCLE('',#2727,0.25);
#2727 = AXIS2_PLACEMENT_3D('',#2728,#2729,#2730);
#2728 = CARTESIAN_POINT('',(5.,0.,-2.));
#2729 = DIRECTION('',(0.,-0.,1.));
#2730 = DIRECTION('',(1.144237745222E-17,1.,0.));
#2731 = PLANE('',#2732);
#2732 = AXIS2_PLACEMENT_3D('',#2733,#2734,#2735);
#2733 = CARTESIAN_POINT('',(5.,0.25,-2.));
#2734 = DIRECTION('',(-0.,0.,-1.));
#2735 = DIRECTION('',(-1.144237745222E-17,-1.,0.));
#2736 = ADVANCED_FACE('',(#2737),#2756,.T.);
#2737 = FACE_BOUND('',#2738,.T.);
#2738 = EDGE_LOOP('',(#2739,#2747,#2754,#2755));
#2739 = ORIENTED_EDGE('',*,*,#2740,.T.);
#2740 = EDGE_CURVE('',#2724,#2741,#2743,.T.);
#2741 = VERTEX_POINT('',#2742);
#2742 = CARTESIAN_POINT('',(5.,0.25,0.85));
#2743 = LINE('',#2744,#2745);
#2744 = CARTESIAN_POINT('',(5.,0.25,-2.));
#2745 = VECTOR('',#2746,1.);
#2746 = DIRECTION('',(0.,0.,1.));
#2747 = ORIENTED_EDGE('',*,*,#2748,.F.);
#2748 = EDGE_CURVE('',#2741,#2741,#2749,.T.);
#2749 = CIRCLE('',#2750,0.25);
#2750 = AXIS2_PLACEMENT_3D('',#2751,#2752,#2753);
#2751 = CARTESIAN_POINT('',(5.,0.,0.85));
#2752 = DIRECTION('',(0.,-0.,1.));
#2753 = DIRECTION('',(1.144237745222E-17,1.,0.));
#2754 = ORIENTED_EDGE('',*,*,#2740,.F.);
#2755 = ORIENTED_EDGE('',*,*,#2723,.T.);
#2756 = CYLINDRICAL_SURFACE('',#2757,0.25);
#2757 = AXIS2_PLACEMENT_3D('',#2758,#2759,#2760);
#2758 = CARTESIAN_POINT('',(5.,0.,-2.));
#2759 = DIRECTION('',(0.,-0.,-1.));
#2760 = DIRECTION('',(1.144237745222E-17,1.,0.));
#2761 = ADVANCED_FACE('',(#2762),#2782,.F.);
#2762 = FACE_BOUND('',#2763,.F.);
#2763 = EDGE_LOOP('',(#2764,#2773,#2774,#2775));
#2764 = ORIENTED_EDGE('',*,*,#2765,.F.);
#2765 = EDGE_CURVE('',#2741,#2766,#2768,.T.);
#2766 = VERTEX_POINT('',#2767);
#2767 = CARTESIAN_POINT('',(4.933012701892,0.25,1.1));
#2768 = CIRCLE('',#2769,0.5);
#2769 = AXIS2_PLACEMENT_3D('',#2770,#2771,#2772);
#2770 = CARTESIAN_POINT('',(4.5,0.25,0.85));
#2771 = DIRECTION('',(-1.144237745222E-17,-1.,0.));
#2772 = DIRECTION('',(1.,-1.144237745222E-17,0.));
#2773 = ORIENTED_EDGE('',*,*,#2748,.F.);
#2774 = ORIENTED_EDGE('',*,*,#2765,.T.);
#2775 = ORIENTED_EDGE('',*,*,#2776,.T.);
#2776 = EDGE_CURVE('',#2766,#2766,#2777,.T.);
#2777 = CIRCLE('',#2778,0.25);
#2778 = AXIS2_PLACEMENT_3D('',#2779,#2780,#2781);
#2779 = CARTESIAN_POINT('',(4.933012701892,5.500816221034E-34,1.1));
#2780 = DIRECTION('',(-0.5,5.721188726112E-18,0.866025403784));
#2781 = DIRECTION('',(1.144237745222E-17,1.,0.));
#2782 = SURFACE_OF_REVOLUTION('',#2783,#2788);
#2783 = CIRCLE('',#2784,0.25);
#2784 = AXIS2_PLACEMENT_3D('',#2785,#2786,#2787);
#2785 = CARTESIAN_POINT('',(5.,0.,0.85));
#2786 = DIRECTION('',(0.,-0.,1.));
#2787 = DIRECTION('',(1.144237745222E-17,1.,0.));
#2788 = AXIS1_PLACEMENT('',#2789,#2790);
#2789 = CARTESIAN_POINT('',(4.5,-4.,0.85));
#2790 = DIRECTION('',(-1.144237745222E-17,-1.,0.));
#2791 = ADVANCED_FACE('',(#2792),#2920,.T.);
#2792 = FACE_BOUND('',#2793,.T.);
#2793 = EDGE_LOOP('',(#2794,#2802,#2839,#2895,#2918,#2919));
#2794 = ORIENTED_EDGE('',*,*,#2795,.T.);
#2795 = EDGE_CURVE('',#2766,#2796,#2798,.T.);
#2796 = VERTEX_POINT('',#2797);
#2797 = CARTESIAN_POINT('',(4.598334876348,0.25,1.67967899801));
#2798 = LINE('',#2799,#2800);
#2799 = CARTESIAN_POINT('',(4.933012701892,0.25,1.1));
#2800 = VECTOR('',#2801,1.);
#2801 = DIRECTION('',(-0.5,5.721188726112E-18,0.866025403784));
#2802 = ORIENTED_EDGE('',*,*,#2803,.F.);
#2803 = EDGE_CURVE('',#2804,#2796,#2806,.T.);
#2804 = VERTEX_POINT('',#2805);
#2805 = CARTESIAN_POINT('',(4.849268064747,2.22044604925E-16,
    1.745049966396));
#2806 = B_SPLINE_CURVE_WITH_KNOTS('',7,(#2807,#2808,#2809,#2810,#2811,
    #2812,#2813,#2814,#2815,#2816,#2817,#2818,#2819,#2820,#2821,#2822,
    #2823,#2824,#2825,#2826,#2827,#2828,#2829,#2830,#2831,#2832,#2833,
    #2834,#2835,#2836,#2837,#2838),.UNSPECIFIED.,.F.,.F.,(8,6,6,6,6,8),(
    0.,0.241763709565,0.410219393977,0.53652090117,0.746819928834,1.),
  .UNSPECIFIED.);
#2807 = CARTESIAN_POINT('',(4.849268064747,2.22044604925E-16,
    1.745049966396));
#2808 = CARTESIAN_POINT('',(4.844364001498,1.001758874615E-02,
    1.753544053108));
#2809 = CARTESIAN_POINT('',(4.839050542048,2.032222277663E-02,
    1.761810882376));
#2810 = CARTESIAN_POINT('',(4.833282119644,3.09553234543E-02,
    1.769830860094));
#2811 = CARTESIAN_POINT('',(4.827007808277,4.19533636841E-02,
    1.777563706468));
#2812 = CARTESIAN_POINT('',(4.820156869887,5.335972239721E-02,
    1.784937757425));
#2813 = CARTESIAN_POINT('',(4.812654445026,6.521344490044E-02,
    1.791860790374));
#2814 = CARTESIAN_POINT('',(4.798541655418,8.626048624641E-02,
    1.802556496601));
#2815 = CARTESIAN_POINT('',(4.792502758244,9.494432076344E-02,
    1.80653384436));
#2816 = CARTESIAN_POINT('',(4.786214684815,0.103658414056,1.810054547962
    ));
#2817 = CARTESIAN_POINT('',(4.779676548822,0.112384519975,1.813070715723
    ));
#2818 = CARTESIAN_POINT('',(4.772892242487,0.121096801108,1.815528388152
    ));
#2819 = CARTESIAN_POINT('',(4.765870436561,0.129761828785,1.817367537947
    ));
#2820 = CARTESIAN_POINT('',(4.753191919698,0.144769099183,1.819387693132
    ));
#2821 = CARTESIAN_POINT('',(4.747633142674,0.151151003548,1.819870466346
    ));
#2822 = CARTESIAN_POINT('',(4.741957304551,0.157462287585,1.819940124931
    ));
#2823 = CARTESIAN_POINT('',(4.736177207874,0.16367854908,1.819570425239)
  );
#2824 = CARTESIAN_POINT('',(4.730309402433,0.169772992177,1.818739144678
    ));
#2825 = CARTESIAN_POINT('',(4.724374185264,0.175716427387,1.817428081711
    ));
#2826 = CARTESIAN_POINT('',(4.708440925053,0.191069397272,1.812617587517
    ));
#2827 = CARTESIAN_POINT('',(4.698342251762,0.200179567672,1.808239048518
    ));
#2828 = CARTESIAN_POINT('',(4.688276068011,0.208600246808,1.802446960471
    ));
#2829 = CARTESIAN_POINT('',(4.678382446843,0.216203663219,1.795293526394
    ));
#2830 = CARTESIAN_POINT('',(4.668780572755,0.222911046087,1.786901062703
    ));
#2831 = CARTESIAN_POINT('',(4.659576067045,0.228682208447,1.777454057665
    ));
#2832 = CARTESIAN_POINT('',(4.640366931202,0.239356313732,1.754867994485
    ));
#2833 = CARTESIAN_POINT('',(4.631423567489,0.24337539305,1.742360451828)
  );
#2834 = CARTESIAN_POINT('',(4.623444904041,0.246276217548,1.729806365285
    ));
#2835 = CARTESIAN_POINT('',(4.616297148448,0.248221538981,1.717250157528
    ));
#2836 = CARTESIAN_POINT('',(4.60978615485,0.249434404961,1.704718873159)
  );
#2837 = CARTESIAN_POINT('',(4.603828651289,0.249999998934,1.692204820721
    ));
#2838 = CARTESIAN_POINT('',(4.598334876348,0.25,1.67967899801));
#2839 = ORIENTED_EDGE('',*,*,#2840,.F.);
#2840 = EDGE_CURVE('',#2841,#2804,#2843,.T.);
#2841 = VERTEX_POINT('',#2842);
#2842 = CARTESIAN_POINT('',(4.579497089263,2.22044604925E-16,
    1.212307002343));
#2843 = B_SPLINE_CURVE_WITH_KNOTS('',8,(#2844,#2845,#2846,#2847,#2848,
    #2849,#2850,#2851,#2852,#2853,#2854,#2855,#2856,#2857,#2858,#2859,
    #2860,#2861,#2862,#2863,#2864,#2865,#2866,#2867,#2868,#2869,#2870,
    #2871,#2872,#2873,#2874,#2875,#2876,#2877,#2878,#2879,#2880,#2881,
    #2882,#2883,#2884,#2885,#2886,#2887,#2888,#2889,#2890,#2891,#2892,
    #2893,#2894),.UNSPECIFIED.,.F.,.F.,(9,7,7,7,7,7,7,9),(0.,
    0.19078736286,0.369786424479,0.513703292981,0.651485740399,
    0.719841574329,0.850671073529,1.),.UNSPECIFIED.);
#2844 = CARTESIAN_POINT('',(4.579497089263,2.498001805407E-16,
    1.212307002343));
#2845 = CARTESIAN_POINT('',(4.573387972941,-1.460665884341E-02,
    1.222888302202));
#2846 = CARTESIAN_POINT('',(4.567872793808,-2.901585421323E-02,
    1.234391492263));
#2847 = CARTESIAN_POINT('',(4.562924967853,-4.321614467519E-02,
    1.246770598809));
#2848 = CARTESIAN_POINT('',(4.558529269717,-5.719266388664E-02,
    1.259994825522));
#2849 = CARTESIAN_POINT('',(4.554678380237,-7.092786565873E-02,
    1.274043557557));
#2850 = CARTESIAN_POINT('',(4.551371358063,-8.440178729829E-02,
    1.288904308098));
#2851 = CARTESIAN_POINT('',(4.54861403534,-9.75918312297E-02,
    1.304573607428));
#2852 = CARTESIAN_POINT('',(4.544364121213,-0.122556459299,
    1.336529354653));
#2853 = CARTESIAN_POINT('',(4.54280525738,-0.134360058047,1.352707443955
    ));
#2854 = CARTESIAN_POINT('',(4.541755282839,-0.145866851387,
    1.369607709551));
#2855 = CARTESIAN_POINT('',(4.541233573854,-0.157050082566,
    1.387243425374));
#2856 = CARTESIAN_POINT('',(4.541269384929,-0.167871628778,
    1.405629460697));
#2857 = CARTESIAN_POINT('',(4.541900768006,-0.178282922567,
    1.424780748836));
#2858 = CARTESIAN_POINT('',(4.543178413136,-0.188223408141,
    1.444716731634));
#2859 = CARTESIAN_POINT('',(4.546791913086,-0.205161463833,
    1.482174244549));
#2860 = CARTESIAN_POINT('',(4.548867568358,-0.212336815491,
    1.499365112402));
#2861 = CARTESIAN_POINT('',(4.551449322994,-0.21911262951,1.517101248612
    ));
#2862 = CARTESIAN_POINT('',(4.554588949033,-0.225434790367,
    1.535405455025));
#2863 = CARTESIAN_POINT('',(4.558351203287,-0.23121980149,1.554273840107
    ));
#2864 = CARTESIAN_POINT('',(4.562809380792,-0.236360279408,1.57367194637
    ));
#2865 = CARTESIAN_POINT('',(4.56804938678,-0.240723818141,1.593536348114
    ));
#2866 = CARTESIAN_POINT('',(4.580083375897,-0.247394677691,
    1.633180338834));
#2867 = CARTESIAN_POINT('',(4.586845109335,-0.249805464857,1.65307009704
    ));
#2868 = CARTESIAN_POINT('',(4.594548081019,-0.25114837322,1.673181590757
    ));
#2869 = CARTESIAN_POINT('',(4.603234095602,-0.251199397317,
    1.693144207547));
#2870 = CARTESIAN_POINT('',(4.612904709005,-0.249766604459,
    1.712525487432));
#2871 = CARTESIAN_POINT('',(4.623510669589,-0.246703489644,
    1.730835828697));
#2872 = CARTESIAN_POINT('',(4.634913431764,-0.241958998128,
    1.747561890486));
#2873 = CARTESIAN_POINT('',(4.652674340329,-0.232636318869,
    1.769587500065));
#2874 = CARTESIAN_POINT('',(4.658793561142,-0.229121074946,
    1.776545002843));
#2875 = CARTESIAN_POINT('',(4.665132494898,-0.225165084099,1.78308873275
    ));
#2876 = CARTESIAN_POINT('',(4.671673437455,-0.220762392381,
    1.789157782984));
#2877 = CARTESIAN_POINT('',(4.678390938392,-0.215918012519,
    1.794697882872));
#2878 = CARTESIAN_POINT('',(4.685251801011,-0.210647923916,1.79966139787
    ));
#2879 = CARTESIAN_POINT('',(4.692215082337,-0.204979072648,1.80400732956
    ));
#2880 = CARTESIAN_POINT('',(4.712662285579,-0.187408838047,
    1.814771412284));
#2881 = CARTESIAN_POINT('',(4.725089984166,-0.175584738619,
    1.818840798146));
#2882 = CARTESIAN_POINT('',(4.736706919844,-0.16366938184,1.820787771474
    ));
#2883 = CARTESIAN_POINT('',(4.747577380936,-0.151759451498,
    1.821004004895));
#2884 = CARTESIAN_POINT('',(4.757786419455,-0.13992141729,1.819855513126
    ));
#2885 = CARTESIAN_POINT('',(4.767404145421,-0.128164571922,
    1.817548969936));
#2886 = CARTESIAN_POINT('',(4.776513227192,-0.116465113698,
    1.814245747812));
#2887 = CARTESIAN_POINT('',(4.795110133981,-9.138315207225E-02,
    1.805184241801));
#2888 = CARTESIAN_POINT('',(4.804401047084,-7.808906169928E-02,
    1.79917878212));
#2889 = CARTESIAN_POINT('',(4.813131750415,-6.487082818957E-02,
    1.792169953268));
#2890 = CARTESIAN_POINT('',(4.821336999308,-5.173108947652E-02,
    1.784267640052));
#2891 = CARTESIAN_POINT('',(4.829040151353,-3.867252726795E-02,
    1.77555243203));
#2892 = CARTESIAN_POINT('',(4.836257613555,-2.569717297862E-02,
    1.766085410303));
#2893 = CARTESIAN_POINT('',(4.842998828532,-1.280624391766E-02,
    1.755908602047));
#2894 = CARTESIAN_POINT('',(4.849268064747,2.498001805407E-16,
    1.745049966396));
#2895 = ORIENTED_EDGE('',*,*,#2896,.F.);
#2896 = EDGE_CURVE('',#2796,#2841,#2897,.T.);
#2897 = B_SPLINE_CURVE_WITH_KNOTS('',7,(#2898,#2899,#2900,#2901,#2902,
    #2903,#2904,#2905,#2906,#2907,#2908,#2909,#2910,#2911,#2912,#2913,
    #2914,#2915,#2916,#2917),.UNSPECIFIED.,.F.,.F.,(8,6,6,8),(0.,
    0.281994812219,0.607907449028,1.),.UNSPECIFIED.);
#2898 = CARTESIAN_POINT('',(4.598334876348,0.25,1.67967899801));
#2899 = CARTESIAN_POINT('',(4.59140316225,0.249999998655,1.663874664792)
  );
#2900 = CARTESIAN_POINT('',(4.584779319419,0.249097702928,1.647066430358
    ));
#2901 = CARTESIAN_POINT('',(4.57848797922,0.247237965056,1.629245900853)
  );
#2902 = CARTESIAN_POINT('',(4.572567416869,0.244351132052,1.610414633265
    ));
#2903 = CARTESIAN_POINT('',(4.567069136716,0.240354966676,1.590588712837
    ));
#2904 = CARTESIAN_POINT('',(4.562056059024,0.235162078935,1.569806567483
    ));
#2905 = CARTESIAN_POINT('',(4.552465184222,0.221156737986,1.523036611148
    ));
#2906 = CARTESIAN_POINT('',(4.548017978227,0.211820586954,1.496455272772
    ));
#2907 = CARTESIAN_POINT('',(4.544499521247,0.2005382536,1.468779146536)
  );
#2908 = CARTESIAN_POINT('',(4.542122564392,0.187310533223,1.440582892474
    ));
#2909 = CARTESIAN_POINT('',(4.541040445648,0.172323535548,1.41259935383)
  );
#2910 = CARTESIAN_POINT('',(4.541313919702,0.156017752716,1.385700124238
    ));
#2911 = CARTESIAN_POINT('',(4.54438761915,0.119293483306,1.331066240948)
  );
#2912 = CARTESIAN_POINT('',(4.547692372034,9.868060220454E-02,
    1.304224275262));
#2913 = CARTESIAN_POINT('',(4.552320107241,7.804002353955E-02,
    1.280481999293));
#2914 = CARTESIAN_POINT('',(4.557990364705,5.773102402524E-02,
    1.259686288118));
#2915 = CARTESIAN_POINT('',(4.564484824922,3.794535222575E-02,
    1.241582242932));
#2916 = CARTESIAN_POINT('',(4.571664728431,1.872686925256E-02,
    1.225873049248));
#2917 = CARTESIAN_POINT('',(4.579497089263,2.22044604925E-16,
    1.212307002343));
#2918 = ORIENTED_EDGE('',*,*,#2795,.F.);
#2919 = ORIENTED_EDGE('',*,*,#2776,.T.);
#2920 = CYLINDRICAL_SURFACE('',#2921,0.25);
#2921 = AXIS2_PLACEMENT_3D('',#2922,#2923,#2924);
#2922 = CARTESIAN_POINT('',(4.933012701892,0.,1.1));
#2923 = DIRECTION('',(0.5,-5.721188726112E-18,-0.866025403784));
#2924 = DIRECTION('',(1.144237745222E-17,1.,0.));
#2925 = ADVANCED_FACE('',(#2926),#3021,.T.);
#2926 = FACE_BOUND('',#2927,.T.);
#2927 = EDGE_LOOP('',(#2928,#2939,#2940,#2947,#2948,#2949,#2958,#3014));
#2928 = ORIENTED_EDGE('',*,*,#2929,.F.);
#2929 = EDGE_CURVE('',#2930,#2932,#2934,.T.);
#2930 = VERTEX_POINT('',#2931);
#2931 = CARTESIAN_POINT('',(2.5,1.25,2.6));
#2932 = VERTEX_POINT('',#2933);
#2933 = CARTESIAN_POINT('',(-8.881784197001E-16,2.22044604925E-16,2.6));
#2934 = CIRCLE('',#2935,3.125);
#2935 = AXIS2_PLACEMENT_3D('',#2936,#2937,#2938);
#2936 = CARTESIAN_POINT('',(2.5,-1.875,2.6));
#2937 = DIRECTION('',(0.,0.,1.));
#2938 = DIRECTION('',(-7.105427357601E-16,1.,0.));
#2939 = ORIENTED_EDGE('',*,*,#2929,.T.);
#2940 = ORIENTED_EDGE('',*,*,#2941,.F.);
#2941 = EDGE_CURVE('',#2804,#2932,#2942,.T.);
#2942 = CIRCLE('',#2943,2.5);
#2943 = AXIS2_PLACEMENT_3D('',#2944,#2945,#2946);
#2944 = CARTESIAN_POINT('',(2.5,2.22044604925E-16,2.6));
#2945 = DIRECTION('',(0.,-1.,0.));
#2946 = DIRECTION('',(-1.,0.,0.));
#2947 = ORIENTED_EDGE('',*,*,#2803,.T.);
#2948 = ORIENTED_EDGE('',*,*,#2896,.T.);
#2949 = ORIENTED_EDGE('',*,*,#2950,.F.);
#2950 = EDGE_CURVE('',#2951,#2841,#2953,.T.);
#2951 = VERTEX_POINT('',#2952);
#2952 = CARTESIAN_POINT('',(0.420502910737,2.22044604925E-16,
    1.212307002343));
#2953 = CIRCLE('',#2954,2.5);
#2954 = AXIS2_PLACEMENT_3D('',#2955,#2956,#2957);
#2955 = CARTESIAN_POINT('',(2.5,2.22044604925E-16,2.6));
#2956 = DIRECTION('',(0.,-1.,0.));
#2957 = DIRECTION('',(-1.,0.,0.));
#2958 = ORIENTED_EDGE('',*,*,#2959,.T.);
#2959 = EDGE_CURVE('',#2951,#2960,#2962,.T.);
#2960 = VERTEX_POINT('',#2961);
#2961 = CARTESIAN_POINT('',(0.150731935253,2.22044604925E-16,
    1.745049966396));
#2962 = B_SPLINE_CURVE_WITH_KNOTS('',8,(#2963,#2964,#2965,#2966,#2967,
    #2968,#2969,#2970,#2971,#2972,#2973,#2974,#2975,#2976,#2977,#2978,
    #2979,#2980,#2981,#2982,#2983,#2984,#2985,#2986,#2987,#2988,#2989,
    #2990,#2991,#2992,#2993,#2994,#2995,#2996,#2997,#2998,#2999,#3000,
    #3001,#3002,#3003,#3004,#3005,#3006,#3007,#3008,#3009,#3010,#3011,
    #3012,#3013),.UNSPECIFIED.,.F.,.F.,(9,7,7,7,7,7,7,9),(0.,
    0.190787362857,0.369786424466,0.513703292965,0.651485740381,
    0.719841574311,0.85067107352,1.),.UNSPECIFIED.);
#2963 = CARTESIAN_POINT('',(0.420502910737,2.22044604925E-16,
    1.212307002343));
#2964 = CARTESIAN_POINT('',(0.426612027059,1.460665884349E-02,
    1.222888302202));
#2965 = CARTESIAN_POINT('',(0.432127206192,2.90158542134E-02,
    1.234391492264));
#2966 = CARTESIAN_POINT('',(0.437075032147,4.321614467543E-02,
    1.246770598809));
#2967 = CARTESIAN_POINT('',(0.441470730283,5.719266388696E-02,
    1.259994825523));
#2968 = CARTESIAN_POINT('',(0.445321619763,7.092786565911E-02,
    1.274043557557));
#2969 = CARTESIAN_POINT('',(0.448628641937,8.440178729875E-02,
    1.288904308099));
#2970 = CARTESIAN_POINT('',(0.45138596466,9.759183123022E-02,
    1.304573607429));
#2971 = CARTESIAN_POINT('',(0.455635878787,0.122556459299,1.336529354654
    ));
#2972 = CARTESIAN_POINT('',(0.45719474262,0.134360058047,1.352707443955)
  );
#2973 = CARTESIAN_POINT('',(0.458244717161,0.145866851387,1.36960770955)
  );
#2974 = CARTESIAN_POINT('',(0.458766426146,0.157050082565,1.387243425373
    ));
#2975 = CARTESIAN_POINT('',(0.458730615071,0.167871628776,1.405629460695
    ));
#2976 = CARTESIAN_POINT('',(0.458099231994,0.178282922565,1.424780748833
    ));
#2977 = CARTESIAN_POINT('',(0.456821586864,0.188223408139,1.444716731629
    ));
#2978 = CARTESIAN_POINT('',(0.453208086915,0.205161463831,1.482174244543
    ));
#2979 = CARTESIAN_POINT('',(0.451132431643,0.212336815489,1.499365112397
    ));
#2980 = CARTESIAN_POINT('',(0.448550677007,0.219112629508,1.517101248607
    ));
#2981 = CARTESIAN_POINT('',(0.445411050968,0.225434790365,1.535405455019
    ));
#2982 = CARTESIAN_POINT('',(0.441648796714,0.231219801489,1.554273840102
    ));
#2983 = CARTESIAN_POINT('',(0.437190619209,0.236360279407,1.573671946365
    ));
#2984 = CARTESIAN_POINT('',(0.431950613221,0.24072381814,1.593536348108)
  );
#2985 = CARTESIAN_POINT('',(0.419916624105,0.24739467769,1.633180338828)
  );
#2986 = CARTESIAN_POINT('',(0.413154890668,0.249805464856,1.653070097035
    ));
#2987 = CARTESIAN_POINT('',(0.405451918983,0.25114837322,1.673181590751)
  );
#2988 = CARTESIAN_POINT('',(0.396765904401,0.251199397317,1.693144207542
    ));
#2989 = CARTESIAN_POINT('',(0.387095290998,0.249766604459,1.712525487427
    ));
#2990 = CARTESIAN_POINT('',(0.376489330414,0.246703489645,1.730835828693
    ));
#2991 = CARTESIAN_POINT('',(0.365086568239,0.24195899813,1.747561890482)
  );
#2992 = CARTESIAN_POINT('',(0.347325659674,0.232636318871,1.769587500061
    ));
#2993 = CARTESIAN_POINT('',(0.341206438861,0.229121074948,1.776545002841
    ));
#2994 = CARTESIAN_POINT('',(0.334867505104,0.225165084101,1.783088732748
    ));
#2995 = CARTESIAN_POINT('',(0.328326562548,0.220762392383,1.789157782982
    ));
#2996 = CARTESIAN_POINT('',(0.321609061611,0.215918012521,1.79469788287)
  );
#2997 = CARTESIAN_POINT('',(0.314748198992,0.210647923918,1.799661397867
    ));
#2998 = CARTESIAN_POINT('',(0.307784917667,0.204979072651,1.804007329558
    ));
#2999 = CARTESIAN_POINT('',(0.287337714424,0.187408838051,1.814771412283
    ));
#3000 = CARTESIAN_POINT('',(0.274910015837,0.175584738623,1.818840798145
    ));
#3001 = CARTESIAN_POINT('',(0.263293080159,0.163669381843,1.820787771474
    ));
#3002 = CARTESIAN_POINT('',(0.252422619066,0.151759451501,1.821004004895
    ));
#3003 = CARTESIAN_POINT('',(0.242213580548,0.139921417292,1.819855513126
    ));
#3004 = CARTESIAN_POINT('',(0.23259585458,0.128164571924,1.817548969937)
  );
#3005 = CARTESIAN_POINT('',(0.223486772809,0.1164651137,1.814245747813)
  );
#3006 = CARTESIAN_POINT('',(0.20488986602,9.138315207386E-02,
    1.805184241801));
#3007 = CARTESIAN_POINT('',(0.195598952917,7.808906170067E-02,
    1.799178782121));
#3008 = CARTESIAN_POINT('',(0.186868249586,6.487082819071E-02,
    1.792169953268));
#3009 = CARTESIAN_POINT('',(0.178663000692,5.173108947742E-02,
    1.784267640052));
#3010 = CARTESIAN_POINT('',(0.170959848647,3.867252726864E-02,
    1.775552432031));
#3011 = CARTESIAN_POINT('',(0.163742386445,2.569717297907E-02,
    1.766085410303));
#3012 = CARTESIAN_POINT('',(0.157001171468,1.280624391788E-02,
    1.755908602047));
#3013 = CARTESIAN_POINT('',(0.150731935253,2.22044604925E-16,
    1.745049966396));
#3014 = ORIENTED_EDGE('',*,*,#3015,.F.);
#3015 = EDGE_CURVE('',#2932,#2960,#3016,.T.);
#3016 = CIRCLE('',#3017,2.5);
#3017 = AXIS2_PLACEMENT_3D('',#3018,#3019,#3020);
#3018 = CARTESIAN_POINT('',(2.5,2.22044604925E-16,2.6));
#3019 = DIRECTION('',(0.,-1.,0.));
#3020 = DIRECTION('',(-1.,0.,0.));
#3021 = SPHERICAL_SURFACE('',#3022,3.125);
#3022 = AXIS2_PLACEMENT_3D('',#3023,#3024,#3025);
#3023 = CARTESIAN_POINT('',(2.5,-1.875,2.6));
#3024 = DIRECTION('',(0.,-1.,0.));
#3025 = DIRECTION('',(-1.,0.,0.));
#3026 = ADVANCED_FACE('',(#3027),#3103,.T.);
#3027 = FACE_BOUND('',#3028,.T.);
#3028 = EDGE_LOOP('',(#3029,#3038,#3039,#3076,#3099,#3100,#3101,#3102));
#3029 = ORIENTED_EDGE('',*,*,#3030,.F.);
#3030 = EDGE_CURVE('',#2932,#3031,#3033,.T.);
#3031 = VERTEX_POINT('',#3032);
#3032 = CARTESIAN_POINT('',(2.5,-1.25,2.6));
#3033 = CIRCLE('',#3034,3.125);
#3034 = AXIS2_PLACEMENT_3D('',#3035,#3036,#3037);
#3035 = CARTESIAN_POINT('',(2.5,1.875,2.6));
#3036 = DIRECTION('',(0.,0.,1.));
#3037 = DIRECTION('',(-0.8,-0.6,0.));
#3038 = ORIENTED_EDGE('',*,*,#3015,.T.);
#3039 = ORIENTED_EDGE('',*,*,#3040,.T.);
#3040 = EDGE_CURVE('',#2960,#3041,#3043,.T.);
#3041 = VERTEX_POINT('',#3042);
#3042 = CARTESIAN_POINT('',(0.401665123652,-0.25,1.67967899801));
#3043 = B_SPLINE_CURVE_WITH_KNOTS('',7,(#3044,#3045,#3046,#3047,#3048,
    #3049,#3050,#3051,#3052,#3053,#3054,#3055,#3056,#3057,#3058,#3059,
    #3060,#3061,#3062,#3063,#3064,#3065,#3066,#3067,#3068,#3069,#3070,
    #3071,#3072,#3073,#3074,#3075),.UNSPECIFIED.,.F.,.F.,(8,6,6,6,6,8),(
    0.,0.241763709606,0.410219394067,0.536520901234,0.746819928873,1.),
  .UNSPECIFIED.);
#3044 = CARTESIAN_POINT('',(0.150731935253,1.942890293094E-16,
    1.745049966396));
#3045 = CARTESIAN_POINT('',(0.155635998502,-1.00175887458E-02,
    1.753544053108));
#3046 = CARTESIAN_POINT('',(0.160949457952,-2.032222277588E-02,
    1.761810882375));
#3047 = CARTESIAN_POINT('',(0.166717880356,-3.095532345321E-02,
    1.769830860093));
#3048 = CARTESIAN_POINT('',(0.172992191722,-4.195336368249E-02,
    1.777563706467));
#3049 = CARTESIAN_POINT('',(0.179843130112,-5.335972239521E-02,
    1.784937757424));
#3050 = CARTESIAN_POINT('',(0.187345554972,-6.52134448979E-02,
    1.791860790373));
#3051 = CARTESIAN_POINT('',(0.20145834458,-8.626048624403E-02,
    1.8025564966));
#3052 = CARTESIAN_POINT('',(0.207497241755,-9.494432076174E-02,
    1.806533844359));
#3053 = CARTESIAN_POINT('',(0.213785315184,-0.103658414054,
    1.810054547961));
#3054 = CARTESIAN_POINT('',(0.220323451176,-0.112384519971,
    1.813070715722));
#3055 = CARTESIAN_POINT('',(0.227107757509,-0.121096801103,
    1.815528388151));
#3056 = CARTESIAN_POINT('',(0.234129563435,-0.129761828779,
    1.817367537946));
#3057 = CARTESIAN_POINT('',(0.246808080298,-0.14476909918,1.819387693132
    ));
#3058 = CARTESIAN_POINT('',(0.252366857324,-0.151151003546,
    1.819870466346));
#3059 = CARTESIAN_POINT('',(0.258042695449,-0.157462287585,
    1.819940124931));
#3060 = CARTESIAN_POINT('',(0.263822792127,-0.16367854908,1.819570425239
    ));
#3061 = CARTESIAN_POINT('',(0.269690597568,-0.169772992178,
    1.818739144678));
#3062 = CARTESIAN_POINT('',(0.275625814735,-0.175716427386,
    1.817428081711));
#3063 = CARTESIAN_POINT('',(0.291559074948,-0.191069397273,
    1.812617587517));
#3064 = CARTESIAN_POINT('',(0.301657748239,-0.200179567672,
    1.808239048518));
#3065 = CARTESIAN_POINT('',(0.311723931989,-0.208600246808,
    1.802446960471));
#3066 = CARTESIAN_POINT('',(0.321617553155,-0.216203663218,
    1.795293526394));
#3067 = CARTESIAN_POINT('',(0.331219427242,-0.222911046085,
    1.786901062705));
#3068 = CARTESIAN_POINT('',(0.340423932952,-0.228682208446,
    1.777454057668));
#3069 = CARTESIAN_POINT('',(0.359633068796,-0.239356313731,
    1.754867994488));
#3070 = CARTESIAN_POINT('',(0.368576432509,-0.24337539305,1.74236045183)
  );
#3071 = CARTESIAN_POINT('',(0.376555095958,-0.246276217548,
    1.729806365287));
#3072 = CARTESIAN_POINT('',(0.383702851552,-0.248221538981,
    1.717250157529));
#3073 = CARTESIAN_POINT('',(0.39021384515,-0.249434404961,1.70471887316)
  );
#3074 = CARTESIAN_POINT('',(0.396171348711,-0.249999998934,
    1.692204820721));
#3075 = CARTESIAN_POINT('',(0.401665123652,-0.25,1.67967899801));
#3076 = ORIENTED_EDGE('',*,*,#3077,.T.);
#3077 = EDGE_CURVE('',#3041,#2951,#3078,.T.);
#3078 = B_SPLINE_CURVE_WITH_KNOTS('',7,(#3079,#3080,#3081,#3082,#3083,
    #3084,#3085,#3086,#3087,#3088,#3089,#3090,#3091,#3092,#3093,#3094,
    #3095,#3096,#3097,#3098),.UNSPECIFIED.,.F.,.F.,(8,6,6,8),(0.,
    0.281994812224,0.607907449014,1.),.UNSPECIFIED.);
#3079 = CARTESIAN_POINT('',(0.401665123652,-0.25,1.67967899801));
#3080 = CARTESIAN_POINT('',(0.40859683775,-0.249999998655,1.663874664792
    ));
#3081 = CARTESIAN_POINT('',(0.415220680581,-0.249097702928,
    1.647066430357));
#3082 = CARTESIAN_POINT('',(0.42151202078,-0.247237965056,1.629245900852
    ));
#3083 = CARTESIAN_POINT('',(0.427432583132,-0.244351132051,
    1.610414633263));
#3084 = CARTESIAN_POINT('',(0.432930863285,-0.240354966676,
    1.590588712835));
#3085 = CARTESIAN_POINT('',(0.437943940976,-0.235162078934,
    1.569806567481));
#3086 = CARTESIAN_POINT('',(0.447534815778,-0.221156737985,
    1.523036611146));
#3087 = CARTESIAN_POINT('',(0.451982021773,-0.211820586954,
    1.496455272772));
#3088 = CARTESIAN_POINT('',(0.455500478753,-0.200538253601,
    1.468779146538));
#3089 = CARTESIAN_POINT('',(0.457877435607,-0.187310533225,
    1.440582892477));
#3090 = CARTESIAN_POINT('',(0.458959554352,-0.172323535551,
    1.412599353835));
#3091 = CARTESIAN_POINT('',(0.458686080298,-0.15601775272,1.385700124245
    ));
#3092 = CARTESIAN_POINT('',(0.45561238085,-0.119293483311,1.331066240954
    ));
#3093 = CARTESIAN_POINT('',(0.452307627967,-9.868060220835E-02,
    1.304224275266));
#3094 = CARTESIAN_POINT('',(0.44767989276,-7.804002354262E-02,
    1.280481999297));
#3095 = CARTESIAN_POINT('',(0.442009635296,-5.773102402739E-02,
    1.25968628812));
#3096 = CARTESIAN_POINT('',(0.435515175078,-3.79453522272E-02,
    1.241582242933));
#3097 = CARTESIAN_POINT('',(0.42833527157,-1.872686925325E-02,
    1.225873049248));
#3098 = CARTESIAN_POINT('',(0.420502910737,1.942890293094E-16,
    1.212307002343));
#3099 = ORIENTED_EDGE('',*,*,#2950,.T.);
#3100 = ORIENTED_EDGE('',*,*,#2840,.T.);
#3101 = ORIENTED_EDGE('',*,*,#2941,.T.);
#3102 = ORIENTED_EDGE('',*,*,#3030,.T.);
#3103 = SPHERICAL_SURFACE('',#3104,3.125);
#3104 = AXIS2_PLACEMENT_3D('',#3105,#3106,#3107);
#3105 = CARTESIAN_POINT('',(2.5,1.875,2.6));
#3106 = DIRECTION('',(0.,-1.,0.));
#3107 = DIRECTION('',(-1.,0.,0.));
#3108 = ADVANCED_FACE('',(#3109),#3130,.T.);
#3109 = FACE_BOUND('',#3110,.T.);
#3110 = EDGE_LOOP('',(#3111,#3119,#3120,#3121,#3122,#3123));
#3111 = ORIENTED_EDGE('',*,*,#3112,.T.);
#3112 = EDGE_CURVE('',#3113,#3041,#3115,.T.);
#3113 = VERTEX_POINT('',#3114);
#3114 = CARTESIAN_POINT('',(6.698729810778E-02,-0.25,1.1));
#3115 = LINE('',#3116,#3117);
#3116 = CARTESIAN_POINT('',(6.698729810778E-02,-0.25,1.1));
#3117 = VECTOR('',#3118,1.);
#3118 = DIRECTION('',(0.5,5.551115123128E-17,0.866025403784));
#3119 = ORIENTED_EDGE('',*,*,#3040,.F.);
#3120 = ORIENTED_EDGE('',*,*,#2959,.F.);
#3121 = ORIENTED_EDGE('',*,*,#3077,.F.);
#3122 = ORIENTED_EDGE('',*,*,#3112,.F.);
#3123 = ORIENTED_EDGE('',*,*,#3124,.T.);
#3124 = EDGE_CURVE('',#3113,#3113,#3125,.T.);
#3125 = CIRCLE('',#3126,0.25);
#3126 = AXIS2_PLACEMENT_3D('',#3127,#3128,#3129);
#3127 = CARTESIAN_POINT('',(6.698729810778E-02,5.337293624795E-33,1.1));
#3128 = DIRECTION('',(0.5,5.551115123128E-17,0.866025403784));
#3129 = DIRECTION('',(1.110223024625E-16,-1.,8.646655078321E-30));
#3130 = CYLINDRICAL_SURFACE('',#3131,0.25);
#3131 = AXIS2_PLACEMENT_3D('',#3132,#3133,#3134);
#3132 = CARTESIAN_POINT('',(6.698729810778E-02,0.,1.1));
#3133 = DIRECTION('',(-0.5,-5.551115123128E-17,-0.866025403784));
#3134 = DIRECTION('',(1.110223024625E-16,-1.,8.646655078321E-30));
#3135 = ADVANCED_FACE('',(#3136),#3156,.F.);
#3136 = FACE_BOUND('',#3137,.F.);
#3137 = EDGE_LOOP('',(#3138,#3147,#3154,#3155));
#3138 = ORIENTED_EDGE('',*,*,#3139,.F.);
#3139 = EDGE_CURVE('',#3140,#3113,#3142,.T.);
#3140 = VERTEX_POINT('',#3141);
#3141 = CARTESIAN_POINT('',(1.942890293094E-16,-0.25,0.85));
#3142 = CIRCLE('',#3143,0.5);
#3143 = AXIS2_PLACEMENT_3D('',#3144,#3145,#3146);
#3144 = CARTESIAN_POINT('',(0.5,-0.25,0.85));
#3145 = DIRECTION('',(-1.110223024625E-16,1.,0.));
#3146 = DIRECTION('',(-1.,-1.110223024625E-16,0.));
#3147 = ORIENTED_EDGE('',*,*,#3148,.F.);
#3148 = EDGE_CURVE('',#3140,#3140,#3149,.T.);
#3149 = CIRCLE('',#3150,0.25);
#3150 = AXIS2_PLACEMENT_3D('',#3151,#3152,#3153);
#3151 = CARTESIAN_POINT('',(1.665334536938E-16,0.,0.85));
#3152 = DIRECTION('',(-0.,0.,1.));
#3153 = DIRECTION('',(1.110223024625E-16,-1.,0.));
#3154 = ORIENTED_EDGE('',*,*,#3139,.T.);
#3155 = ORIENTED_EDGE('',*,*,#3124,.T.);
#3156 = SURFACE_OF_REVOLUTION('',#3157,#3162);
#3157 = CIRCLE('',#3158,0.25);
#3158 = AXIS2_PLACEMENT_3D('',#3159,#3160,#3161);
#3159 = CARTESIAN_POINT('',(1.665334536938E-16,0.,0.85));
#3160 = DIRECTION('',(-0.,0.,1.));
#3161 = DIRECTION('',(1.110223024625E-16,-1.,0.));
#3162 = AXIS1_PLACEMENT('',#3163,#3164);
#3163 = CARTESIAN_POINT('',(0.5,4.,0.85));
#3164 = DIRECTION('',(-1.110223024625E-16,1.,0.));
#3165 = ADVANCED_FACE('',(#3166),#3185,.T.);
#3166 = FACE_BOUND('',#3167,.T.);
#3167 = EDGE_LOOP('',(#3168,#3176,#3177,#3178));
#3168 = ORIENTED_EDGE('',*,*,#3169,.T.);
#3169 = EDGE_CURVE('',#3170,#3140,#3172,.T.);
#3170 = VERTEX_POINT('',#3171);
#3171 = CARTESIAN_POINT('',(1.942890293094E-16,-0.25,-2.));
#3172 = LINE('',#3173,#3174);
#3173 = CARTESIAN_POINT('',(1.942890293094E-16,-0.25,-2.));
#3174 = VECTOR('',#3175,1.);
#3175 = DIRECTION('',(0.,0.,1.));
#3176 = ORIENTED_EDGE('',*,*,#3148,.F.);
#3177 = ORIENTED_EDGE('',*,*,#3169,.F.);
#3178 = ORIENTED_EDGE('',*,*,#3179,.T.);
#3179 = EDGE_CURVE('',#3170,#3170,#3180,.T.);
#3180 = CIRCLE('',#3181,0.25);
#3181 = AXIS2_PLACEMENT_3D('',#3182,#3183,#3184);
#3182 = CARTESIAN_POINT('',(1.665334536938E-16,0.,-2.));
#3183 = DIRECTION('',(-0.,0.,1.));
#3184 = DIRECTION('',(1.110223024625E-16,-1.,0.));
#3185 = CYLINDRICAL_SURFACE('',#3186,0.25);
#3186 = AXIS2_PLACEMENT_3D('',#3187,#3188,#3189);
#3187 = CARTESIAN_POINT('',(1.665334536938E-16,0.,-2.));
#3188 = DIRECTION('',(-0.,0.,-1.));
#3189 = DIRECTION('',(1.110223024625E-16,-1.,-0.));
#3190 = ADVANCED_FACE('',(#3191),#3194,.T.);
#3191 = FACE_BOUND('',#3192,.F.);
#3192 = EDGE_LOOP('',(#3193));
#3193 = ORIENTED_EDGE('',*,*,#3179,.T.);
#3194 = PLANE('',#3195);
#3195 = AXIS2_PLACEMENT_3D('',#3196,#3197,#3198);
#3196 = CARTESIAN_POINT('',(1.942890293094E-16,-0.25,-2.));
#3197 = DIRECTION('',(0.,0.,-1.));
#3198 = DIRECTION('',(-1.110223024625E-16,1.,0.));
#3199 = ( GEOMETRIC_REPRESENTATION_CONTEXT(3) 
GLOBAL_UNCERTAINTY_ASSIGNED_CONTEXT((#3203)) 
GLOBAL_UNIT_ASSIGNED_CONTEXT((#3200,#3201,#3202)) REPRESENTATION_CONTEXT
('Context #1','3D Context with UNIT and UNCERTAINTY') );
#3200 = ( LENGTH_UNIT() NAMED_UNIT(*) SI_UNIT(.MILLI.,.METRE.) );
#3201 = ( NAMED_UNIT(*) PLANE_ANGLE_UNIT() SI_UNIT($,.RADIAN.) );
#3202 = ( NAMED_UNIT(*) SI_UNIT($,.STERADIAN.) SOLID_ANGLE_UNIT() );
#3203 = UNCERTAINTY_MEASURE_WITH_UNIT(LENGTH_MEASURE(2.E-07),#3200,
  'distance_accuracy_value','confusion accuracy');
#3204 = CONTEXT_DEPENDENT_SHAPE_REPRESENTATION(#3205,#3207);
#3205 = ( REPRESENTATION_RELATIONSHIP('','',#2716,#2693) 
REPRESENTATION_RELATIONSHIP_WITH_TRANSFORMATION(#3206) 
SHAPE_REPRESENTATION_RELATIONSHIP() );
#3206 = ITEM_DEFINED_TRANSFORMATION('','',#11,#2694);
#3207 = PRODUCT_DEFINITION_SHAPE('Placement','Placement of an item',
  #3208);
#3208 = NEXT_ASSEMBLY_USAGE_OCCURRENCE('9','=>[0:1:1:9]','',#2688,#2711,
  $);
#3209 = PRODUCT_RELATED_PRODUCT_CATEGORY('part',$,(#2713));
#3210 = CONTEXT_DEPENDENT_SHAPE_REPRESENTATION(#3211,#3213);
#3211 = ( REPRESENTATION_RELATIONSHIP('','',#933,#10) 
REPRESENTATION_RELATIONSHIP_WITH_TRANSFORMATION(#3212) 
SHAPE_REPRESENTATION_RELATIONSHIP() );
#3212 = ITEM_DEFINED_TRANSFORMATION('','',#11,#39);
#3213 = PRODUCT_DEFINITION_SHAPE('Placement','Placement of an item',
  #3214);
#3214 = NEXT_ASSEMBLY_USAGE_OCCURRENCE('11','R1','',#5,#928,$);
#3215 = CONTEXT_DEPENDENT_SHAPE_REPRESENTATION(#3216,#3218);
#3216 = ( REPRESENTATION_RELATIONSHIP('','',#933,#10) 
REPRESENTATION_RELATIONSHIP_WITH_TRANSFORMATION(#3217) 
SHAPE_REPRESENTATION_RELATIONSHIP() );
#3217 = ITEM_DEFINED_TRANSFORMATION('','',#11,#43);
#3218 = PRODUCT_DEFINITION_SHAPE('Placement','Placement of an item',
  #3219);
#3219 = NEXT_ASSEMBLY_USAGE_OCCURRENCE('12','R9','',#5,#928,$);
#3220 = CONTEXT_DEPENDENT_SHAPE_REPRESENTATION(#3221,#3223);
#3221 = ( REPRESENTATION_RELATIONSHIP('','',#933,#10) 
REPRESENTATION_RELATIONSHIP_WITH_TRANSFORMATION(#3222) 
SHAPE_REPRESENTATION_RELATIONSHIP() );
#3222 = ITEM_DEFINED_TRANSFORMATION('','',#11,#47);
#3223 = PRODUCT_DEFINITION_SHAPE('Placement','Placement of an item',
  #3224);
#3224 = NEXT_ASSEMBLY_USAGE_OCCURRENCE('13','R4','',#5,#928,$);
#3225 = SHAPE_DEFINITION_REPRESENTATION(#3226,#3232);
#3226 = PRODUCT_DEFINITION_SHAPE('','',#3227);
#3227 = PRODUCT_DEFINITION('design','',#3228,#3231);
#3228 = PRODUCT_DEFINITION_FORMATION('','',#3229);
#3229 = PRODUCT('BarrelJack_Horizontal','BarrelJack_Horizontal','',(
    #3230));
#3230 = PRODUCT_CONTEXT('',#2,'mechanical');
#3231 = PRODUCT_DEFINITION_CONTEXT('part definition',#2,'design');
#3232 = SHAPE_REPRESENTATION('',(#11,#3233),#3237);
#3233 = AXIS2_PLACEMENT_3D('',#3234,#3235,#3236);
#3234 = CARTESIAN_POINT('',(0.,0.,0.));
#3235 = DIRECTION('',(0.,0.,1.));
#3236 = DIRECTION('',(1.,0.,-0.));
#3237 = ( GEOMETRIC_REPRESENTATION_CONTEXT(3) 
GLOBAL_UNCERTAINTY_ASSIGNED_CONTEXT((#3241)) 
GLOBAL_UNIT_ASSIGNED_CONTEXT((#3238,#3239,#3240)) REPRESENTATION_CONTEXT
('Context #1','3D Context with UNIT and UNCERTAINTY') );
#3238 = ( LENGTH_UNIT() NAMED_UNIT(*) SI_UNIT(.MILLI.,.METRE.) );
#3239 = ( NAMED_UNIT(*) PLANE_ANGLE_UNIT() SI_UNIT($,.RADIAN.) );
#3240 = ( NAMED_UNIT(*) SI_UNIT($,.STERADIAN.) SOLID_ANGLE_UNIT() );
#3241 = UNCERTAINTY_MEASURE_WITH_UNIT(LENGTH_MEASURE(1.E-07),#3238,
  'distance_accuracy_value','confusion accuracy');
#3242 = CONTEXT_DEPENDENT_SHAPE_REPRESENTATION(#3243,#3245);
#3243 = ( REPRESENTATION_RELATIONSHIP('','',#3232,#10) 
REPRESENTATION_RELATIONSHIP_WITH_TRANSFORMATION(#3244) 
SHAPE_REPRESENTATION_RELATIONSHIP() );
#3244 = ITEM_DEFINED_TRANSFORMATION('','',#11,#51);
#3245 = PRODUCT_DEFINITION_SHAPE('Placement','Placement of an item',
  #3246);
#3246 = NEXT_ASSEMBLY_USAGE_OCCURRENCE('15','J3','',#5,#3227,$);
#3247 = PRODUCT_RELATED_PRODUCT_CATEGORY('part',$,(#3229));
#3248 = SHAPE_DEFINITION_REPRESENTATION(#3249,#3255);
#3249 = PRODUCT_DEFINITION_SHAPE('','',#3250);
#3250 = PRODUCT_DEFINITION('design','',#3251,#3254);
#3251 = PRODUCT_DEFINITION_FORMATION('','',#3252);
#3252 = PRODUCT('BarrelJack_Horizontal','BarrelJack_Horizontal','',(
    #3253));
#3253 = PRODUCT_CONTEXT('',#2,'mechanical');
#3254 = PRODUCT_DEFINITION_CONTEXT('part definition',#2,'design');
#3255 = SHAPE_REPRESENTATION('',(#11,#3256,#4137,#4489,#4715,#5098),
  #5289);
#3256 = MANIFOLD_SOLID_BREP('',#3257);
#3257 = CLOSED_SHELL('',(#3258,#3298,#3331,#3372,#3405,#3438,#3455,#3472
    ,#3519,#3536,#3568,#3600,#3617,#3659,#3706,#3724,#3742,#3785,#3810,
    #3827,#3845,#3876,#3902,#3919,#3931,#3980,#4003,#4015,#4029,#4060,
    #4084,#4108,#4125));
#3258 = ADVANCED_FACE('',(#3259),#3293,.T.);
#3259 = FACE_BOUND('',#3260,.T.);
#3260 = EDGE_LOOP('',(#3261,#3271,#3279,#3287));
#3261 = ORIENTED_EDGE('',*,*,#3262,.F.);
#3262 = EDGE_CURVE('',#3263,#3265,#3267,.T.);
#3263 = VERTEX_POINT('',#3264);
#3264 = CARTESIAN_POINT('',(-10.6,-4.4,10.7));
#3265 = VERTEX_POINT('',#3266);
#3266 = CARTESIAN_POINT('',(-13.6,-4.4,10.7));
#3267 = LINE('',#3268,#3269);
#3268 = CARTESIAN_POINT('',(-10.5,-4.4,10.7));
#3269 = VECTOR('',#3270,1.);
#3270 = DIRECTION('',(-1.,-2.22044604925E-16,2.2E-16));
#3271 = ORIENTED_EDGE('',*,*,#3272,.F.);
#3272 = EDGE_CURVE('',#3273,#3263,#3275,.T.);
#3273 = VERTEX_POINT('',#3274);
#3274 = CARTESIAN_POINT('',(-10.6,4.4,10.7));
#3275 = LINE('',#3276,#3277);
#3276 = CARTESIAN_POINT('',(-10.6,4.5,10.7));
#3277 = VECTOR('',#3278,1.);
#3278 = DIRECTION('',(2.22044604925E-16,-1.,0.));
#3279 = ORIENTED_EDGE('',*,*,#3280,.T.);
#3280 = EDGE_CURVE('',#3273,#3281,#3283,.T.);
#3281 = VERTEX_POINT('',#3282);
#3282 = CARTESIAN_POINT('',(-13.6,4.4,10.7));
#3283 = LINE('',#3284,#3285);
#3284 = CARTESIAN_POINT('',(-10.5,4.4,10.7));
#3285 = VECTOR('',#3286,1.);
#3286 = DIRECTION('',(-1.,-2.22044604925E-16,2.2E-16));
#3287 = ORIENTED_EDGE('',*,*,#3288,.T.);
#3288 = EDGE_CURVE('',#3281,#3265,#3289,.T.);
#3289 = LINE('',#3290,#3291);
#3290 = CARTESIAN_POINT('',(-13.6,4.5,10.7));
#3291 = VECTOR('',#3292,1.);
#3292 = DIRECTION('',(2.22044604925E-16,-1.,0.));
#3293 = PLANE('',#3294);
#3294 = AXIS2_PLACEMENT_3D('',#3295,#3296,#3297);
#3295 = CARTESIAN_POINT('',(-10.5,4.5,10.7));
#3296 = DIRECTION('',(2.2E-16,4.884981308351E-32,1.));
#3297 = DIRECTION('',(2.22044604925E-16,-1.,1.000067302469E-44));
#3298 = ADVANCED_FACE('',(#3299),#3326,.T.);
#3299 = FACE_BOUND('',#3300,.T.);
#3300 = EDGE_LOOP('',(#3301,#3310,#3318,#3325));
#3301 = ORIENTED_EDGE('',*,*,#3302,.T.);
#3302 = EDGE_CURVE('',#3265,#3303,#3305,.T.);
#3303 = VERTEX_POINT('',#3304);
#3304 = CARTESIAN_POINT('',(-13.6,-4.5,10.6));
#3305 = CIRCLE('',#3306,0.1);
#3306 = AXIS2_PLACEMENT_3D('',#3307,#3308,#3309);
#3307 = CARTESIAN_POINT('',(-13.6,-4.4,10.6));
#3308 = DIRECTION('',(1.,2.162044604925E-15,-2.2E-16));
#3309 = DIRECTION('',(2.162044604925E-15,-1.,0.));
#3310 = ORIENTED_EDGE('',*,*,#3311,.F.);
#3311 = EDGE_CURVE('',#3312,#3303,#3314,.T.);
#3312 = VERTEX_POINT('',#3313);
#3313 = CARTESIAN_POINT('',(-10.6,-4.5,10.6));
#3314 = LINE('',#3315,#3316);
#3315 = CARTESIAN_POINT('',(-10.5,-4.5,10.6));
#3316 = VECTOR('',#3317,1.);
#3317 = DIRECTION('',(-1.,-2.22044604925E-16,2.2E-16));
#3318 = ORIENTED_EDGE('',*,*,#3319,.F.);
#3319 = EDGE_CURVE('',#3263,#3312,#3320,.T.);
#3320 = CIRCLE('',#3321,0.1);
#3321 = AXIS2_PLACEMENT_3D('',#3322,#3323,#3324);
#3322 = CARTESIAN_POINT('',(-10.6,-4.4,10.6));
#3323 = DIRECTION('',(1.,2.22044604925E-16,-2.2E-16));
#3324 = DIRECTION('',(2.2E-16,4.884981308351E-32,1.));
#3325 = ORIENTED_EDGE('',*,*,#3262,.T.);
#3326 = CYLINDRICAL_SURFACE('',#3327,0.1);
#3327 = AXIS2_PLACEMENT_3D('',#3328,#3329,#3330);
#3328 = CARTESIAN_POINT('',(-10.5,-4.4,10.6));
#3329 = DIRECTION('',(-1.,-2.22044604925E-16,2.2E-16));
#3330 = DIRECTION('',(2.2E-16,4.884981308351E-32,1.));
#3331 = ADVANCED_FACE('',(#3332),#3367,.T.);
#3332 = FACE_BOUND('',#3333,.T.);
#3333 = EDGE_LOOP('',(#3334,#3343,#3351,#3359,#3366));
#3334 = ORIENTED_EDGE('',*,*,#3335,.F.);
#3335 = EDGE_CURVE('',#3336,#3263,#3338,.T.);
#3336 = VERTEX_POINT('',#3337);
#3337 = CARTESIAN_POINT('',(-10.5,-4.4,10.6));
#3338 = CIRCLE('',#3339,0.1);
#3339 = AXIS2_PLACEMENT_3D('',#3340,#3341,#3342);
#3340 = CARTESIAN_POINT('',(-10.6,-4.4,10.6));
#3341 = DIRECTION('',(2.22044604925E-16,-1.,0.));
#3342 = DIRECTION('',(2.2E-16,4.88498130835E-32,1.));
#3343 = ORIENTED_EDGE('',*,*,#3344,.F.);
#3344 = EDGE_CURVE('',#3345,#3336,#3347,.T.);
#3345 = VERTEX_POINT('',#3346);
#3346 = CARTESIAN_POINT('',(-10.5,-2.672528037474E-16,10.6));
#3347 = LINE('',#3348,#3349);
#3348 = CARTESIAN_POINT('',(-10.5,4.5,10.6));
#3349 = VECTOR('',#3350,1.);
#3350 = DIRECTION('',(2.22044604925E-16,-1.,0.));
#3351 = ORIENTED_EDGE('',*,*,#3352,.F.);
#3352 = EDGE_CURVE('',#3353,#3345,#3355,.T.);
#3353 = VERTEX_POINT('',#3354);
#3354 = CARTESIAN_POINT('',(-10.5,4.4,10.6));
#3355 = LINE('',#3356,#3357);
#3356 = CARTESIAN_POINT('',(-10.5,4.5,10.6));
#3357 = VECTOR('',#3358,1.);
#3358 = DIRECTION('',(2.22044604925E-16,-1.,0.));
#3359 = ORIENTED_EDGE('',*,*,#3360,.F.);
#3360 = EDGE_CURVE('',#3273,#3353,#3361,.T.);
#3361 = CIRCLE('',#3362,0.1);
#3362 = AXIS2_PLACEMENT_3D('',#3363,#3364,#3365);
#3363 = CARTESIAN_POINT('',(-10.6,4.4,10.6));
#3364 = DIRECTION('',(-2.22044604925E-16,1.,0.));
#3365 = DIRECTION('',(0.,0.,1.));
#3366 = ORIENTED_EDGE('',*,*,#3272,.T.);
#3367 = CYLINDRICAL_SURFACE('',#3368,0.1);
#3368 = AXIS2_PLACEMENT_3D('',#3369,#3370,#3371);
#3369 = CARTESIAN_POINT('',(-10.6,4.5,10.6));
#3370 = DIRECTION('',(2.22044604925E-16,-1.,0.));
#3371 = DIRECTION('',(2.2E-16,4.88498130835E-32,1.));
#3372 = ADVANCED_FACE('',(#3373),#3400,.T.);
#3373 = FACE_BOUND('',#3374,.T.);
#3374 = EDGE_LOOP('',(#3375,#3384,#3392,#3399));
#3375 = ORIENTED_EDGE('',*,*,#3376,.F.);
#3376 = EDGE_CURVE('',#3377,#3281,#3379,.T.);
#3377 = VERTEX_POINT('',#3378);
#3378 = CARTESIAN_POINT('',(-13.7,4.4,10.6));
#3379 = CIRCLE('',#3380,0.1);
#3380 = AXIS2_PLACEMENT_3D('',#3381,#3382,#3383);
#3381 = CARTESIAN_POINT('',(-13.6,4.4,10.6));
#3382 = DIRECTION('',(-2.22044604925E-16,1.,-1.805E-14));
#3383 = DIRECTION('',(2.2E-16,1.805E-14,1.));
#3384 = ORIENTED_EDGE('',*,*,#3385,.T.);
#3385 = EDGE_CURVE('',#3377,#3386,#3388,.T.);
#3386 = VERTEX_POINT('',#3387);
#3387 = CARTESIAN_POINT('',(-13.7,-4.4,10.6));
#3388 = LINE('',#3389,#3390);
#3389 = CARTESIAN_POINT('',(-13.7,4.5,10.6));
#3390 = VECTOR('',#3391,1.);
#3391 = DIRECTION('',(2.22044604925E-16,-1.,0.));
#3392 = ORIENTED_EDGE('',*,*,#3393,.F.);
#3393 = EDGE_CURVE('',#3265,#3386,#3394,.T.);
#3394 = CIRCLE('',#3395,0.1);
#3395 = AXIS2_PLACEMENT_3D('',#3396,#3397,#3398);
#3396 = CARTESIAN_POINT('',(-13.6,-4.4,10.6));
#3397 = DIRECTION('',(2.32044604925E-16,-1.,0.));
#3398 = DIRECTION('',(-1.,-2.32044604925E-16,2.2E-16));
#3399 = ORIENTED_EDGE('',*,*,#3288,.F.);
#3400 = CYLINDRICAL_SURFACE('',#3401,0.1);
#3401 = AXIS2_PLACEMENT_3D('',#3402,#3403,#3404);
#3402 = CARTESIAN_POINT('',(-13.6,4.5,10.6));
#3403 = DIRECTION('',(2.22044604925E-16,-1.,0.));
#3404 = DIRECTION('',(2.2E-16,4.88498130835E-32,1.));
#3405 = ADVANCED_FACE('',(#3406),#3433,.T.);
#3406 = FACE_BOUND('',#3407,.T.);
#3407 = EDGE_LOOP('',(#3408,#3417,#3425,#3432));
#3408 = ORIENTED_EDGE('',*,*,#3409,.F.);
#3409 = EDGE_CURVE('',#3410,#3273,#3412,.T.);
#3410 = VERTEX_POINT('',#3411);
#3411 = CARTESIAN_POINT('',(-10.6,4.5,10.6));
#3412 = CIRCLE('',#3413,0.1);
#3413 = AXIS2_PLACEMENT_3D('',#3414,#3415,#3416);
#3414 = CARTESIAN_POINT('',(-10.6,4.4,10.6));
#3415 = DIRECTION('',(1.,2.22044604925E-16,-0.));
#3416 = DIRECTION('',(0.,0.,1.));
#3417 = ORIENTED_EDGE('',*,*,#3418,.T.);
#3418 = EDGE_CURVE('',#3410,#3419,#3421,.T.);
#3419 = VERTEX_POINT('',#3420);
#3420 = CARTESIAN_POINT('',(-13.6,4.5,10.6));
#3421 = LINE('',#3422,#3423);
#3422 = CARTESIAN_POINT('',(-10.5,4.5,10.6));
#3423 = VECTOR('',#3424,1.);
#3424 = DIRECTION('',(-1.,-2.22044604925E-16,2.2E-16));
#3425 = ORIENTED_EDGE('',*,*,#3426,.T.);
#3426 = EDGE_CURVE('',#3419,#3281,#3427,.T.);
#3427 = CIRCLE('',#3428,0.1);
#3428 = AXIS2_PLACEMENT_3D('',#3429,#3430,#3431);
#3429 = CARTESIAN_POINT('',(-13.6,4.4,10.6));
#3430 = DIRECTION('',(1.,2.22044604925E-16,-2.2E-16));
#3431 = DIRECTION('',(-2.22044604925E-16,1.,0.));
#3432 = ORIENTED_EDGE('',*,*,#3280,.F.);
#3433 = CYLINDRICAL_SURFACE('',#3434,0.1);
#3434 = AXIS2_PLACEMENT_3D('',#3435,#3436,#3437);
#3435 = CARTESIAN_POINT('',(-10.5,4.4,10.6));
#3436 = DIRECTION('',(-1.,-2.22044604925E-16,2.2E-16));
#3437 = DIRECTION('',(2.2E-16,4.884981308351E-32,1.));
#3438 = ADVANCED_FACE('',(#3439),#3450,.T.);
#3439 = FACE_BOUND('',#3440,.T.);
#3440 = EDGE_LOOP('',(#3441,#3442,#3449));
#3441 = ORIENTED_EDGE('',*,*,#3319,.T.);
#3442 = ORIENTED_EDGE('',*,*,#3443,.F.);
#3443 = EDGE_CURVE('',#3336,#3312,#3444,.T.);
#3444 = CIRCLE('',#3445,0.1);
#3445 = AXIS2_PLACEMENT_3D('',#3446,#3447,#3448);
#3446 = CARTESIAN_POINT('',(-10.6,-4.4,10.6));
#3447 = DIRECTION('',(-2.2E-16,-6.E-17,-1.));
#3448 = DIRECTION('',(2.22044604925E-16,-1.,6.E-17));
#3449 = ORIENTED_EDGE('',*,*,#3335,.T.);
#3450 = SPHERICAL_SURFACE('',#3451,0.1);
#3451 = AXIS2_PLACEMENT_3D('',#3452,#3453,#3454);
#3452 = CARTESIAN_POINT('',(-10.6,-4.4,10.6));
#3453 = DIRECTION('',(-1.,-2.22044604925E-16,2.2E-16));
#3454 = DIRECTION('',(2.2E-16,4.884981308351E-32,1.));
#3455 = ADVANCED_FACE('',(#3456),#3467,.T.);
#3456 = FACE_BOUND('',#3457,.T.);
#3457 = EDGE_LOOP('',(#3458,#3459,#3460));
#3458 = ORIENTED_EDGE('',*,*,#3302,.F.);
#3459 = ORIENTED_EDGE('',*,*,#3393,.T.);
#3460 = ORIENTED_EDGE('',*,*,#3461,.F.);
#3461 = EDGE_CURVE('',#3303,#3386,#3462,.T.);
#3462 = CIRCLE('',#3463,0.1);
#3463 = AXIS2_PLACEMENT_3D('',#3464,#3465,#3466);
#3464 = CARTESIAN_POINT('',(-13.6,-4.4,10.6));
#3465 = DIRECTION('',(-2.2E-16,-4.884981308351E-32,-1.));
#3466 = DIRECTION('',(2.162044604925E-15,-1.,-4.268E-31));
#3467 = SPHERICAL_SURFACE('',#3468,0.1);
#3468 = AXIS2_PLACEMENT_3D('',#3469,#3470,#3471);
#3469 = CARTESIAN_POINT('',(-13.6,-4.4,10.6));
#3470 = DIRECTION('',(-2.2E-16,-4.884981308351E-32,-1.));
#3471 = DIRECTION('',(2.162044604925E-15,-1.,-4.268E-31));
#3472 = ADVANCED_FACE('',(#3473),#3514,.T.);
#3473 = FACE_BOUND('',#3474,.T.);
#3474 = EDGE_LOOP('',(#3475,#3485,#3493,#3501,#3507,#3508));
#3475 = ORIENTED_EDGE('',*,*,#3476,.F.);
#3476 = EDGE_CURVE('',#3477,#3479,#3481,.T.);
#3477 = VERTEX_POINT('',#3478);
#3478 = CARTESIAN_POINT('',(-0.1,-4.5,-0.1));
#3479 = VERTEX_POINT('',#3480);
#3480 = CARTESIAN_POINT('',(-13.6,-4.5,-0.1));
#3481 = LINE('',#3482,#3483);
#3482 = CARTESIAN_POINT('',(-10.5,-4.5,-0.1));
#3483 = VECTOR('',#3484,1.);
#3484 = DIRECTION('',(-1.,-2.22044604925E-16,2.2E-16));
#3485 = ORIENTED_EDGE('',*,*,#3486,.F.);
#3486 = EDGE_CURVE('',#3487,#3477,#3489,.T.);
#3487 = VERTEX_POINT('',#3488);
#3488 = CARTESIAN_POINT('',(-9.999999999999E-02,-4.5,6.3));
#3489 = LINE('',#3490,#3491);
#3490 = CARTESIAN_POINT('',(-0.1,-4.5,6.4));
#3491 = VECTOR('',#3492,1.);
#3492 = DIRECTION('',(-1.E-15,-2.22044604925E-31,-1.));
#3493 = ORIENTED_EDGE('',*,*,#3494,.T.);
#3494 = EDGE_CURVE('',#3487,#3495,#3497,.T.);
#3495 = VERTEX_POINT('',#3496);
#3496 = CARTESIAN_POINT('',(-10.6,-4.5,6.3));
#3497 = LINE('',#3498,#3499);
#3498 = CARTESIAN_POINT('',(3.552713678801E-15,-4.5,6.3));
#3499 = VECTOR('',#3500,1.);
#3500 = DIRECTION('',(-1.,-2.22044604925E-16,1.11E-15));
#3501 = ORIENTED_EDGE('',*,*,#3502,.F.);
#3502 = EDGE_CURVE('',#3312,#3495,#3503,.T.);
#3503 = LINE('',#3504,#3505);
#3504 = CARTESIAN_POINT('',(-10.6,-4.5,10.7));
#3505 = VECTOR('',#3506,1.);
#3506 = DIRECTION('',(-2.2E-16,-4.884981308351E-32,-1.));
#3507 = ORIENTED_EDGE('',*,*,#3311,.T.);
#3508 = ORIENTED_EDGE('',*,*,#3509,.T.);
#3509 = EDGE_CURVE('',#3303,#3479,#3510,.T.);
#3510 = LINE('',#3511,#3512);
#3511 = CARTESIAN_POINT('',(-13.6,-4.5,10.7));
#3512 = VECTOR('',#3513,1.);
#3513 = DIRECTION('',(-2.2E-16,-4.884981308351E-32,-1.));
#3514 = PLANE('',#3515);
#3515 = AXIS2_PLACEMENT_3D('',#3516,#3517,#3518);
#3516 = CARTESIAN_POINT('',(-7.771428571429,-4.5,4.378571428571));
#3517 = DIRECTION('',(2.22044604925E-16,-1.,0.));
#3518 = DIRECTION('',(1.,2.22044604925E-16,0.));
#3519 = ADVANCED_FACE('',(#3520),#3531,.T.);
#3520 = FACE_BOUND('',#3521,.T.);
#3521 = EDGE_LOOP('',(#3522,#3523,#3530));
#3522 = ORIENTED_EDGE('',*,*,#3360,.T.);
#3523 = ORIENTED_EDGE('',*,*,#3524,.F.);
#3524 = EDGE_CURVE('',#3410,#3353,#3525,.T.);
#3525 = CIRCLE('',#3526,0.1);
#3526 = AXIS2_PLACEMENT_3D('',#3527,#3528,#3529);
#3527 = CARTESIAN_POINT('',(-10.6,4.4,10.6));
#3528 = DIRECTION('',(6.E-17,1.33226762955E-32,-1.));
#3529 = DIRECTION('',(1.,2.22044604925E-16,6.E-17));
#3530 = ORIENTED_EDGE('',*,*,#3409,.T.);
#3531 = SPHERICAL_SURFACE('',#3532,0.1);
#3532 = AXIS2_PLACEMENT_3D('',#3533,#3534,#3535);
#3533 = CARTESIAN_POINT('',(-10.6,4.4,10.6));
#3534 = DIRECTION('',(2.22044604925E-16,-1.,0.));
#3535 = DIRECTION('',(0.,0.,1.));
#3536 = ADVANCED_FACE('',(#3537),#3563,.T.);
#3537 = FACE_BOUND('',#3538,.T.);
#3538 = EDGE_LOOP('',(#3539,#3540,#3549,#3557));
#3539 = ORIENTED_EDGE('',*,*,#3352,.T.);
#3540 = ORIENTED_EDGE('',*,*,#3541,.T.);
#3541 = EDGE_CURVE('',#3345,#3542,#3544,.T.);
#3542 = VERTEX_POINT('',#3543);
#3543 = CARTESIAN_POINT('',(-10.5,4.2,6.4));
#3544 = CIRCLE('',#3545,4.2);
#3545 = AXIS2_PLACEMENT_3D('',#3546,#3547,#3548);
#3546 = CARTESIAN_POINT('',(-10.5,1.132747196253E-15,6.4));
#3547 = DIRECTION('',(-1.,-2.22044604925E-16,1.E-15));
#3548 = DIRECTION('',(2.22044604925E-16,-1.,0.));
#3549 = ORIENTED_EDGE('',*,*,#3550,.T.);
#3550 = EDGE_CURVE('',#3542,#3551,#3553,.T.);
#3551 = VERTEX_POINT('',#3552);
#3552 = CARTESIAN_POINT('',(-10.5,4.4,6.4));
#3553 = LINE('',#3554,#3555);
#3554 = CARTESIAN_POINT('',(-10.5,4.2,6.4));
#3555 = VECTOR('',#3556,1.);
#3556 = DIRECTION('',(-2.22044604925E-16,1.,-7.1E-16));
#3557 = ORIENTED_EDGE('',*,*,#3558,.T.);
#3558 = EDGE_CURVE('',#3551,#3353,#3559,.T.);
#3559 = LINE('',#3560,#3561);
#3560 = CARTESIAN_POINT('',(-10.5,4.4,6.4));
#3561 = VECTOR('',#3562,1.);
#3562 = DIRECTION('',(2.2E-16,4.884981308351E-32,1.));
#3563 = PLANE('',#3564);
#3564 = AXIS2_PLACEMENT_3D('',#3565,#3566,#3567);
#3565 = CARTESIAN_POINT('',(-10.5,9.227471962526E-16,5.62169644629));
#3566 = DIRECTION('',(1.,2.22044604925E-16,-2.2E-16));
#3567 = DIRECTION('',(2.2E-16,4.884981308351E-32,1.));
#3568 = ADVANCED_FACE('',(#3569),#3595,.T.);
#3569 = FACE_BOUND('',#3570,.T.);
#3570 = EDGE_LOOP('',(#3571,#3572,#3580,#3588));
#3571 = ORIENTED_EDGE('',*,*,#3344,.T.);
#3572 = ORIENTED_EDGE('',*,*,#3573,.T.);
#3573 = EDGE_CURVE('',#3336,#3574,#3576,.T.);
#3574 = VERTEX_POINT('',#3575);
#3575 = CARTESIAN_POINT('',(-10.5,-4.4,6.4));
#3576 = LINE('',#3577,#3578);
#3577 = CARTESIAN_POINT('',(-10.5,-4.4,10.7));
#3578 = VECTOR('',#3579,1.);
#3579 = DIRECTION('',(-2.2E-16,-4.884981308351E-32,-1.));
#3580 = ORIENTED_EDGE('',*,*,#3581,.F.);
#3581 = EDGE_CURVE('',#3582,#3574,#3584,.T.);
#3582 = VERTEX_POINT('',#3583);
#3583 = CARTESIAN_POINT('',(-10.5,-4.2,6.4));
#3584 = LINE('',#3585,#3586);
#3585 = CARTESIAN_POINT('',(-10.5,-4.2,6.4));
#3586 = VECTOR('',#3587,1.);
#3587 = DIRECTION('',(2.22044604925E-16,-1.,0.));
#3588 = ORIENTED_EDGE('',*,*,#3589,.T.);
#3589 = EDGE_CURVE('',#3582,#3345,#3590,.T.);
#3590 = CIRCLE('',#3591,4.2);
#3591 = AXIS2_PLACEMENT_3D('',#3592,#3593,#3594);
#3592 = CARTESIAN_POINT('',(-10.5,1.132747196253E-15,6.4));
#3593 = DIRECTION('',(-1.,-2.22044604925E-16,1.E-15));
#3594 = DIRECTION('',(2.22044604925E-16,-1.,0.));
#3595 = PLANE('',#3596);
#3596 = AXIS2_PLACEMENT_3D('',#3597,#3598,#3599);
#3597 = CARTESIAN_POINT('',(-10.5,9.227471962526E-16,5.62169644629));
#3598 = DIRECTION('',(1.,2.22044604925E-16,-2.2E-16));
#3599 = DIRECTION('',(2.2E-16,4.884981308351E-32,1.));
#3600 = ADVANCED_FACE('',(#3601),#3612,.T.);
#3601 = FACE_BOUND('',#3602,.T.);
#3602 = EDGE_LOOP('',(#3603,#3610,#3611));
#3603 = ORIENTED_EDGE('',*,*,#3604,.F.);
#3604 = EDGE_CURVE('',#3377,#3419,#3605,.T.);
#3605 = CIRCLE('',#3606,0.1);
#3606 = AXIS2_PLACEMENT_3D('',#3607,#3608,#3609);
#3607 = CARTESIAN_POINT('',(-13.6,4.4,10.6));
#3608 = DIRECTION('',(-2.2E-16,-4.884981308351E-32,-1.));
#3609 = DIRECTION('',(-2.22044604925E-16,1.,-1.000067302469E-44));
#3610 = ORIENTED_EDGE('',*,*,#3376,.T.);
#3611 = ORIENTED_EDGE('',*,*,#3426,.F.);
#3612 = SPHERICAL_SURFACE('',#3613,0.1);
#3613 = AXIS2_PLACEMENT_3D('',#3614,#3615,#3616);
#3614 = CARTESIAN_POINT('',(-13.6,4.4,10.6));
#3615 = DIRECTION('',(1.,2.22044604925E-16,-2.2E-16));
#3616 = DIRECTION('',(-2.22044604925E-16,1.,0.));
#3617 = ADVANCED_FACE('',(#3618,#3643),#3654,.F.);
#3618 = FACE_BOUND('',#3619,.F.);
#3619 = EDGE_LOOP('',(#3620,#3630,#3636,#3637));
#3620 = ORIENTED_EDGE('',*,*,#3621,.T.);
#3621 = EDGE_CURVE('',#3622,#3624,#3626,.T.);
#3622 = VERTEX_POINT('',#3623);
#3623 = CARTESIAN_POINT('',(-13.7,-4.4,-0.1));
#3624 = VERTEX_POINT('',#3625);
#3625 = CARTESIAN_POINT('',(-13.7,4.4,-0.1));
#3626 = LINE('',#3627,#3628);
#3627 = CARTESIAN_POINT('',(-13.7,-4.5,-0.1));
#3628 = VECTOR('',#3629,1.);
#3629 = DIRECTION('',(-2.22044604925E-16,1.,0.));
#3630 = ORIENTED_EDGE('',*,*,#3631,.T.);
#3631 = EDGE_CURVE('',#3624,#3377,#3632,.T.);
#3632 = LINE('',#3633,#3634);
#3633 = CARTESIAN_POINT('',(-13.7,4.4,-0.1));
#3634 = VECTOR('',#3635,1.);
#3635 = DIRECTION('',(2.2E-16,4.884981308351E-32,1.));
#3636 = ORIENTED_EDGE('',*,*,#3385,.T.);
#3637 = ORIENTED_EDGE('',*,*,#3638,.T.);
#3638 = EDGE_CURVE('',#3386,#3622,#3639,.T.);
#3639 = LINE('',#3640,#3641);
#3640 = CARTESIAN_POINT('',(-13.7,-4.4,10.7));
#3641 = VECTOR('',#3642,1.);
#3642 = DIRECTION('',(-2.2E-16,-4.884981308351E-32,-1.));
#3643 = FACE_BOUND('',#3644,.F.);
#3644 = EDGE_LOOP('',(#3645));
#3645 = ORIENTED_EDGE('',*,*,#3646,.T.);
#3646 = EDGE_CURVE('',#3647,#3647,#3649,.T.);
#3647 = VERTEX_POINT('',#3648);
#3648 = CARTESIAN_POINT('',(-13.7,-3.15,6.4));
#3649 = CIRCLE('',#3650,3.15);
#3650 = AXIS2_PLACEMENT_3D('',#3651,#3652,#3653);
#3651 = CARTESIAN_POINT('',(-13.7,2.22044604925E-17,6.4));
#3652 = DIRECTION('',(-1.,-2.22044604925E-16,2.2E-16));
#3653 = DIRECTION('',(2.22044604925E-16,-1.,0.));
#3654 = PLANE('',#3655);
#3655 = AXIS2_PLACEMENT_3D('',#3656,#3657,#3658);
#3656 = CARTESIAN_POINT('',(-13.7,2.122044604925E-16,5.62169644629));
#3657 = DIRECTION('',(1.,2.22044604925E-16,-2.2E-16));
#3658 = DIRECTION('',(2.2E-16,4.884981308351E-32,1.));
#3659 = ADVANCED_FACE('',(#3660),#3701,.T.);
#3660 = FACE_BOUND('',#3661,.T.);
#3661 = EDGE_LOOP('',(#3662,#3672,#3678,#3679,#3687,#3695));
#3662 = ORIENTED_EDGE('',*,*,#3663,.T.);
#3663 = EDGE_CURVE('',#3664,#3666,#3668,.T.);
#3664 = VERTEX_POINT('',#3665);
#3665 = CARTESIAN_POINT('',(-0.1,4.5,-0.1));
#3666 = VERTEX_POINT('',#3667);
#3667 = CARTESIAN_POINT('',(-13.6,4.5,-9.999999999999E-02));
#3668 = LINE('',#3669,#3670);
#3669 = CARTESIAN_POINT('',(-7.105427357601E-15,4.5,-0.1));
#3670 = VECTOR('',#3671,1.);
#3671 = DIRECTION('',(-1.,-2.22044604925E-16,1.11E-15));
#3672 = ORIENTED_EDGE('',*,*,#3673,.T.);
#3673 = EDGE_CURVE('',#3666,#3419,#3674,.T.);
#3674 = LINE('',#3675,#3676);
#3675 = CARTESIAN_POINT('',(-13.6,4.5,-0.1));
#3676 = VECTOR('',#3677,1.);
#3677 = DIRECTION('',(2.2E-16,4.884981308351E-32,1.));
#3678 = ORIENTED_EDGE('',*,*,#3418,.F.);
#3679 = ORIENTED_EDGE('',*,*,#3680,.F.);
#3680 = EDGE_CURVE('',#3681,#3410,#3683,.T.);
#3681 = VERTEX_POINT('',#3682);
#3682 = CARTESIAN_POINT('',(-10.6,4.5,6.3));
#3683 = LINE('',#3684,#3685);
#3684 = CARTESIAN_POINT('',(-10.6,4.5,6.4));
#3685 = VECTOR('',#3686,1.);
#3686 = DIRECTION('',(2.2E-16,4.884981308351E-32,1.));
#3687 = ORIENTED_EDGE('',*,*,#3688,.F.);
#3688 = EDGE_CURVE('',#3689,#3681,#3691,.T.);
#3689 = VERTEX_POINT('',#3690);
#3690 = CARTESIAN_POINT('',(-0.1,4.5,6.3));
#3691 = LINE('',#3692,#3693);
#3692 = CARTESIAN_POINT('',(0.,4.5,6.3));
#3693 = VECTOR('',#3694,1.);
#3694 = DIRECTION('',(-1.,-2.22044604925E-16,1.11E-15));
#3695 = ORIENTED_EDGE('',*,*,#3696,.T.);
#3696 = EDGE_CURVE('',#3689,#3664,#3697,.T.);
#3697 = LINE('',#3698,#3699);
#3698 = CARTESIAN_POINT('',(-0.1,4.5,6.4));
#3699 = VECTOR('',#3700,1.);
#3700 = DIRECTION('',(-1.E-15,-2.22044604925E-31,-1.));
#3701 = PLANE('',#3702);
#3702 = AXIS2_PLACEMENT_3D('',#3703,#3704,#3705);
#3703 = CARTESIAN_POINT('',(-7.771428571429,4.5,4.378571428571));
#3704 = DIRECTION('',(-2.22044604925E-16,1.,0.));
#3705 = DIRECTION('',(0.,0.,-1.));
#3706 = ADVANCED_FACE('',(#3707),#3719,.T.);
#3707 = FACE_BOUND('',#3708,.T.);
#3708 = EDGE_LOOP('',(#3709,#3710,#3717,#3718));
#3709 = ORIENTED_EDGE('',*,*,#3502,.T.);
#3710 = ORIENTED_EDGE('',*,*,#3711,.T.);
#3711 = EDGE_CURVE('',#3495,#3574,#3712,.T.);
#3712 = ELLIPSE('',#3713,0.141421356237,0.1);
#3713 = AXIS2_PLACEMENT_3D('',#3714,#3715,#3716);
#3714 = CARTESIAN_POINT('',(-10.6,-4.4,6.3));
#3715 = DIRECTION('',(-0.707106781187,-1.570092458683E-16,0.707106781187
    ));
#3716 = DIRECTION('',(-0.707106781187,-1.570092458683E-16,
    -0.707106781187));
#3717 = ORIENTED_EDGE('',*,*,#3573,.F.);
#3718 = ORIENTED_EDGE('',*,*,#3443,.T.);
#3719 = CYLINDRICAL_SURFACE('',#3720,0.1);
#3720 = AXIS2_PLACEMENT_3D('',#3721,#3722,#3723);
#3721 = CARTESIAN_POINT('',(-10.6,-4.4,10.7));
#3722 = DIRECTION('',(-2.2E-16,-4.884981308351E-32,-1.));
#3723 = DIRECTION('',(2.22044604925E-16,-1.,1.000067302469E-44));
#3724 = ADVANCED_FACE('',(#3725),#3737,.T.);
#3725 = FACE_BOUND('',#3726,.T.);
#3726 = EDGE_LOOP('',(#3727,#3728,#3729,#3730));
#3727 = ORIENTED_EDGE('',*,*,#3509,.F.);
#3728 = ORIENTED_EDGE('',*,*,#3461,.T.);
#3729 = ORIENTED_EDGE('',*,*,#3638,.T.);
#3730 = ORIENTED_EDGE('',*,*,#3731,.F.);
#3731 = EDGE_CURVE('',#3479,#3622,#3732,.T.);
#3732 = CIRCLE('',#3733,0.1);
#3733 = AXIS2_PLACEMENT_3D('',#3734,#3735,#3736);
#3734 = CARTESIAN_POINT('',(-13.6,-4.4,-0.1));
#3735 = DIRECTION('',(-2.2E-16,-4.884981308351E-32,-1.));
#3736 = DIRECTION('',(1.,2.22044604925E-16,-2.2E-16));
#3737 = CYLINDRICAL_SURFACE('',#3738,0.1);
#3738 = AXIS2_PLACEMENT_3D('',#3739,#3740,#3741);
#3739 = CARTESIAN_POINT('',(-13.6,-4.4,10.7));
#3740 = DIRECTION('',(-2.2E-16,-4.884981308351E-32,-1.));
#3741 = DIRECTION('',(2.22044604925E-16,-1.,1.000067302469E-44));
#3742 = ADVANCED_FACE('',(#3743),#3780,.T.);
#3743 = FACE_BOUND('',#3744,.T.);
#3744 = EDGE_LOOP('',(#3745,#3746,#3747,#3748,#3755,#3756,#3765,#3773));
#3745 = ORIENTED_EDGE('',*,*,#3476,.T.);
#3746 = ORIENTED_EDGE('',*,*,#3731,.T.);
#3747 = ORIENTED_EDGE('',*,*,#3621,.T.);
#3748 = ORIENTED_EDGE('',*,*,#3749,.F.);
#3749 = EDGE_CURVE('',#3666,#3624,#3750,.T.);
#3750 = CIRCLE('',#3751,0.1);
#3751 = AXIS2_PLACEMENT_3D('',#3752,#3753,#3754);
#3752 = CARTESIAN_POINT('',(-13.6,4.4,-0.1));
#3753 = DIRECTION('',(2.2E-16,4.884981308351E-32,1.));
#3754 = DIRECTION('',(-1.,-2.22044604925E-16,2.2E-16));
#3755 = ORIENTED_EDGE('',*,*,#3663,.F.);
#3756 = ORIENTED_EDGE('',*,*,#3757,.T.);
#3757 = EDGE_CURVE('',#3664,#3758,#3760,.T.);
#3758 = VERTEX_POINT('',#3759);
#3759 = CARTESIAN_POINT('',(-1.915134717478E-15,4.4,-0.1));
#3760 = CIRCLE('',#3761,0.1);
#3761 = AXIS2_PLACEMENT_3D('',#3762,#3763,#3764);
#3762 = CARTESIAN_POINT('',(-0.1,4.4,-0.1));
#3763 = DIRECTION('',(-1.E-15,-2.22044604925E-31,-1.));
#3764 = DIRECTION('',(1.,2.22044604925E-16,-1.E-15));
#3765 = ORIENTED_EDGE('',*,*,#3766,.F.);
#3766 = EDGE_CURVE('',#3767,#3758,#3769,.T.);
#3767 = VERTEX_POINT('',#3768);
#3768 = CARTESIAN_POINT('',(2.775557561563E-17,-4.4,-0.1));
#3769 = LINE('',#3770,#3771);
#3770 = CARTESIAN_POINT('',(-3.724442438437E-15,-4.5,-0.1));
#3771 = VECTOR('',#3772,1.);
#3772 = DIRECTION('',(-2.22044604925E-16,1.,0.));
#3773 = ORIENTED_EDGE('',*,*,#3774,.F.);
#3774 = EDGE_CURVE('',#3477,#3767,#3775,.T.);
#3775 = CIRCLE('',#3776,0.1);
#3776 = AXIS2_PLACEMENT_3D('',#3777,#3778,#3779);
#3777 = CARTESIAN_POINT('',(-0.1,-4.4,-0.1));
#3778 = DIRECTION('',(1.E-15,2.22044604925E-31,1.));
#3779 = DIRECTION('',(1.,2.22044604925E-16,-1.E-15));
#3780 = PLANE('',#3781);
#3781 = AXIS2_PLACEMENT_3D('',#3782,#3783,#3784);
#3782 = CARTESIAN_POINT('',(-6.85,1.543210004229E-15,-0.1));
#3783 = DIRECTION('',(-3.1E-16,-6.883382752676E-32,-1.));
#3784 = DIRECTION('',(-1.,-2.22044604925E-16,3.1E-16));
#3785 = ADVANCED_FACE('',(#3786),#3805,.T.);
#3786 = FACE_BOUND('',#3787,.T.);
#3787 = EDGE_LOOP('',(#3788,#3789,#3790,#3798));
#3788 = ORIENTED_EDGE('',*,*,#3486,.T.);
#3789 = ORIENTED_EDGE('',*,*,#3774,.T.);
#3790 = ORIENTED_EDGE('',*,*,#3791,.F.);
#3791 = EDGE_CURVE('',#3792,#3767,#3794,.T.);
#3792 = VERTEX_POINT('',#3793);
#3793 = CARTESIAN_POINT('',(7.022160630754E-15,-4.4,6.4));
#3794 = LINE('',#3795,#3796);
#3795 = CARTESIAN_POINT('',(1.7763568394E-15,-4.4,6.4));
#3796 = VECTOR('',#3797,1.);
#3797 = DIRECTION('',(-1.E-15,-2.22044604925E-31,-1.));
#3798 = ORIENTED_EDGE('',*,*,#3799,.F.);
#3799 = EDGE_CURVE('',#3487,#3792,#3800,.T.);
#3800 = ELLIPSE('',#3801,0.141421356237,0.1);
#3801 = AXIS2_PLACEMENT_3D('',#3802,#3803,#3804);
#3802 = CARTESIAN_POINT('',(-0.1,-4.4,6.3));
#3803 = DIRECTION('',(-0.707106781187,-1.570092458683E-16,0.707106781187
    ));
#3804 = DIRECTION('',(-0.707106781187,-1.570092458683E-16,
    -0.707106781187));
#3805 = CYLINDRICAL_SURFACE('',#3806,0.1);
#3806 = AXIS2_PLACEMENT_3D('',#3807,#3808,#3809);
#3807 = CARTESIAN_POINT('',(-0.1,-4.4,6.4));
#3808 = DIRECTION('',(-1.E-15,-2.22044604925E-31,-1.));
#3809 = DIRECTION('',(2.22044604925E-16,-1.,0.));
#3810 = ADVANCED_FACE('',(#3811),#3822,.T.);
#3811 = FACE_BOUND('',#3812,.T.);
#3812 = EDGE_LOOP('',(#3813,#3814,#3820,#3821));
#3813 = ORIENTED_EDGE('',*,*,#3799,.T.);
#3814 = ORIENTED_EDGE('',*,*,#3815,.T.);
#3815 = EDGE_CURVE('',#3792,#3574,#3816,.T.);
#3816 = LINE('',#3817,#3818);
#3817 = CARTESIAN_POINT('',(3.552713678801E-15,-4.4,6.4));
#3818 = VECTOR('',#3819,1.);
#3819 = DIRECTION('',(-1.,-2.22044604925E-16,1.11E-15));
#3820 = ORIENTED_EDGE('',*,*,#3711,.F.);
#3821 = ORIENTED_EDGE('',*,*,#3494,.F.);
#3822 = CYLINDRICAL_SURFACE('',#3823,0.1);
#3823 = AXIS2_PLACEMENT_3D('',#3824,#3825,#3826);
#3824 = CARTESIAN_POINT('',(3.552713678801E-15,-4.4,6.3));
#3825 = DIRECTION('',(-1.,-2.22044604925E-16,1.11E-15));
#3826 = DIRECTION('',(2.22044604925E-16,-1.,0.));
#3827 = ADVANCED_FACE('',(#3828),#3840,.T.);
#3828 = FACE_BOUND('',#3829,.T.);
#3829 = EDGE_LOOP('',(#3830,#3831,#3832,#3833));
#3830 = ORIENTED_EDGE('',*,*,#3680,.T.);
#3831 = ORIENTED_EDGE('',*,*,#3524,.T.);
#3832 = ORIENTED_EDGE('',*,*,#3558,.F.);
#3833 = ORIENTED_EDGE('',*,*,#3834,.F.);
#3834 = EDGE_CURVE('',#3681,#3551,#3835,.T.);
#3835 = ELLIPSE('',#3836,0.141421356237,0.1);
#3836 = AXIS2_PLACEMENT_3D('',#3837,#3838,#3839);
#3837 = CARTESIAN_POINT('',(-10.6,4.4,6.3));
#3838 = DIRECTION('',(0.707106781187,1.570092458683E-16,-0.707106781187)
  );
#3839 = DIRECTION('',(0.707106781187,1.570092458683E-16,0.707106781187)
  );
#3840 = CYLINDRICAL_SURFACE('',#3841,0.1);
#3841 = AXIS2_PLACEMENT_3D('',#3842,#3843,#3844);
#3842 = CARTESIAN_POINT('',(-10.6,4.4,6.4));
#3843 = DIRECTION('',(2.2E-16,4.884981308351E-32,1.));
#3844 = DIRECTION('',(-2.22044604925E-16,1.,-1.000067302469E-44));
#3845 = ADVANCED_FACE('',(#3846),#3871,.F.);
#3846 = FACE_BOUND('',#3847,.F.);
#3847 = EDGE_LOOP('',(#3848,#3858,#3864,#3865));
#3848 = ORIENTED_EDGE('',*,*,#3849,.F.);
#3849 = EDGE_CURVE('',#3850,#3852,#3854,.T.);
#3850 = VERTEX_POINT('',#3851);
#3851 = CARTESIAN_POINT('',(5.120903701084E-15,4.2,6.4));
#3852 = VERTEX_POINT('',#3853);
#3853 = CARTESIAN_POINT('',(5.07927033766E-15,4.4,6.4));
#3854 = LINE('',#3855,#3856);
#3855 = CARTESIAN_POINT('',(8.437694987151E-16,4.2,6.4));
#3856 = VECTOR('',#3857,1.);
#3857 = DIRECTION('',(-2.22044604925E-16,1.,-7.1E-16));
#3858 = ORIENTED_EDGE('',*,*,#3859,.T.);
#3859 = EDGE_CURVE('',#3850,#3542,#3860,.T.);
#3860 = LINE('',#3861,#3862);
#3861 = CARTESIAN_POINT('',(8.437694987151E-16,4.2,6.4));
#3862 = VECTOR('',#3863,1.);
#3863 = DIRECTION('',(-1.,-2.22044604925E-16,1.11E-15));
#3864 = ORIENTED_EDGE('',*,*,#3550,.T.);
#3865 = ORIENTED_EDGE('',*,*,#3866,.F.);
#3866 = EDGE_CURVE('',#3852,#3551,#3867,.T.);
#3867 = LINE('',#3868,#3869);
#3868 = CARTESIAN_POINT('',(0.,4.4,6.4));
#3869 = VECTOR('',#3870,1.);
#3870 = DIRECTION('',(-1.,-2.22044604925E-16,1.11E-15));
#3871 = PLANE('',#3872);
#3872 = AXIS2_PLACEMENT_3D('',#3873,#3874,#3875);
#3873 = CARTESIAN_POINT('',(8.437694987151E-16,4.2,6.4));
#3874 = DIRECTION('',(-1.11E-15,-7.1E-16,-1.));
#3875 = DIRECTION('',(-2.22044604925E-16,1.,-7.1E-16));
#3876 = ADVANCED_FACE('',(#3877),#3897,.T.);
#3877 = FACE_BOUND('',#3878,.T.);
#3878 = EDGE_LOOP('',(#3879,#3888,#3889,#3890,#3891));
#3879 = ORIENTED_EDGE('',*,*,#3880,.T.);
#3880 = EDGE_CURVE('',#3881,#3850,#3883,.T.);
#3881 = VERTEX_POINT('',#3882);
#3882 = CARTESIAN_POINT('',(6.980527267331E-15,-4.2,6.4));
#3883 = CIRCLE('',#3884,4.2);
#3884 = AXIS2_PLACEMENT_3D('',#3885,#3886,#3887);
#3885 = CARTESIAN_POINT('',(1.7763568394E-15,3.464215547965E-15,6.4));
#3886 = DIRECTION('',(-1.,-2.22044604925E-16,1.E-15));
#3887 = DIRECTION('',(2.22044604925E-16,-1.,0.));
#3888 = ORIENTED_EDGE('',*,*,#3859,.T.);
#3889 = ORIENTED_EDGE('',*,*,#3541,.F.);
#3890 = ORIENTED_EDGE('',*,*,#3589,.F.);
#3891 = ORIENTED_EDGE('',*,*,#3892,.F.);
#3892 = EDGE_CURVE('',#3881,#3582,#3893,.T.);
#3893 = LINE('',#3894,#3895);
#3894 = CARTESIAN_POINT('',(2.708944180085E-15,-4.2,6.4));
#3895 = VECTOR('',#3896,1.);
#3896 = DIRECTION('',(-1.,-2.22044604925E-16,1.11E-15));
#3897 = CYLINDRICAL_SURFACE('',#3898,4.2);
#3898 = AXIS2_PLACEMENT_3D('',#3899,#3900,#3901);
#3899 = CARTESIAN_POINT('',(1.7763568394E-15,3.464215547965E-15,6.4));
#3900 = DIRECTION('',(1.,2.22044604925E-16,-1.11E-15));
#3901 = DIRECTION('',(2.22044604925E-16,-1.,0.));
#3902 = ADVANCED_FACE('',(#3903),#3914,.T.);
#3903 = FACE_BOUND('',#3904,.T.);
#3904 = EDGE_LOOP('',(#3905,#3911,#3912,#3913));
#3905 = ORIENTED_EDGE('',*,*,#3906,.F.);
#3906 = EDGE_CURVE('',#3881,#3792,#3907,.T.);
#3907 = LINE('',#3908,#3909);
#3908 = CARTESIAN_POINT('',(2.708944180085E-15,-4.2,6.4));
#3909 = VECTOR('',#3910,1.);
#3910 = DIRECTION('',(2.22044604925E-16,-1.,0.));
#3911 = ORIENTED_EDGE('',*,*,#3892,.T.);
#3912 = ORIENTED_EDGE('',*,*,#3581,.T.);
#3913 = ORIENTED_EDGE('',*,*,#3815,.F.);
#3914 = PLANE('',#3915);
#3915 = AXIS2_PLACEMENT_3D('',#3916,#3917,#3918);
#3916 = CARTESIAN_POINT('',(2.708944180085E-15,-4.2,6.4));
#3917 = DIRECTION('',(1.11E-15,2.464695114668E-31,1.));
#3918 = DIRECTION('',(2.22044604925E-16,-1.,5.000883894559E-44));
#3919 = ADVANCED_FACE('',(#3920),#3926,.T.);
#3920 = FACE_BOUND('',#3921,.T.);
#3921 = EDGE_LOOP('',(#3922,#3923,#3924,#3925));
#3922 = ORIENTED_EDGE('',*,*,#3749,.T.);
#3923 = ORIENTED_EDGE('',*,*,#3631,.T.);
#3924 = ORIENTED_EDGE('',*,*,#3604,.T.);
#3925 = ORIENTED_EDGE('',*,*,#3673,.F.);
#3926 = CYLINDRICAL_SURFACE('',#3927,0.1);
#3927 = AXIS2_PLACEMENT_3D('',#3928,#3929,#3930);
#3928 = CARTESIAN_POINT('',(-13.6,4.4,-0.1));
#3929 = DIRECTION('',(2.2E-16,4.884981308351E-32,1.));
#3930 = DIRECTION('',(-2.22044604925E-16,1.,-1.000067302469E-44));
#3931 = ADVANCED_FACE('',(#3932),#3975,.F.);
#3932 = FACE_BOUND('',#3933,.F.);
#3933 = EDGE_LOOP('',(#3934,#3945,#3953,#3962,#3967,#3968,#3969));
#3934 = ORIENTED_EDGE('',*,*,#3935,.T.);
#3935 = EDGE_CURVE('',#3936,#3938,#3940,.T.);
#3936 = VERTEX_POINT('',#3937);
#3937 = CARTESIAN_POINT('',(-2.,-3.15,6.4));
#3938 = VERTEX_POINT('',#3939);
#3939 = CARTESIAN_POINT('',(-2.,3.15,6.4));
#3940 = CIRCLE('',#3941,3.15);
#3941 = AXIS2_PLACEMENT_3D('',#3942,#3943,#3944);
#3942 = CARTESIAN_POINT('',(-2.,2.620126338115E-15,6.4));
#3943 = DIRECTION('',(-1.,-2.22044604925E-16,1.11E-15));
#3944 = DIRECTION('',(2.22044604925E-16,-1.,0.));
#3945 = ORIENTED_EDGE('',*,*,#3946,.T.);
#3946 = EDGE_CURVE('',#3938,#3947,#3949,.T.);
#3947 = VERTEX_POINT('',#3948);
#3948 = CARTESIAN_POINT('',(-12.,3.15,6.4));
#3949 = LINE('',#3950,#3951);
#3950 = CARTESIAN_POINT('',(-2.,3.15,6.4));
#3951 = VECTOR('',#3952,1.);
#3952 = DIRECTION('',(-1.,-2.22044604925E-16,1.11E-15));
#3953 = ORIENTED_EDGE('',*,*,#3954,.F.);
#3954 = EDGE_CURVE('',#3955,#3947,#3957,.T.);
#3955 = VERTEX_POINT('',#3956);
#3956 = CARTESIAN_POINT('',(-12.,-3.15,6.4));
#3957 = CIRCLE('',#3958,3.15);
#3958 = AXIS2_PLACEMENT_3D('',#3959,#3960,#3961);
#3959 = CARTESIAN_POINT('',(-12.,3.996802888651E-16,6.4));
#3960 = DIRECTION('',(1.,2.22044604925E-16,-2.2E-16));
#3961 = DIRECTION('',(2.22044604925E-16,-1.,0.));
#3962 = ORIENTED_EDGE('',*,*,#3963,.F.);
#3963 = EDGE_CURVE('',#3647,#3955,#3964,.T.);
#3964 = B_SPLINE_CURVE_WITH_KNOTS('',1,(#3965,#3966),.UNSPECIFIED.,.F.,
  .F.,(2,2),(-3.2,-1.5),.PIECEWISE_BEZIER_KNOTS.);
#3965 = CARTESIAN_POINT('',(-13.7,-3.15,6.4));
#3966 = CARTESIAN_POINT('',(-12.,-3.15,6.4));
#3967 = ORIENTED_EDGE('',*,*,#3646,.F.);
#3968 = ORIENTED_EDGE('',*,*,#3963,.T.);
#3969 = ORIENTED_EDGE('',*,*,#3970,.F.);
#3970 = EDGE_CURVE('',#3936,#3955,#3971,.T.);
#3971 = LINE('',#3972,#3973);
#3972 = CARTESIAN_POINT('',(-10.5,-3.15,6.4));
#3973 = VECTOR('',#3974,1.);
#3974 = DIRECTION('',(-1.,-2.22044604925E-16,2.2E-16));
#3975 = CYLINDRICAL_SURFACE('',#3976,3.15);
#3976 = AXIS2_PLACEMENT_3D('',#3977,#3978,#3979);
#3977 = CARTESIAN_POINT('',(-10.5,7.327471962526E-16,6.4));
#3978 = DIRECTION('',(1.,2.22044604925E-16,-2.2E-16));
#3979 = DIRECTION('',(2.22044604925E-16,-1.,0.));
#3980 = ADVANCED_FACE('',(#3981),#3998,.T.);
#3981 = FACE_BOUND('',#3982,.T.);
#3982 = EDGE_LOOP('',(#3983,#3990,#3996,#3997));
#3983 = ORIENTED_EDGE('',*,*,#3984,.T.);
#3984 = EDGE_CURVE('',#3689,#3852,#3985,.T.);
#3985 = ELLIPSE('',#3986,0.141421356237,0.1);
#3986 = AXIS2_PLACEMENT_3D('',#3987,#3988,#3989);
#3987 = CARTESIAN_POINT('',(-0.1,4.4,6.3));
#3988 = DIRECTION('',(0.707106781187,1.570092458683E-16,-0.707106781187)
  );
#3989 = DIRECTION('',(-0.707106781187,-1.570092458683E-16,
    -0.707106781187));
#3990 = ORIENTED_EDGE('',*,*,#3991,.T.);
#3991 = EDGE_CURVE('',#3852,#3758,#3992,.T.);
#3992 = LINE('',#3993,#3994);
#3993 = CARTESIAN_POINT('',(-1.7763568394E-15,4.4,6.4));
#3994 = VECTOR('',#3995,1.);
#3995 = DIRECTION('',(-1.E-15,-2.22044604925E-31,-1.));
#3996 = ORIENTED_EDGE('',*,*,#3757,.F.);
#3997 = ORIENTED_EDGE('',*,*,#3696,.F.);
#3998 = CYLINDRICAL_SURFACE('',#3999,0.1);
#3999 = AXIS2_PLACEMENT_3D('',#4000,#4001,#4002);
#4000 = CARTESIAN_POINT('',(-0.1,4.4,6.4));
#4001 = DIRECTION('',(-1.E-15,-2.22044604925E-31,-1.));
#4002 = DIRECTION('',(-2.22044604925E-16,1.,0.));
#4003 = ADVANCED_FACE('',(#4004),#4010,.T.);
#4004 = FACE_BOUND('',#4005,.T.);
#4005 = EDGE_LOOP('',(#4006,#4007,#4008,#4009));
#4006 = ORIENTED_EDGE('',*,*,#3688,.T.);
#4007 = ORIENTED_EDGE('',*,*,#3834,.T.);
#4008 = ORIENTED_EDGE('',*,*,#3866,.F.);
#4009 = ORIENTED_EDGE('',*,*,#3984,.F.);
#4010 = CYLINDRICAL_SURFACE('',#4011,0.1);
#4011 = AXIS2_PLACEMENT_3D('',#4012,#4013,#4014);
#4012 = CARTESIAN_POINT('',(0.,4.4,6.3));
#4013 = DIRECTION('',(-1.,-2.22044604925E-16,1.11E-15));
#4014 = DIRECTION('',(-2.22044604925E-16,1.,0.));
#4015 = ADVANCED_FACE('',(#4016),#4024,.T.);
#4016 = FACE_BOUND('',#4017,.T.);
#4017 = EDGE_LOOP('',(#4018,#4019,#4020,#4021,#4022,#4023));
#4018 = ORIENTED_EDGE('',*,*,#3906,.T.);
#4019 = ORIENTED_EDGE('',*,*,#3791,.T.);
#4020 = ORIENTED_EDGE('',*,*,#3766,.T.);
#4021 = ORIENTED_EDGE('',*,*,#3991,.F.);
#4022 = ORIENTED_EDGE('',*,*,#3849,.F.);
#4023 = ORIENTED_EDGE('',*,*,#3880,.F.);
#4024 = PLANE('',#4025);
#4025 = AXIS2_PLACEMENT_3D('',#4026,#4027,#4028);
#4026 = CARTESIAN_POINT('',(-4.336431605997E-16,3.064215547965E-15,
    4.405777734248));
#4027 = DIRECTION('',(1.,2.22044604925E-16,-1.11E-15));
#4028 = DIRECTION('',(1.11E-15,2.464695114668E-31,1.));
#4029 = ADVANCED_FACE('',(#4030),#4055,.F.);
#4030 = FACE_BOUND('',#4031,.F.);
#4031 = EDGE_LOOP('',(#4032,#4033,#4041,#4049));
#4032 = ORIENTED_EDGE('',*,*,#3970,.T.);
#4033 = ORIENTED_EDGE('',*,*,#4034,.T.);
#4034 = EDGE_CURVE('',#3955,#4035,#4037,.T.);
#4035 = VERTEX_POINT('',#4036);
#4036 = CARTESIAN_POINT('',(-12.,-3.15,0.4));
#4037 = LINE('',#4038,#4039);
#4038 = CARTESIAN_POINT('',(-12.,-3.15,6.4));
#4039 = VECTOR('',#4040,1.);
#4040 = DIRECTION('',(-1.E-15,-2.22044604925E-31,-1.));
#4041 = ORIENTED_EDGE('',*,*,#4042,.F.);
#4042 = EDGE_CURVE('',#4043,#4035,#4045,.T.);
#4043 = VERTEX_POINT('',#4044);
#4044 = CARTESIAN_POINT('',(-2.,-3.15,0.4));
#4045 = LINE('',#4046,#4047);
#4046 = CARTESIAN_POINT('',(-2.,-3.15,0.4));
#4047 = VECTOR('',#4048,1.);
#4048 = DIRECTION('',(-1.,-2.22044604925E-16,1.11E-15));
#4049 = ORIENTED_EDGE('',*,*,#4050,.F.);
#4050 = EDGE_CURVE('',#3936,#4043,#4051,.T.);
#4051 = LINE('',#4052,#4053);
#4052 = CARTESIAN_POINT('',(-2.,-3.15,6.4));
#4053 = VECTOR('',#4054,1.);
#4054 = DIRECTION('',(-1.E-15,-2.22044604925E-31,-1.));
#4055 = PLANE('',#4056);
#4056 = AXIS2_PLACEMENT_3D('',#4057,#4058,#4059);
#4057 = CARTESIAN_POINT('',(-2.,-3.15,6.4));
#4058 = DIRECTION('',(2.22044604925E-16,-1.,0.));
#4059 = DIRECTION('',(-1.11E-15,-2.464695114668E-31,-1.));
#4060 = ADVANCED_FACE('',(#4061),#4079,.T.);
#4061 = FACE_BOUND('',#4062,.T.);
#4062 = EDGE_LOOP('',(#4063,#4064,#4065,#4073));
#4063 = ORIENTED_EDGE('',*,*,#3954,.F.);
#4064 = ORIENTED_EDGE('',*,*,#4034,.T.);
#4065 = ORIENTED_EDGE('',*,*,#4066,.F.);
#4066 = EDGE_CURVE('',#4067,#4035,#4069,.T.);
#4067 = VERTEX_POINT('',#4068);
#4068 = CARTESIAN_POINT('',(-12.,3.15,0.4));
#4069 = LINE('',#4070,#4071);
#4070 = CARTESIAN_POINT('',(-12.,3.15,0.4));
#4071 = VECTOR('',#4072,1.);
#4072 = DIRECTION('',(2.22044604925E-16,-1.,0.));
#4073 = ORIENTED_EDGE('',*,*,#4074,.F.);
#4074 = EDGE_CURVE('',#3947,#4067,#4075,.T.);
#4075 = LINE('',#4076,#4077);
#4076 = CARTESIAN_POINT('',(-12.,3.15,6.4));
#4077 = VECTOR('',#4078,1.);
#4078 = DIRECTION('',(-1.E-15,-2.22044604925E-31,-1.));
#4079 = PLANE('',#4080);
#4080 = AXIS2_PLACEMENT_3D('',#4081,#4082,#4083);
#4081 = CARTESIAN_POINT('',(-12.,7.796802888651E-16,4.359865734706));
#4082 = DIRECTION('',(1.,2.22044604925E-16,-1.11E-15));
#4083 = DIRECTION('',(1.11E-15,2.464695114668E-31,1.));
#4084 = ADVANCED_FACE('',(#4085),#4103,.T.);
#4085 = FACE_BOUND('',#4086,.T.);
#4086 = EDGE_LOOP('',(#4087,#4088,#4089,#4097));
#4087 = ORIENTED_EDGE('',*,*,#3946,.T.);
#4088 = ORIENTED_EDGE('',*,*,#4074,.T.);
#4089 = ORIENTED_EDGE('',*,*,#4090,.F.);
#4090 = EDGE_CURVE('',#4091,#4067,#4093,.T.);
#4091 = VERTEX_POINT('',#4092);
#4092 = CARTESIAN_POINT('',(-2.,3.15,0.4));
#4093 = LINE('',#4094,#4095);
#4094 = CARTESIAN_POINT('',(-2.,3.15,0.4));
#4095 = VECTOR('',#4096,1.);
#4096 = DIRECTION('',(-1.,-2.22044604925E-16,1.11E-15));
#4097 = ORIENTED_EDGE('',*,*,#4098,.F.);
#4098 = EDGE_CURVE('',#3938,#4091,#4099,.T.);
#4099 = LINE('',#4100,#4101);
#4100 = CARTESIAN_POINT('',(-2.,3.15,6.4));
#4101 = VECTOR('',#4102,1.);
#4102 = DIRECTION('',(-1.E-15,-2.22044604925E-31,-1.));
#4103 = PLANE('',#4104);
#4104 = AXIS2_PLACEMENT_3D('',#4105,#4106,#4107);
#4105 = CARTESIAN_POINT('',(-2.,3.15,6.4));
#4106 = DIRECTION('',(2.22044604925E-16,-1.,0.));
#4107 = DIRECTION('',(-1.11E-15,-2.464695114668E-31,-1.));
#4108 = ADVANCED_FACE('',(#4109),#4120,.F.);
#4109 = FACE_BOUND('',#4110,.F.);
#4110 = EDGE_LOOP('',(#4111,#4112,#4118,#4119));
#4111 = ORIENTED_EDGE('',*,*,#4050,.T.);
#4112 = ORIENTED_EDGE('',*,*,#4113,.F.);
#4113 = EDGE_CURVE('',#4091,#4043,#4114,.T.);
#4114 = LINE('',#4115,#4116);
#4115 = CARTESIAN_POINT('',(-2.,3.15,0.4));
#4116 = VECTOR('',#4117,1.);
#4117 = DIRECTION('',(2.22044604925E-16,-1.,0.));
#4118 = ORIENTED_EDGE('',*,*,#4098,.F.);
#4119 = ORIENTED_EDGE('',*,*,#3935,.F.);
#4120 = PLANE('',#4121);
#4121 = AXIS2_PLACEMENT_3D('',#4122,#4123,#4124);
#4122 = CARTESIAN_POINT('',(-2.,3.000126338115E-15,4.359865734706));
#4123 = DIRECTION('',(1.,2.22044604925E-16,-1.11E-15));
#4124 = DIRECTION('',(1.11E-15,2.464695114668E-31,1.));
#4125 = ADVANCED_FACE('',(#4126),#4132,.T.);
#4126 = FACE_BOUND('',#4127,.T.);
#4127 = EDGE_LOOP('',(#4128,#4129,#4130,#4131));
#4128 = ORIENTED_EDGE('',*,*,#4090,.T.);
#4129 = ORIENTED_EDGE('',*,*,#4066,.T.);
#4130 = ORIENTED_EDGE('',*,*,#4042,.F.);
#4131 = ORIENTED_EDGE('',*,*,#4113,.F.);
#4132 = PLANE('',#4133);
#4133 = AXIS2_PLACEMENT_3D('',#4134,#4135,#4136);
#4134 = CARTESIAN_POINT('',(-2.,3.15,0.4));
#4135 = DIRECTION('',(1.11E-15,2.464695114668E-31,1.));
#4136 = DIRECTION('',(2.22044604925E-16,-1.,5.000883894559E-44));
#4137 = MANIFOLD_SOLID_BREP('',#4138);
#4138 = CLOSED_SHELL('',(#4139,#4179,#4212,#4243,#4303,#4328,#4347,#4372
    ,#4397,#4441,#4466,#4475));
#4139 = ADVANCED_FACE('',(#4140),#4174,.T.);
#4140 = FACE_BOUND('',#4141,.T.);
#4141 = EDGE_LOOP('',(#4142,#4152,#4160,#4168));
#4142 = ORIENTED_EDGE('',*,*,#4143,.F.);
#4143 = EDGE_CURVE('',#4144,#4146,#4148,.T.);
#4144 = VERTEX_POINT('',#4145);
#4145 = CARTESIAN_POINT('',(6.758482662406E-15,1.3,4.0999988085));
#4146 = VERTEX_POINT('',#4147);
#4147 = CARTESIAN_POINT('',(-4.232725281383E-15,1.3,-2.2));
#4148 = LINE('',#4149,#4150);
#4149 = CARTESIAN_POINT('',(-8.123011470023E-16,1.3,4.1));
#4150 = VECTOR('',#4151,1.);
#4151 = DIRECTION('',(-1.E-15,-2.22044604925E-31,-1.));
#4152 = ORIENTED_EDGE('',*,*,#4153,.T.);
#4153 = EDGE_CURVE('',#4144,#4154,#4156,.T.);
#4154 = VERTEX_POINT('',#4155);
#4155 = CARTESIAN_POINT('',(0.2,1.3,4.0999988085));
#4156 = LINE('',#4157,#4158);
#4157 = CARTESIAN_POINT('',(1.7763568394E-15,1.3,4.0999988085));
#4158 = VECTOR('',#4159,1.);
#4159 = DIRECTION('',(1.,2.22044604925E-16,0.));
#4160 = ORIENTED_EDGE('',*,*,#4161,.T.);
#4161 = EDGE_CURVE('',#4154,#4162,#4164,.T.);
#4162 = VERTEX_POINT('',#4163);
#4163 = CARTESIAN_POINT('',(0.2,1.3,-2.2));
#4164 = LINE('',#4165,#4166);
#4165 = CARTESIAN_POINT('',(0.2,1.3,4.1));
#4166 = VECTOR('',#4167,1.);
#4167 = DIRECTION('',(-1.E-15,-2.22044604925E-31,-1.));
#4168 = ORIENTED_EDGE('',*,*,#4169,.F.);
#4169 = EDGE_CURVE('',#4146,#4162,#4170,.T.);
#4170 = LINE('',#4171,#4172);
#4171 = CARTESIAN_POINT('',(-8.062301147002E-15,1.3,-2.2));
#4172 = VECTOR('',#4173,1.);
#4173 = DIRECTION('',(1.,2.22044604925E-16,-1.11E-15));
#4174 = PLANE('',#4175);
#4175 = AXIS2_PLACEMENT_3D('',#4176,#4177,#4178);
#4176 = CARTESIAN_POINT('',(-1.062301147002E-15,1.3,4.1));
#4177 = DIRECTION('',(-2.22044604925E-16,1.,0.));
#4178 = DIRECTION('',(-1.11E-15,-2.464695114668E-31,-1.));
#4179 = ADVANCED_FACE('',(#4180),#4207,.T.);
#4180 = FACE_BOUND('',#4181,.T.);
#4181 = EDGE_LOOP('',(#4182,#4183,#4192,#4200));
#4182 = ORIENTED_EDGE('',*,*,#4169,.T.);
#4183 = ORIENTED_EDGE('',*,*,#4184,.T.);
#4184 = EDGE_CURVE('',#4162,#4185,#4187,.T.);
#4185 = VERTEX_POINT('',#4186);
#4186 = CARTESIAN_POINT('',(0.2,-1.3,-2.2));
#4187 = CIRCLE('',#4188,1.3);
#4188 = AXIS2_PLACEMENT_3D('',#4189,#4190,#4191);
#4189 = CARTESIAN_POINT('',(0.2,3.10862446895E-15,-2.2));
#4190 = DIRECTION('',(-1.,-2.22044604925E-16,1.E-15));
#4191 = DIRECTION('',(2.22044604925E-16,-1.,0.));
#4192 = ORIENTED_EDGE('',*,*,#4193,.F.);
#4193 = EDGE_CURVE('',#4194,#4185,#4196,.T.);
#4194 = VERTEX_POINT('',#4195);
#4195 = CARTESIAN_POINT('',(-4.649058915618E-15,-1.3,-2.2));
#4196 = LINE('',#4197,#4198);
#4197 = CARTESIAN_POINT('',(-7.484985174197E-15,-1.3,-2.2));
#4198 = VECTOR('',#4199,1.);
#4199 = DIRECTION('',(1.,2.22044604925E-16,-1.11E-15));
#4200 = ORIENTED_EDGE('',*,*,#4201,.F.);
#4201 = EDGE_CURVE('',#4146,#4194,#4202,.T.);
#4202 = CIRCLE('',#4203,1.3);
#4203 = AXIS2_PLACEMENT_3D('',#4204,#4205,#4206);
#4204 = CARTESIAN_POINT('',(-6.8236431606E-15,3.064215547965E-15,-2.2));
#4205 = DIRECTION('',(-1.,-2.22044604925E-16,1.E-15));
#4206 = DIRECTION('',(2.22044604925E-16,-1.,0.));
#4207 = CYLINDRICAL_SURFACE('',#4208,1.3);
#4208 = AXIS2_PLACEMENT_3D('',#4209,#4210,#4211);
#4209 = CARTESIAN_POINT('',(-7.7736431606E-15,3.064215547965E-15,-2.2));
#4210 = DIRECTION('',(-1.,-2.22044604925E-16,1.11E-15));
#4211 = DIRECTION('',(2.22044604925E-16,-1.,0.));
#4212 = ADVANCED_FACE('',(#4213),#4238,.F.);
#4213 = FACE_BOUND('',#4214,.F.);
#4214 = EDGE_LOOP('',(#4215,#4223,#4231,#4237));
#4215 = ORIENTED_EDGE('',*,*,#4216,.F.);
#4216 = EDGE_CURVE('',#4217,#4194,#4219,.T.);
#4217 = VERTEX_POINT('',#4218);
#4218 = CARTESIAN_POINT('',(6.342149028171E-15,-1.3,4.0999988085));
#4219 = LINE('',#4220,#4221);
#4220 = CARTESIAN_POINT('',(-2.349851741972E-16,-1.3,4.1));
#4221 = VECTOR('',#4222,1.);
#4222 = DIRECTION('',(-1.E-15,-2.22044604925E-31,-1.));
#4223 = ORIENTED_EDGE('',*,*,#4224,.T.);
#4224 = EDGE_CURVE('',#4217,#4225,#4227,.T.);
#4225 = VERTEX_POINT('',#4226);
#4226 = CARTESIAN_POINT('',(0.2,-1.3,4.0999988085));
#4227 = LINE('',#4228,#4229);
#4228 = CARTESIAN_POINT('',(1.7763568394E-15,-1.3,4.0999988085));
#4229 = VECTOR('',#4230,1.);
#4230 = DIRECTION('',(1.,2.22044604925E-16,0.));
#4231 = ORIENTED_EDGE('',*,*,#4232,.T.);
#4232 = EDGE_CURVE('',#4225,#4185,#4233,.T.);
#4233 = LINE('',#4234,#4235);
#4234 = CARTESIAN_POINT('',(0.2,-1.3,4.1));
#4235 = VECTOR('',#4236,1.);
#4236 = DIRECTION('',(-1.E-15,-2.22044604925E-31,-1.));
#4237 = ORIENTED_EDGE('',*,*,#4193,.F.);
#4238 = PLANE('',#4239);
#4239 = AXIS2_PLACEMENT_3D('',#4240,#4241,#4242);
#4240 = CARTESIAN_POINT('',(-4.849851741972E-16,-1.3,4.1));
#4241 = DIRECTION('',(-2.22044604925E-16,1.,0.));
#4242 = DIRECTION('',(-1.11E-15,-2.464695114668E-31,-1.));
#4243 = ADVANCED_FACE('',(#4244,#4265,#4276,#4287),#4298,.T.);
#4244 = FACE_BOUND('',#4245,.T.);
#4245 = EDGE_LOOP('',(#4246,#4255,#4256,#4257,#4258));
#4246 = ORIENTED_EDGE('',*,*,#4247,.F.);
#4247 = EDGE_CURVE('',#4144,#4248,#4250,.T.);
#4248 = VERTEX_POINT('',#4249);
#4249 = CARTESIAN_POINT('',(5.634381849973E-15,-2.64197,6.4));
#4250 = CIRCLE('',#4251,2.64197);
#4251 = AXIS2_PLACEMENT_3D('',#4252,#4253,#4254);
#4252 = CARTESIAN_POINT('',(1.7763568394E-15,3.064215547965E-15,6.4));
#4253 = DIRECTION('',(1.,2.22044604925E-16,0.));
#4254 = DIRECTION('',(2.22044604925E-16,-1.,0.));
#4255 = ORIENTED_EDGE('',*,*,#4143,.T.);
#4256 = ORIENTED_EDGE('',*,*,#4201,.T.);
#4257 = ORIENTED_EDGE('',*,*,#4216,.F.);
#4258 = ORIENTED_EDGE('',*,*,#4259,.F.);
#4259 = EDGE_CURVE('',#4248,#4217,#4260,.T.);
#4260 = CIRCLE('',#4261,2.64197);
#4261 = AXIS2_PLACEMENT_3D('',#4262,#4263,#4264);
#4262 = CARTESIAN_POINT('',(1.7763568394E-15,3.064215547965E-15,6.4));
#4263 = DIRECTION('',(1.,2.22044604925E-16,0.));
#4264 = DIRECTION('',(2.22044604925E-16,-1.,0.));
#4265 = FACE_BOUND('',#4266,.T.);
#4266 = EDGE_LOOP('',(#4267));
#4267 = ORIENTED_EDGE('',*,*,#4268,.T.);
#4268 = EDGE_CURVE('',#4269,#4269,#4271,.T.);
#4269 = VERTEX_POINT('',#4270);
#4270 = CARTESIAN_POINT('',(6.272760089132E-15,-1.,6.4));
#4271 = CIRCLE('',#4272,1.);
#4272 = AXIS2_PLACEMENT_3D('',#4273,#4274,#4275);
#4273 = CARTESIAN_POINT('',(1.7763568394E-15,3.064215547965E-15,6.4));
#4274 = DIRECTION('',(1.,2.22044604925E-16,-2.2E-16));
#4275 = DIRECTION('',(2.22044604925E-16,-1.,0.));
#4276 = FACE_BOUND('',#4277,.T.);
#4277 = EDGE_LOOP('',(#4278));
#4278 = ORIENTED_EDGE('',*,*,#4279,.F.);
#4279 = EDGE_CURVE('',#4280,#4280,#4282,.T.);
#4280 = VERTEX_POINT('',#4281);
#4281 = CARTESIAN_POINT('',(-3.774758283726E-15,-0.75,-2.2));
#4282 = CIRCLE('',#4283,0.75);
#4283 = AXIS2_PLACEMENT_3D('',#4284,#4285,#4286);
#4284 = CARTESIAN_POINT('',(-6.8236431606E-15,3.064215547965E-15,-2.2));
#4285 = DIRECTION('',(-1.,-2.22044604925E-16,1.E-15));
#4286 = DIRECTION('',(2.22044604925E-16,-1.,0.));
#4287 = FACE_BOUND('',#4288,.T.);
#4288 = EDGE_LOOP('',(#4289));
#4289 = ORIENTED_EDGE('',*,*,#4290,.F.);
#4290 = EDGE_CURVE('',#4291,#4291,#4293,.T.);
#4291 = VERTEX_POINT('',#4292);
#4292 = CARTESIAN_POINT('',(1.221245327088E-15,-0.75,2.1));
#4293 = CIRCLE('',#4294,0.75);
#4294 = AXIS2_PLACEMENT_3D('',#4295,#4296,#4297);
#4295 = CARTESIAN_POINT('',(-2.5236431606E-15,3.064215547965E-15,2.1));
#4296 = DIRECTION('',(-1.,-2.22044604925E-16,1.E-15));
#4297 = DIRECTION('',(2.22044604925E-16,-1.,0.));
#4298 = PLANE('',#4299);
#4299 = AXIS2_PLACEMENT_3D('',#4300,#4301,#4302);
#4300 = CARTESIAN_POINT('',(-1.7763568394E-15,-4.523315471024E-02,
    2.985978728867));
#4301 = DIRECTION('',(-1.,-2.92044604925E-16,9.5E-16));
#4302 = DIRECTION('',(-9.5E-16,-2.109423746788E-31,-1.));
#4303 = ADVANCED_FACE('',(#4304),#4323,.T.);
#4304 = FACE_BOUND('',#4305,.T.);
#4305 = EDGE_LOOP('',(#4306,#4314,#4321,#4322));
#4306 = ORIENTED_EDGE('',*,*,#4307,.T.);
#4307 = EDGE_CURVE('',#4269,#4308,#4310,.T.);
#4308 = VERTEX_POINT('',#4309);
#4309 = CARTESIAN_POINT('',(-12.8,-1.,6.4));
#4310 = LINE('',#4311,#4312);
#4311 = CARTESIAN_POINT('',(0.4,-1.,6.4));
#4312 = VECTOR('',#4313,1.);
#4313 = DIRECTION('',(-1.,-2.22044604925E-16,0.));
#4314 = ORIENTED_EDGE('',*,*,#4315,.F.);
#4315 = EDGE_CURVE('',#4308,#4308,#4316,.T.);
#4316 = CIRCLE('',#4317,1.);
#4317 = AXIS2_PLACEMENT_3D('',#4318,#4319,#4320);
#4318 = CARTESIAN_POINT('',(-12.8,2.22044604925E-16,6.4));
#4319 = DIRECTION('',(-1.,-2.22044604925E-16,2.2E-16));
#4320 = DIRECTION('',(2.22044604925E-16,-1.,0.));
#4321 = ORIENTED_EDGE('',*,*,#4307,.F.);
#4322 = ORIENTED_EDGE('',*,*,#4268,.F.);
#4323 = CYLINDRICAL_SURFACE('',#4324,1.);
#4324 = AXIS2_PLACEMENT_3D('',#4325,#4326,#4327);
#4325 = CARTESIAN_POINT('',(0.4,3.153033389935E-15,6.4));
#4326 = DIRECTION('',(1.,2.22044604925E-16,-0.));
#4327 = DIRECTION('',(2.22044604925E-16,-1.,0.));
#4328 = ADVANCED_FACE('',(#4329),#4342,.T.);
#4329 = FACE_BOUND('',#4330,.T.);
#4330 = EDGE_LOOP('',(#4331,#4340,#4341));
#4331 = ORIENTED_EDGE('',*,*,#4332,.F.);
#4332 = EDGE_CURVE('',#4308,#4333,#4335,.T.);
#4333 = VERTEX_POINT('',#4334);
#4334 = CARTESIAN_POINT('',(-13.8,-3.944304526105E-31,6.4));
#4335 = CIRCLE('',#4336,1.);
#4336 = AXIS2_PLACEMENT_3D('',#4337,#4338,#4339);
#4337 = CARTESIAN_POINT('',(-12.8,2.22044604925E-16,6.4));
#4338 = DIRECTION('',(-2.2E-16,-4.884981308351E-32,-1.));
#4339 = DIRECTION('',(2.22044604925E-16,-1.,1.000067302469E-44));
#4340 = ORIENTED_EDGE('',*,*,#4315,.T.);
#4341 = ORIENTED_EDGE('',*,*,#4332,.T.);
#4342 = SPHERICAL_SURFACE('',#4343,1.);
#4343 = AXIS2_PLACEMENT_3D('',#4344,#4345,#4346);
#4344 = CARTESIAN_POINT('',(-12.8,2.22044604925E-16,6.4));
#4345 = DIRECTION('',(-1.,-2.22044604925E-16,2.2E-16));
#4346 = DIRECTION('',(2.22044604925E-16,-1.,0.));
#4347 = ADVANCED_FACE('',(#4348),#4367,.F.);
#4348 = FACE_BOUND('',#4349,.F.);
#4349 = EDGE_LOOP('',(#4350,#4358,#4365,#4366));
#4350 = ORIENTED_EDGE('',*,*,#4351,.T.);
#4351 = EDGE_CURVE('',#4280,#4352,#4354,.T.);
#4352 = VERTEX_POINT('',#4353);
#4353 = CARTESIAN_POINT('',(0.2,-0.75,-2.2));
#4354 = LINE('',#4355,#4356);
#4355 = CARTESIAN_POINT('',(-7.607109706906E-15,-0.75,-2.2));
#4356 = VECTOR('',#4357,1.);
#4357 = DIRECTION('',(1.,2.22044604925E-16,-1.11E-15));
#4358 = ORIENTED_EDGE('',*,*,#4359,.T.);
#4359 = EDGE_CURVE('',#4352,#4352,#4360,.T.);
#4360 = CIRCLE('',#4361,0.75);
#4361 = AXIS2_PLACEMENT_3D('',#4362,#4363,#4364);
#4362 = CARTESIAN_POINT('',(0.2,3.10862446895E-15,-2.2));
#4363 = DIRECTION('',(-1.,-2.22044604925E-16,1.E-15));
#4364 = DIRECTION('',(2.22044604925E-16,-1.,0.));
#4365 = ORIENTED_EDGE('',*,*,#4351,.F.);
#4366 = ORIENTED_EDGE('',*,*,#4279,.F.);
#4367 = CYLINDRICAL_SURFACE('',#4368,0.75);
#4368 = AXIS2_PLACEMENT_3D('',#4369,#4370,#4371);
#4369 = CARTESIAN_POINT('',(-7.7736431606E-15,3.064215547965E-15,-2.2));
#4370 = DIRECTION('',(-1.,-2.22044604925E-16,1.11E-15));
#4371 = DIRECTION('',(2.22044604925E-16,-1.,0.));
#4372 = ADVANCED_FACE('',(#4373),#4392,.F.);
#4373 = FACE_BOUND('',#4374,.F.);
#4374 = EDGE_LOOP('',(#4375,#4383,#4390,#4391));
#4375 = ORIENTED_EDGE('',*,*,#4376,.T.);
#4376 = EDGE_CURVE('',#4291,#4377,#4379,.T.);
#4377 = VERTEX_POINT('',#4378);
#4378 = CARTESIAN_POINT('',(0.2,-0.75,2.1));
#4379 = LINE('',#4380,#4381);
#4380 = CARTESIAN_POINT('',(-2.827109706906E-15,-0.75,2.1));
#4381 = VECTOR('',#4382,1.);
#4382 = DIRECTION('',(1.,2.22044604925E-16,-1.11E-15));
#4383 = ORIENTED_EDGE('',*,*,#4384,.T.);
#4384 = EDGE_CURVE('',#4377,#4377,#4385,.T.);
#4385 = CIRCLE('',#4386,0.75);
#4386 = AXIS2_PLACEMENT_3D('',#4387,#4388,#4389);
#4387 = CARTESIAN_POINT('',(0.2,3.10862446895E-15,2.1));
#4388 = DIRECTION('',(-1.,-2.22044604925E-16,1.E-15));
#4389 = DIRECTION('',(2.22044604925E-16,-1.,0.));
#4390 = ORIENTED_EDGE('',*,*,#4376,.F.);
#4391 = ORIENTED_EDGE('',*,*,#4290,.F.);
#4392 = CYLINDRICAL_SURFACE('',#4393,0.75);
#4393 = AXIS2_PLACEMENT_3D('',#4394,#4395,#4396);
#4394 = CARTESIAN_POINT('',(-2.9936431606E-15,3.064215547965E-15,2.1));
#4395 = DIRECTION('',(-1.,-2.22044604925E-16,1.11E-15));
#4396 = DIRECTION('',(2.22044604925E-16,-1.,0.));
#4397 = ADVANCED_FACE('',(#4398,#4419,#4430,#4433),#4436,.T.);
#4398 = FACE_BOUND('',#4399,.T.);
#4399 = EDGE_LOOP('',(#4400,#4409,#4416,#4417,#4418));
#4400 = ORIENTED_EDGE('',*,*,#4401,.T.);
#4401 = EDGE_CURVE('',#4154,#4402,#4404,.T.);
#4402 = VERTEX_POINT('',#4403);
#4403 = CARTESIAN_POINT('',(0.2,-2.64197,6.4));
#4404 = CIRCLE('',#4405,2.64197);
#4405 = AXIS2_PLACEMENT_3D('',#4406,#4407,#4408);
#4406 = CARTESIAN_POINT('',(0.2,3.10862446895E-15,6.4));
#4407 = DIRECTION('',(1.,2.22044604925E-16,0.));
#4408 = DIRECTION('',(2.22044604925E-16,-1.,0.));
#4409 = ORIENTED_EDGE('',*,*,#4410,.T.);
#4410 = EDGE_CURVE('',#4402,#4225,#4411,.T.);
#4411 = CIRCLE('',#4412,2.64197);
#4412 = AXIS2_PLACEMENT_3D('',#4413,#4414,#4415);
#4413 = CARTESIAN_POINT('',(0.2,3.10862446895E-15,6.4));
#4414 = DIRECTION('',(1.,2.22044604925E-16,0.));
#4415 = DIRECTION('',(2.22044604925E-16,-1.,0.));
#4416 = ORIENTED_EDGE('',*,*,#4232,.T.);
#4417 = ORIENTED_EDGE('',*,*,#4184,.F.);
#4418 = ORIENTED_EDGE('',*,*,#4161,.F.);
#4419 = FACE_BOUND('',#4420,.T.);
#4420 = EDGE_LOOP('',(#4421));
#4421 = ORIENTED_EDGE('',*,*,#4422,.F.);
#4422 = EDGE_CURVE('',#4423,#4423,#4425,.T.);
#4423 = VERTEX_POINT('',#4424);
#4424 = CARTESIAN_POINT('',(0.2,-1.,6.4));
#4425 = CIRCLE('',#4426,1.);
#4426 = AXIS2_PLACEMENT_3D('',#4427,#4428,#4429);
#4427 = CARTESIAN_POINT('',(0.2,3.10862446895E-15,6.4));
#4428 = DIRECTION('',(1.,2.22044604925E-16,-2.2E-16));
#4429 = DIRECTION('',(2.22044604925E-16,-1.,0.));
#4430 = FACE_BOUND('',#4431,.T.);
#4431 = EDGE_LOOP('',(#4432));
#4432 = ORIENTED_EDGE('',*,*,#4359,.T.);
#4433 = FACE_BOUND('',#4434,.T.);
#4434 = EDGE_LOOP('',(#4435));
#4435 = ORIENTED_EDGE('',*,*,#4384,.T.);
#4436 = PLANE('',#4437);
#4437 = AXIS2_PLACEMENT_3D('',#4438,#4439,#4440);
#4438 = CARTESIAN_POINT('',(0.2,-4.523315471024E-02,2.985978728867));
#4439 = DIRECTION('',(1.,2.92044604925E-16,-9.5E-16));
#4440 = DIRECTION('',(9.5E-16,2.109423746788E-31,1.));
#4441 = ADVANCED_FACE('',(#4442),#4461,.T.);
#4442 = FACE_BOUND('',#4443,.T.);
#4443 = EDGE_LOOP('',(#4444,#4452,#4453,#4454));
#4444 = ORIENTED_EDGE('',*,*,#4445,.T.);
#4445 = EDGE_CURVE('',#4446,#4423,#4448,.T.);
#4446 = VERTEX_POINT('',#4447);
#4447 = CARTESIAN_POINT('',(0.4,-1.,6.4));
#4448 = LINE('',#4449,#4450);
#4449 = CARTESIAN_POINT('',(0.4,-1.,6.4));
#4450 = VECTOR('',#4451,1.);
#4451 = DIRECTION('',(-1.,-2.22044604925E-16,0.));
#4452 = ORIENTED_EDGE('',*,*,#4422,.T.);
#4453 = ORIENTED_EDGE('',*,*,#4445,.F.);
#4454 = ORIENTED_EDGE('',*,*,#4455,.T.);
#4455 = EDGE_CURVE('',#4446,#4446,#4456,.T.);
#4456 = CIRCLE('',#4457,1.);
#4457 = AXIS2_PLACEMENT_3D('',#4458,#4459,#4460);
#4458 = CARTESIAN_POINT('',(0.4,3.153033389935E-15,6.4));
#4459 = DIRECTION('',(-1.,-2.22044604925E-16,0.));
#4460 = DIRECTION('',(2.22044604925E-16,-1.,0.));
#4461 = CYLINDRICAL_SURFACE('',#4462,1.);
#4462 = AXIS2_PLACEMENT_3D('',#4463,#4464,#4465);
#4463 = CARTESIAN_POINT('',(0.4,3.153033389935E-15,6.4));
#4464 = DIRECTION('',(1.,2.22044604925E-16,-0.));
#4465 = DIRECTION('',(2.22044604925E-16,-1.,0.));
#4466 = ADVANCED_FACE('',(#4467),#4470,.F.);
#4467 = FACE_BOUND('',#4468,.T.);
#4468 = EDGE_LOOP('',(#4469));
#4469 = ORIENTED_EDGE('',*,*,#4455,.F.);
#4470 = PLANE('',#4471);
#4471 = AXIS2_PLACEMENT_3D('',#4472,#4473,#4474);
#4472 = CARTESIAN_POINT('',(0.4,3.153033389935E-15,6.4));
#4473 = DIRECTION('',(-1.,-2.22044604925E-16,0.));
#4474 = DIRECTION('',(2.22044604925E-16,-1.,0.));
#4475 = ADVANCED_FACE('',(#4476),#4484,.T.);
#4476 = FACE_BOUND('',#4477,.T.);
#4477 = EDGE_LOOP('',(#4478,#4479,#4480,#4481,#4482,#4483));
#4478 = ORIENTED_EDGE('',*,*,#4259,.T.);
#4479 = ORIENTED_EDGE('',*,*,#4224,.T.);
#4480 = ORIENTED_EDGE('',*,*,#4410,.F.);
#4481 = ORIENTED_EDGE('',*,*,#4401,.F.);
#4482 = ORIENTED_EDGE('',*,*,#4153,.F.);
#4483 = ORIENTED_EDGE('',*,*,#4247,.T.);
#4484 = CYLINDRICAL_SURFACE('',#4485,2.64197);
#4485 = AXIS2_PLACEMENT_3D('',#4486,#4487,#4488);
#4486 = CARTESIAN_POINT('',(1.7763568394E-15,3.064215547965E-15,6.4));
#4487 = DIRECTION('',(1.,2.22044604925E-16,0.));
#4488 = DIRECTION('',(2.22044604925E-16,-1.,0.));
#4489 = MANIFOLD_SOLID_BREP('',#4490);
#4490 = CLOSED_SHELL('',(#4491,#4531,#4562,#4593,#4629,#4660,#4687,#4701
    ));
#4491 = ADVANCED_FACE('',(#4492),#4526,.F.);
#4492 = FACE_BOUND('',#4493,.F.);
#4493 = EDGE_LOOP('',(#4494,#4504,#4512,#4520));
#4494 = ORIENTED_EDGE('',*,*,#4495,.T.);
#4495 = EDGE_CURVE('',#4496,#4498,#4500,.T.);
#4496 = VERTEX_POINT('',#4497);
#4497 = CARTESIAN_POINT('',(-11.26,2.5,-6.E-02));
#4498 = VERTEX_POINT('',#4499);
#4499 = CARTESIAN_POINT('',(-11.26,-2.5,-6.E-02));
#4500 = LINE('',#4501,#4502);
#4501 = CARTESIAN_POINT('',(-11.26,2.5,-6.E-02));
#4502 = VECTOR('',#4503,1.);
#4503 = DIRECTION('',(2.22044604925E-16,-1.,0.));
#4504 = ORIENTED_EDGE('',*,*,#4505,.T.);
#4505 = EDGE_CURVE('',#4498,#4506,#4508,.T.);
#4506 = VERTEX_POINT('',#4507);
#4507 = CARTESIAN_POINT('',(-5.9,-2.5,-6.E-02));
#4508 = LINE('',#4509,#4510);
#4509 = CARTESIAN_POINT('',(-11.26,-2.5,-6.E-02));
#4510 = VECTOR('',#4511,1.);
#4511 = DIRECTION('',(1.,2.22044604925E-16,0.));
#4512 = ORIENTED_EDGE('',*,*,#4513,.F.);
#4513 = EDGE_CURVE('',#4514,#4506,#4516,.T.);
#4514 = VERTEX_POINT('',#4515);
#4515 = CARTESIAN_POINT('',(-5.9,2.5,-6.E-02));
#4516 = LINE('',#4517,#4518);
#4517 = CARTESIAN_POINT('',(-5.9,2.5,-6.E-02));
#4518 = VECTOR('',#4519,1.);
#4519 = DIRECTION('',(2.22044604925E-16,-1.,0.));
#4520 = ORIENTED_EDGE('',*,*,#4521,.F.);
#4521 = EDGE_CURVE('',#4496,#4514,#4522,.T.);
#4522 = LINE('',#4523,#4524);
#4523 = CARTESIAN_POINT('',(-11.26,2.5,-6.E-02));
#4524 = VECTOR('',#4525,1.);
#4525 = DIRECTION('',(1.,2.22044604925E-16,0.));
#4526 = PLANE('',#4527);
#4527 = AXIS2_PLACEMENT_3D('',#4528,#4529,#4530);
#4528 = CARTESIAN_POINT('',(-11.26,2.5,-6.E-02));
#4529 = DIRECTION('',(0.,0.,1.));
#4530 = DIRECTION('',(1.,2.22044604925E-16,-0.));
#4531 = ADVANCED_FACE('',(#4532),#4557,.F.);
#4532 = FACE_BOUND('',#4533,.F.);
#4533 = EDGE_LOOP('',(#4534,#4535,#4543,#4551));
#4534 = ORIENTED_EDGE('',*,*,#4513,.T.);
#4535 = ORIENTED_EDGE('',*,*,#4536,.T.);
#4536 = EDGE_CURVE('',#4506,#4537,#4539,.T.);
#4537 = VERTEX_POINT('',#4538);
#4538 = CARTESIAN_POINT('',(-5.9,-2.5,0.14));
#4539 = LINE('',#4540,#4541);
#4540 = CARTESIAN_POINT('',(-5.9,-2.5,-6.E-02));
#4541 = VECTOR('',#4542,1.);
#4542 = DIRECTION('',(0.,0.,1.));
#4543 = ORIENTED_EDGE('',*,*,#4544,.F.);
#4544 = EDGE_CURVE('',#4545,#4537,#4547,.T.);
#4545 = VERTEX_POINT('',#4546);
#4546 = CARTESIAN_POINT('',(-5.9,2.5,0.14));
#4547 = LINE('',#4548,#4549);
#4548 = CARTESIAN_POINT('',(-5.9,2.5,0.14));
#4549 = VECTOR('',#4550,1.);
#4550 = DIRECTION('',(2.22044604925E-16,-1.,0.));
#4551 = ORIENTED_EDGE('',*,*,#4552,.F.);
#4552 = EDGE_CURVE('',#4514,#4545,#4553,.T.);
#4553 = LINE('',#4554,#4555);
#4554 = CARTESIAN_POINT('',(-5.9,2.5,-6.E-02));
#4555 = VECTOR('',#4556,1.);
#4556 = DIRECTION('',(0.,0.,1.));
#4557 = PLANE('',#4558);
#4558 = AXIS2_PLACEMENT_3D('',#4559,#4560,#4561);
#4559 = CARTESIAN_POINT('',(-5.9,2.5,-6.E-02));
#4560 = DIRECTION('',(-1.,-2.22044604925E-16,0.));
#4561 = DIRECTION('',(0.,0.,1.));
#4562 = ADVANCED_FACE('',(#4563),#4588,.T.);
#4563 = FACE_BOUND('',#4564,.T.);
#4564 = EDGE_LOOP('',(#4565,#4575,#4581,#4582));
#4565 = ORIENTED_EDGE('',*,*,#4566,.T.);
#4566 = EDGE_CURVE('',#4567,#4569,#4571,.T.);
#4567 = VERTEX_POINT('',#4568);
#4568 = CARTESIAN_POINT('',(-11.26,2.5,0.14));
#4569 = VERTEX_POINT('',#4570);
#4570 = CARTESIAN_POINT('',(-11.26,-2.5,0.14));
#4571 = LINE('',#4572,#4573);
#4572 = CARTESIAN_POINT('',(-11.26,2.5,0.14));
#4573 = VECTOR('',#4574,1.);
#4574 = DIRECTION('',(2.22044604925E-16,-1.,0.));
#4575 = ORIENTED_EDGE('',*,*,#4576,.T.);
#4576 = EDGE_CURVE('',#4569,#4537,#4577,.T.);
#4577 = LINE('',#4578,#4579);
#4578 = CARTESIAN_POINT('',(-11.26,-2.5,0.14));
#4579 = VECTOR('',#4580,1.);
#4580 = DIRECTION('',(1.,2.22044604925E-16,0.));
#4581 = ORIENTED_EDGE('',*,*,#4544,.F.);
#4582 = ORIENTED_EDGE('',*,*,#4583,.F.);
#4583 = EDGE_CURVE('',#4567,#4545,#4584,.T.);
#4584 = LINE('',#4585,#4586);
#4585 = CARTESIAN_POINT('',(-11.26,2.5,0.14));
#4586 = VECTOR('',#4587,1.);
#4587 = DIRECTION('',(1.,2.22044604925E-16,0.));
#4588 = PLANE('',#4589);
#4589 = AXIS2_PLACEMENT_3D('',#4590,#4591,#4592);
#4590 = CARTESIAN_POINT('',(-11.26,2.5,0.14));
#4591 = DIRECTION('',(0.,0.,1.));
#4592 = DIRECTION('',(1.,2.22044604925E-16,-0.));
#4593 = ADVANCED_FACE('',(#4594),#4621,.T.);
#4594 = FACE_BOUND('',#4595,.T.);
#4595 = EDGE_LOOP('',(#4596,#4606,#4613,#4614));
#4596 = ORIENTED_EDGE('',*,*,#4597,.T.);
#4597 = EDGE_CURVE('',#4598,#4600,#4602,.T.);
#4598 = VERTEX_POINT('',#4599);
#4599 = CARTESIAN_POINT('',(-2.441826,2.5,3.34));
#4600 = VERTEX_POINT('',#4601);
#4601 = CARTESIAN_POINT('',(-2.441826,-2.5,3.34));
#4602 = LINE('',#4603,#4604);
#4603 = CARTESIAN_POINT('',(-2.441826,2.5,3.34));
#4604 = VECTOR('',#4605,1.);
#4605 = DIRECTION('',(2.22044604925E-16,-1.,0.));
#4606 = ORIENTED_EDGE('',*,*,#4607,.T.);
#4607 = EDGE_CURVE('',#4600,#4569,#4608,.T.);
#4608 = ( BOUNDED_CURVE() B_SPLINE_CURVE(3,(#4609,#4610,#4611,#4612),
.UNSPECIFIED.,.F.,.F.) B_SPLINE_CURVE_WITH_KNOTS((4,4),(0.,1.),
.PIECEWISE_BEZIER_KNOTS.) CURVE() GEOMETRIC_REPRESENTATION_ITEM() 
RATIONAL_B_SPLINE_CURVE((1.,0.936518935519,1.,1.)) REPRESENTATION_ITEM(
  '') );
#4609 = CARTESIAN_POINT('',(-2.441826,-2.5,3.34));
#4610 = CARTESIAN_POINT('',(-12.85,-2.5,3.34));
#4611 = CARTESIAN_POINT('',(-13.268076,-2.5,0.14));
#4612 = CARTESIAN_POINT('',(-11.26,-2.5,0.14));
#4613 = ORIENTED_EDGE('',*,*,#4566,.F.);
#4614 = ORIENTED_EDGE('',*,*,#4615,.F.);
#4615 = EDGE_CURVE('',#4598,#4567,#4616,.T.);
#4616 = ( BOUNDED_CURVE() B_SPLINE_CURVE(3,(#4617,#4618,#4619,#4620),
.UNSPECIFIED.,.F.,.F.) B_SPLINE_CURVE_WITH_KNOTS((4,4),(0.,1.),
.PIECEWISE_BEZIER_KNOTS.) CURVE() GEOMETRIC_REPRESENTATION_ITEM() 
RATIONAL_B_SPLINE_CURVE((1.,0.936518935519,1.,1.)) REPRESENTATION_ITEM(
  '') );
#4617 = CARTESIAN_POINT('',(-2.441826,2.5,3.34));
#4618 = CARTESIAN_POINT('',(-12.85,2.5,3.34));
#4619 = CARTESIAN_POINT('',(-13.268076,2.5,0.14));
#4620 = CARTESIAN_POINT('',(-11.26,2.5,0.14));
#4621 = SURFACE_OF_LINEAR_EXTRUSION('',#4622,#4627);
#4622 = ( BOUNDED_CURVE() B_SPLINE_CURVE(3,(#4623,#4624,#4625,#4626),
.UNSPECIFIED.,.F.,.F.) B_SPLINE_CURVE_WITH_KNOTS((4,4),(0.,1.),
.PIECEWISE_BEZIER_KNOTS.) CURVE() GEOMETRIC_REPRESENTATION_ITEM() 
RATIONAL_B_SPLINE_CURVE((1.,0.936518935519,1.,1.)) REPRESENTATION_ITEM(
  '') );
#4623 = CARTESIAN_POINT('',(-2.441826,2.5,3.34));
#4624 = CARTESIAN_POINT('',(-12.85,2.5,3.34));
#4625 = CARTESIAN_POINT('',(-13.268076,2.5,0.14));
#4626 = CARTESIAN_POINT('',(-11.26,2.5,0.14));
#4627 = VECTOR('',#4628,1.);
#4628 = DIRECTION('',(-2.22044604925E-16,1.,-0.));
#4629 = ADVANCED_FACE('',(#4630),#4655,.T.);
#4630 = FACE_BOUND('',#4631,.T.);
#4631 = EDGE_LOOP('',(#4632,#4642,#4648,#4649));
#4632 = ORIENTED_EDGE('',*,*,#4633,.T.);
#4633 = EDGE_CURVE('',#4634,#4636,#4638,.T.);
#4634 = VERTEX_POINT('',#4635);
#4635 = CARTESIAN_POINT('',(-2.441826,2.5,3.54));
#4636 = VERTEX_POINT('',#4637);
#4637 = CARTESIAN_POINT('',(-2.441826,-2.5,3.54));
#4638 = LINE('',#4639,#4640);
#4639 = CARTESIAN_POINT('',(-2.441826,2.5,3.54));
#4640 = VECTOR('',#4641,1.);
#4641 = DIRECTION('',(2.22044604925E-16,-1.,0.));
#4642 = ORIENTED_EDGE('',*,*,#4643,.T.);
#4643 = EDGE_CURVE('',#4636,#4600,#4644,.T.);
#4644 = LINE('',#4645,#4646);
#4645 = CARTESIAN_POINT('',(-2.441826,-2.5,3.54));
#4646 = VECTOR('',#4647,1.);
#4647 = DIRECTION('',(0.,0.,-1.));
#4648 = ORIENTED_EDGE('',*,*,#4597,.F.);
#4649 = ORIENTED_EDGE('',*,*,#4650,.F.);
#4650 = EDGE_CURVE('',#4634,#4598,#4651,.T.);
#4651 = LINE('',#4652,#4653);
#4652 = CARTESIAN_POINT('',(-2.441826,2.5,3.54));
#4653 = VECTOR('',#4654,1.);
#4654 = DIRECTION('',(0.,0.,-1.));
#4655 = PLANE('',#4656);
#4656 = AXIS2_PLACEMENT_3D('',#4657,#4658,#4659);
#4657 = CARTESIAN_POINT('',(-2.441826,2.5,3.54));
#4658 = DIRECTION('',(1.,2.22044604925E-16,0.));
#4659 = DIRECTION('',(0.,0.,-1.));
#4660 = ADVANCED_FACE('',(#4661),#4679,.F.);
#4661 = FACE_BOUND('',#4662,.F.);
#4662 = EDGE_LOOP('',(#4663,#4664,#4671,#4672));
#4663 = ORIENTED_EDGE('',*,*,#4633,.T.);
#4664 = ORIENTED_EDGE('',*,*,#4665,.T.);
#4665 = EDGE_CURVE('',#4636,#4498,#4666,.T.);
#4666 = B_SPLINE_CURVE_WITH_KNOTS('',3,(#4667,#4668,#4669,#4670),
  .UNSPECIFIED.,.F.,.F.,(4,4),(0.,1.),.PIECEWISE_BEZIER_KNOTS.);
#4667 = CARTESIAN_POINT('',(-2.441826,-2.5,3.54));
#4668 = CARTESIAN_POINT('',(-12.41,-2.5,3.54));
#4669 = CARTESIAN_POINT('',(-14.05,-2.5,0.13));
#4670 = CARTESIAN_POINT('',(-11.26,-2.5,-6.E-02));
#4671 = ORIENTED_EDGE('',*,*,#4495,.F.);
#4672 = ORIENTED_EDGE('',*,*,#4673,.F.);
#4673 = EDGE_CURVE('',#4634,#4496,#4674,.T.);
#4674 = B_SPLINE_CURVE_WITH_KNOTS('',3,(#4675,#4676,#4677,#4678),
  .UNSPECIFIED.,.F.,.F.,(4,4),(0.,1.),.PIECEWISE_BEZIER_KNOTS.);
#4675 = CARTESIAN_POINT('',(-2.441826,2.5,3.54));
#4676 = CARTESIAN_POINT('',(-12.41,2.5,3.54));
#4677 = CARTESIAN_POINT('',(-14.05,2.5,0.13));
#4678 = CARTESIAN_POINT('',(-11.26,2.5,-6.E-02));
#4679 = SURFACE_OF_LINEAR_EXTRUSION('',#4680,#4685);
#4680 = B_SPLINE_CURVE_WITH_KNOTS('',3,(#4681,#4682,#4683,#4684),
  .UNSPECIFIED.,.F.,.F.,(4,4),(0.,1.),.PIECEWISE_BEZIER_KNOTS.);
#4681 = CARTESIAN_POINT('',(-2.441826,2.5,3.54));
#4682 = CARTESIAN_POINT('',(-12.41,2.5,3.54));
#4683 = CARTESIAN_POINT('',(-14.05,2.5,0.13));
#4684 = CARTESIAN_POINT('',(-11.26,2.5,-6.E-02));
#4685 = VECTOR('',#4686,1.);
#4686 = DIRECTION('',(-2.22044604925E-16,1.,-0.));
#4687 = ADVANCED_FACE('',(#4688),#4696,.F.);
#4688 = FACE_BOUND('',#4689,.F.);
#4689 = EDGE_LOOP('',(#4690,#4691,#4692,#4693,#4694,#4695));
#4690 = ORIENTED_EDGE('',*,*,#4521,.T.);
#4691 = ORIENTED_EDGE('',*,*,#4552,.T.);
#4692 = ORIENTED_EDGE('',*,*,#4583,.F.);
#4693 = ORIENTED_EDGE('',*,*,#4615,.F.);
#4694 = ORIENTED_EDGE('',*,*,#4650,.F.);
#4695 = ORIENTED_EDGE('',*,*,#4673,.T.);
#4696 = PLANE('',#4697);
#4697 = AXIS2_PLACEMENT_3D('',#4698,#4699,#4700);
#4698 = CARTESIAN_POINT('',(-8.155698453203,2.5,1.654368348949));
#4699 = DIRECTION('',(2.22044604925E-16,-1.,0.));
#4700 = DIRECTION('',(0.,0.,1.));
#4701 = ADVANCED_FACE('',(#4702),#4710,.T.);
#4702 = FACE_BOUND('',#4703,.T.);
#4703 = EDGE_LOOP('',(#4704,#4705,#4706,#4707,#4708,#4709));
#4704 = ORIENTED_EDGE('',*,*,#4505,.T.);
#4705 = ORIENTED_EDGE('',*,*,#4536,.T.);
#4706 = ORIENTED_EDGE('',*,*,#4576,.F.);
#4707 = ORIENTED_EDGE('',*,*,#4607,.F.);
#4708 = ORIENTED_EDGE('',*,*,#4643,.F.);
#4709 = ORIENTED_EDGE('',*,*,#4665,.T.);
#4710 = PLANE('',#4711);
#4711 = AXIS2_PLACEMENT_3D('',#4712,#4713,#4714);
#4712 = CARTESIAN_POINT('',(-8.155698453203,-2.5,1.654368348949));
#4713 = DIRECTION('',(2.22044604925E-16,-1.,0.));
#4714 = DIRECTION('',(0.,0.,1.));
#4715 = MANIFOLD_SOLID_BREP('',#4716);
#4716 = CLOSED_SHELL('',(#4717,#4759,#4790,#4821,#4849,#4877,#4908,#4939
    ,#4956,#4973,#5004,#5021,#5045,#5069,#5086));
#4717 = ADVANCED_FACE('',(#4718),#4754,.T.);
#4718 = FACE_BOUND('',#4719,.T.);
#4719 = EDGE_LOOP('',(#4720,#4731,#4739,#4748));
#4720 = ORIENTED_EDGE('',*,*,#4721,.T.);
#4721 = EDGE_CURVE('',#4722,#4724,#4726,.T.);
#4722 = VERTEX_POINT('',#4723);
#4723 = CARTESIAN_POINT('',(-2.,-4.8,-2.4));
#4724 = VERTEX_POINT('',#4725);
#4725 = CARTESIAN_POINT('',(-4.,-4.8,-2.4));
#4726 = CIRCLE('',#4727,1.);
#4727 = AXIS2_PLACEMENT_3D('',#4728,#4729,#4730);
#4728 = CARTESIAN_POINT('',(-3.,-4.8,-2.4));
#4729 = DIRECTION('',(2.22044604925E-16,1.,-0.));
#4730 = DIRECTION('',(-1.,2.22044604925E-16,0.));
#4731 = ORIENTED_EDGE('',*,*,#4732,.T.);
#4732 = EDGE_CURVE('',#4724,#4733,#4735,.T.);
#4733 = VERTEX_POINT('',#4734);
#4734 = CARTESIAN_POINT('',(-4.,-4.6,-2.4));
#4735 = LINE('',#4736,#4737);
#4736 = CARTESIAN_POINT('',(-4.,-4.8,-2.4));
#4737 = VECTOR('',#4738,1.);
#4738 = DIRECTION('',(2.22044604925E-16,1.,0.));
#4739 = ORIENTED_EDGE('',*,*,#4740,.F.);
#4740 = EDGE_CURVE('',#4741,#4733,#4743,.T.);
#4741 = VERTEX_POINT('',#4742);
#4742 = CARTESIAN_POINT('',(-2.,-4.6,-2.4));
#4743 = CIRCLE('',#4744,1.);
#4744 = AXIS2_PLACEMENT_3D('',#4745,#4746,#4747);
#4745 = CARTESIAN_POINT('',(-3.,-4.6,-2.4));
#4746 = DIRECTION('',(2.22044604925E-16,1.,-0.));
#4747 = DIRECTION('',(-1.,2.22044604925E-16,0.));
#4748 = ORIENTED_EDGE('',*,*,#4749,.F.);
#4749 = EDGE_CURVE('',#4722,#4741,#4750,.T.);
#4750 = LINE('',#4751,#4752);
#4751 = CARTESIAN_POINT('',(-2.,-4.8,-2.4));
#4752 = VECTOR('',#4753,1.);
#4753 = DIRECTION('',(2.22044604925E-16,1.,0.));
#4754 = CYLINDRICAL_SURFACE('',#4755,1.);
#4755 = AXIS2_PLACEMENT_3D('',#4756,#4757,#4758);
#4756 = CARTESIAN_POINT('',(-3.,-4.8,-2.4));
#4757 = DIRECTION('',(-2.22044604925E-16,-1.,-0.));
#4758 = DIRECTION('',(-1.,2.22044604925E-16,0.));
#4759 = ADVANCED_FACE('',(#4760),#4785,.T.);
#4760 = FACE_BOUND('',#4761,.T.);
#4761 = EDGE_LOOP('',(#4762,#4770,#4771,#4779));
#4762 = ORIENTED_EDGE('',*,*,#4763,.F.);
#4763 = EDGE_CURVE('',#4722,#4764,#4766,.T.);
#4764 = VERTEX_POINT('',#4765);
#4765 = CARTESIAN_POINT('',(-2.,-4.8,3.6));
#4766 = LINE('',#4767,#4768);
#4767 = CARTESIAN_POINT('',(-2.,-4.8,-2.4));
#4768 = VECTOR('',#4769,1.);
#4769 = DIRECTION('',(0.,0.,1.));
#4770 = ORIENTED_EDGE('',*,*,#4749,.T.);
#4771 = ORIENTED_EDGE('',*,*,#4772,.T.);
#4772 = EDGE_CURVE('',#4741,#4773,#4775,.T.);
#4773 = VERTEX_POINT('',#4774);
#4774 = CARTESIAN_POINT('',(-2.,-4.6,3.6));
#4775 = LINE('',#4776,#4777);
#4776 = CARTESIAN_POINT('',(-2.,-4.6,-2.4));
#4777 = VECTOR('',#4778,1.);
#4778 = DIRECTION('',(0.,0.,1.));
#4779 = ORIENTED_EDGE('',*,*,#4780,.F.);
#4780 = EDGE_CURVE('',#4764,#4773,#4781,.T.);
#4781 = LINE('',#4782,#4783);
#4782 = CARTESIAN_POINT('',(-2.,-4.8,3.6));
#4783 = VECTOR('',#4784,1.);
#4784 = DIRECTION('',(2.22044604925E-16,1.,0.));
#4785 = PLANE('',#4786);
#4786 = AXIS2_PLACEMENT_3D('',#4787,#4788,#4789);
#4787 = CARTESIAN_POINT('',(-2.,-4.8,-2.4));
#4788 = DIRECTION('',(1.,-2.22044604925E-16,0.));
#4789 = DIRECTION('',(0.,0.,1.));
#4790 = ADVANCED_FACE('',(#4791),#4816,.F.);
#4791 = FACE_BOUND('',#4792,.F.);
#4792 = EDGE_LOOP('',(#4793,#4801,#4802,#4810));
#4793 = ORIENTED_EDGE('',*,*,#4794,.F.);
#4794 = EDGE_CURVE('',#4724,#4795,#4797,.T.);
#4795 = VERTEX_POINT('',#4796);
#4796 = CARTESIAN_POINT('',(-4.,-4.8,3.6));
#4797 = LINE('',#4798,#4799);
#4798 = CARTESIAN_POINT('',(-4.,-4.8,-2.4));
#4799 = VECTOR('',#4800,1.);
#4800 = DIRECTION('',(0.,0.,1.));
#4801 = ORIENTED_EDGE('',*,*,#4732,.T.);
#4802 = ORIENTED_EDGE('',*,*,#4803,.T.);
#4803 = EDGE_CURVE('',#4733,#4804,#4806,.T.);
#4804 = VERTEX_POINT('',#4805);
#4805 = CARTESIAN_POINT('',(-4.,-4.6,3.6));
#4806 = LINE('',#4807,#4808);
#4807 = CARTESIAN_POINT('',(-4.,-4.6,-2.4));
#4808 = VECTOR('',#4809,1.);
#4809 = DIRECTION('',(0.,0.,1.));
#4810 = ORIENTED_EDGE('',*,*,#4811,.F.);
#4811 = EDGE_CURVE('',#4795,#4804,#4812,.T.);
#4812 = LINE('',#4813,#4814);
#4813 = CARTESIAN_POINT('',(-4.,-4.8,3.6));
#4814 = VECTOR('',#4815,1.);
#4815 = DIRECTION('',(2.22044604925E-16,1.,0.));
#4816 = PLANE('',#4817);
#4817 = AXIS2_PLACEMENT_3D('',#4818,#4819,#4820);
#4818 = CARTESIAN_POINT('',(-4.,-4.8,-2.4));
#4819 = DIRECTION('',(1.,-2.22044604925E-16,0.));
#4820 = DIRECTION('',(0.,0.,1.));
#4821 = ADVANCED_FACE('',(#4822,#4833),#4844,.F.);
#4822 = FACE_BOUND('',#4823,.F.);
#4823 = EDGE_LOOP('',(#4824,#4825,#4826,#4827));
#4824 = ORIENTED_EDGE('',*,*,#4763,.F.);
#4825 = ORIENTED_EDGE('',*,*,#4721,.T.);
#4826 = ORIENTED_EDGE('',*,*,#4794,.T.);
#4827 = ORIENTED_EDGE('',*,*,#4828,.F.);
#4828 = EDGE_CURVE('',#4764,#4795,#4829,.T.);
#4829 = LINE('',#4830,#4831);
#4830 = CARTESIAN_POINT('',(-2.,-4.8,3.6));
#4831 = VECTOR('',#4832,1.);
#4832 = DIRECTION('',(-1.,2.22044604925E-16,0.));
#4833 = FACE_BOUND('',#4834,.F.);
#4834 = EDGE_LOOP('',(#4835));
#4835 = ORIENTED_EDGE('',*,*,#4836,.F.);
#4836 = EDGE_CURVE('',#4837,#4837,#4839,.T.);
#4837 = VERTEX_POINT('',#4838);
#4838 = CARTESIAN_POINT('',(-3.5,-4.8,-2.4));
#4839 = CIRCLE('',#4840,0.5);
#4840 = AXIS2_PLACEMENT_3D('',#4841,#4842,#4843);
#4841 = CARTESIAN_POINT('',(-3.,-4.8,-2.4));
#4842 = DIRECTION('',(2.22044604925E-16,1.,-0.));
#4843 = DIRECTION('',(-1.,2.22044604925E-16,0.));
#4844 = PLANE('',#4845);
#4845 = AXIS2_PLACEMENT_3D('',#4846,#4847,#4848);
#4846 = CARTESIAN_POINT('',(-3.,-4.8,5.563366562987E-02));
#4847 = DIRECTION('',(2.22044604925E-16,1.,0.));
#4848 = DIRECTION('',(0.,-0.,1.));
#4849 = ADVANCED_FACE('',(#4850,#4861),#4872,.T.);
#4850 = FACE_BOUND('',#4851,.T.);
#4851 = EDGE_LOOP('',(#4852,#4853,#4854,#4855));
#4852 = ORIENTED_EDGE('',*,*,#4772,.F.);
#4853 = ORIENTED_EDGE('',*,*,#4740,.T.);
#4854 = ORIENTED_EDGE('',*,*,#4803,.T.);
#4855 = ORIENTED_EDGE('',*,*,#4856,.T.);
#4856 = EDGE_CURVE('',#4804,#4773,#4857,.T.);
#4857 = LINE('',#4858,#4859);
#4858 = CARTESIAN_POINT('',(-2.5,-4.6,3.6));
#4859 = VECTOR('',#4860,1.);
#4860 = DIRECTION('',(1.,-2.22044604925E-16,0.));
#4861 = FACE_BOUND('',#4862,.T.);
#4862 = EDGE_LOOP('',(#4863));
#4863 = ORIENTED_EDGE('',*,*,#4864,.F.);
#4864 = EDGE_CURVE('',#4865,#4865,#4867,.T.);
#4865 = VERTEX_POINT('',#4866);
#4866 = CARTESIAN_POINT('',(-3.5,-4.6,-2.4));
#4867 = CIRCLE('',#4868,0.5);
#4868 = AXIS2_PLACEMENT_3D('',#4869,#4870,#4871);
#4869 = CARTESIAN_POINT('',(-3.,-4.6,-2.4));
#4870 = DIRECTION('',(2.22044604925E-16,1.,-0.));
#4871 = DIRECTION('',(-1.,2.22044604925E-16,0.));
#4872 = PLANE('',#4873);
#4873 = AXIS2_PLACEMENT_3D('',#4874,#4875,#4876);
#4874 = CARTESIAN_POINT('',(-3.,-4.6,5.563366562987E-02));
#4875 = DIRECTION('',(2.22044604925E-16,1.,0.));
#4876 = DIRECTION('',(0.,-0.,1.));
#4877 = ADVANCED_FACE('',(#4878),#4903,.T.);
#4878 = FACE_BOUND('',#4879,.T.);
#4879 = EDGE_LOOP('',(#4880,#4888,#4889,#4897));
#4880 = ORIENTED_EDGE('',*,*,#4881,.F.);
#4881 = EDGE_CURVE('',#4764,#4882,#4884,.T.);
#4882 = VERTEX_POINT('',#4883);
#4883 = CARTESIAN_POINT('',(-2.,-4.8,3.8));
#4884 = LINE('',#4885,#4886);
#4885 = CARTESIAN_POINT('',(-2.,-4.8,-2.4));
#4886 = VECTOR('',#4887,1.);
#4887 = DIRECTION('',(0.,0.,1.));
#4888 = ORIENTED_EDGE('',*,*,#4780,.T.);
#4889 = ORIENTED_EDGE('',*,*,#4890,.T.);
#4890 = EDGE_CURVE('',#4773,#4891,#4893,.T.);
#4891 = VERTEX_POINT('',#4892);
#4892 = CARTESIAN_POINT('',(-2.,-4.6,3.8));
#4893 = LINE('',#4894,#4895);
#4894 = CARTESIAN_POINT('',(-2.,-4.6,-2.4));
#4895 = VECTOR('',#4896,1.);
#4896 = DIRECTION('',(0.,0.,1.));
#4897 = ORIENTED_EDGE('',*,*,#4898,.F.);
#4898 = EDGE_CURVE('',#4882,#4891,#4899,.T.);
#4899 = LINE('',#4900,#4901);
#4900 = CARTESIAN_POINT('',(-2.,-4.8,3.8));
#4901 = VECTOR('',#4902,1.);
#4902 = DIRECTION('',(2.22044604925E-16,1.,0.));
#4903 = PLANE('',#4904);
#4904 = AXIS2_PLACEMENT_3D('',#4905,#4906,#4907);
#4905 = CARTESIAN_POINT('',(-2.,-4.8,-2.4));
#4906 = DIRECTION('',(1.,-2.22044604925E-16,0.));
#4907 = DIRECTION('',(0.,0.,1.));
#4908 = ADVANCED_FACE('',(#4909),#4934,.F.);
#4909 = FACE_BOUND('',#4910,.F.);
#4910 = EDGE_LOOP('',(#4911,#4919,#4920,#4928));
#4911 = ORIENTED_EDGE('',*,*,#4912,.F.);
#4912 = EDGE_CURVE('',#4795,#4913,#4915,.T.);
#4913 = VERTEX_POINT('',#4914);
#4914 = CARTESIAN_POINT('',(-4.,-4.8,3.8));
#4915 = LINE('',#4916,#4917);
#4916 = CARTESIAN_POINT('',(-4.,-4.8,-2.4));
#4917 = VECTOR('',#4918,1.);
#4918 = DIRECTION('',(0.,0.,1.));
#4919 = ORIENTED_EDGE('',*,*,#4811,.T.);
#4920 = ORIENTED_EDGE('',*,*,#4921,.T.);
#4921 = EDGE_CURVE('',#4804,#4922,#4924,.T.);
#4922 = VERTEX_POINT('',#4923);
#4923 = CARTESIAN_POINT('',(-4.,-4.6,3.8));
#4924 = LINE('',#4925,#4926);
#4925 = CARTESIAN_POINT('',(-4.,-4.6,-2.4));
#4926 = VECTOR('',#4927,1.);
#4927 = DIRECTION('',(0.,0.,1.));
#4928 = ORIENTED_EDGE('',*,*,#4929,.F.);
#4929 = EDGE_CURVE('',#4913,#4922,#4930,.T.);
#4930 = LINE('',#4931,#4932);
#4931 = CARTESIAN_POINT('',(-4.,-4.8,3.8));
#4932 = VECTOR('',#4933,1.);
#4933 = DIRECTION('',(2.22044604925E-16,1.,0.));
#4934 = PLANE('',#4935);
#4935 = AXIS2_PLACEMENT_3D('',#4936,#4937,#4938);
#4936 = CARTESIAN_POINT('',(-4.,-4.8,-2.4));
#4937 = DIRECTION('',(1.,-2.22044604925E-16,0.));
#4938 = DIRECTION('',(0.,0.,1.));
#4939 = ADVANCED_FACE('',(#4940),#4951,.F.);
#4940 = FACE_BOUND('',#4941,.F.);
#4941 = EDGE_LOOP('',(#4942,#4943,#4944,#4945));
#4942 = ORIENTED_EDGE('',*,*,#4881,.F.);
#4943 = ORIENTED_EDGE('',*,*,#4828,.T.);
#4944 = ORIENTED_EDGE('',*,*,#4912,.T.);
#4945 = ORIENTED_EDGE('',*,*,#4946,.F.);
#4946 = EDGE_CURVE('',#4882,#4913,#4947,.T.);
#4947 = LINE('',#4948,#4949);
#4948 = CARTESIAN_POINT('',(-2.,-4.8,3.8));
#4949 = VECTOR('',#4950,1.);
#4950 = DIRECTION('',(-1.,2.22044604925E-16,0.));
#4951 = PLANE('',#4952);
#4952 = AXIS2_PLACEMENT_3D('',#4953,#4954,#4955);
#4953 = CARTESIAN_POINT('',(-3.,-4.8,5.563366562987E-02));
#4954 = DIRECTION('',(2.22044604925E-16,1.,0.));
#4955 = DIRECTION('',(0.,-0.,1.));
#4956 = ADVANCED_FACE('',(#4957),#4968,.F.);
#4957 = FACE_BOUND('',#4958,.F.);
#4958 = EDGE_LOOP('',(#4959,#4960,#4966,#4967));
#4959 = ORIENTED_EDGE('',*,*,#4836,.T.);
#4960 = ORIENTED_EDGE('',*,*,#4961,.T.);
#4961 = EDGE_CURVE('',#4837,#4865,#4962,.T.);
#4962 = LINE('',#4963,#4964);
#4963 = CARTESIAN_POINT('',(-3.5,-4.8,-2.4));
#4964 = VECTOR('',#4965,1.);
#4965 = DIRECTION('',(2.22044604925E-16,1.,0.));
#4966 = ORIENTED_EDGE('',*,*,#4864,.F.);
#4967 = ORIENTED_EDGE('',*,*,#4961,.F.);
#4968 = CYLINDRICAL_SURFACE('',#4969,0.5);
#4969 = AXIS2_PLACEMENT_3D('',#4970,#4971,#4972);
#4970 = CARTESIAN_POINT('',(-3.,-4.8,-2.4));
#4971 = DIRECTION('',(-2.22044604925E-16,-1.,-0.));
#4972 = DIRECTION('',(-1.,2.22044604925E-16,0.));
#4973 = ADVANCED_FACE('',(#4974),#4999,.F.);
#4974 = FACE_BOUND('',#4975,.F.);
#4975 = EDGE_LOOP('',(#4976,#4977,#4985,#4993));
#4976 = ORIENTED_EDGE('',*,*,#4856,.T.);
#4977 = ORIENTED_EDGE('',*,*,#4978,.T.);
#4978 = EDGE_CURVE('',#4773,#4979,#4981,.T.);
#4979 = VERTEX_POINT('',#4980);
#4980 = CARTESIAN_POINT('',(-2.,1.92,3.6));
#4981 = LINE('',#4982,#4983);
#4982 = CARTESIAN_POINT('',(-2.,-4.8,3.6));
#4983 = VECTOR('',#4984,1.);
#4984 = DIRECTION('',(2.22044604925E-16,1.,0.));
#4985 = ORIENTED_EDGE('',*,*,#4986,.T.);
#4986 = EDGE_CURVE('',#4979,#4987,#4989,.T.);
#4987 = VERTEX_POINT('',#4988);
#4988 = CARTESIAN_POINT('',(-4.,1.92,3.6));
#4989 = LINE('',#4990,#4991);
#4990 = CARTESIAN_POINT('',(-2.,1.92,3.6));
#4991 = VECTOR('',#4992,1.);
#4992 = DIRECTION('',(-1.,2.22044604925E-16,0.));
#4993 = ORIENTED_EDGE('',*,*,#4994,.F.);
#4994 = EDGE_CURVE('',#4804,#4987,#4995,.T.);
#4995 = LINE('',#4996,#4997);
#4996 = CARTESIAN_POINT('',(-4.,-4.8,3.6));
#4997 = VECTOR('',#4998,1.);
#4998 = DIRECTION('',(2.22044604925E-16,1.,0.));
#4999 = PLANE('',#5000);
#5000 = AXIS2_PLACEMENT_3D('',#5001,#5002,#5003);
#5001 = CARTESIAN_POINT('',(-2.,-4.8,3.6));
#5002 = DIRECTION('',(0.,0.,1.));
#5003 = DIRECTION('',(-1.,2.22044604925E-16,0.));
#5004 = ADVANCED_FACE('',(#5005),#5016,.T.);
#5005 = FACE_BOUND('',#5006,.T.);
#5006 = EDGE_LOOP('',(#5007,#5008,#5014,#5015));
#5007 = ORIENTED_EDGE('',*,*,#4898,.T.);
#5008 = ORIENTED_EDGE('',*,*,#5009,.T.);
#5009 = EDGE_CURVE('',#4891,#4922,#5010,.T.);
#5010 = LINE('',#5011,#5012);
#5011 = CARTESIAN_POINT('',(-2.,-4.6,3.8));
#5012 = VECTOR('',#5013,1.);
#5013 = DIRECTION('',(-1.,2.22044604925E-16,0.));
#5014 = ORIENTED_EDGE('',*,*,#4929,.F.);
#5015 = ORIENTED_EDGE('',*,*,#4946,.F.);
#5016 = PLANE('',#5017);
#5017 = AXIS2_PLACEMENT_3D('',#5018,#5019,#5020);
#5018 = CARTESIAN_POINT('',(-2.,-4.8,3.8));
#5019 = DIRECTION('',(0.,0.,1.));
#5020 = DIRECTION('',(-1.,2.22044604925E-16,0.));
#5021 = ADVANCED_FACE('',(#5022),#5040,.F.);
#5022 = FACE_BOUND('',#5023,.F.);
#5023 = EDGE_LOOP('',(#5024,#5025,#5033,#5039));
#5024 = ORIENTED_EDGE('',*,*,#4890,.T.);
#5025 = ORIENTED_EDGE('',*,*,#5026,.T.);
#5026 = EDGE_CURVE('',#4891,#5027,#5029,.T.);
#5027 = VERTEX_POINT('',#5028);
#5028 = CARTESIAN_POINT('',(-2.,1.92,3.8));
#5029 = LINE('',#5030,#5031);
#5030 = CARTESIAN_POINT('',(-2.,-4.8,3.8));
#5031 = VECTOR('',#5032,1.);
#5032 = DIRECTION('',(2.22044604925E-16,1.,0.));
#5033 = ORIENTED_EDGE('',*,*,#5034,.T.);
#5034 = EDGE_CURVE('',#5027,#4979,#5035,.T.);
#5035 = LINE('',#5036,#5037);
#5036 = CARTESIAN_POINT('',(-2.,1.92,3.8));
#5037 = VECTOR('',#5038,1.);
#5038 = DIRECTION('',(0.,0.,-1.));
#5039 = ORIENTED_EDGE('',*,*,#4978,.F.);
#5040 = PLANE('',#5041);
#5041 = AXIS2_PLACEMENT_3D('',#5042,#5043,#5044);
#5042 = CARTESIAN_POINT('',(-2.,-4.8,3.8));
#5043 = DIRECTION('',(-1.,2.22044604925E-16,0.));
#5044 = DIRECTION('',(0.,0.,-1.));
#5045 = ADVANCED_FACE('',(#5046),#5064,.F.);
#5046 = FACE_BOUND('',#5047,.F.);
#5047 = EDGE_LOOP('',(#5048,#5049,#5050,#5058));
#5048 = ORIENTED_EDGE('',*,*,#4921,.F.);
#5049 = ORIENTED_EDGE('',*,*,#4994,.T.);
#5050 = ORIENTED_EDGE('',*,*,#5051,.T.);
#5051 = EDGE_CURVE('',#4987,#5052,#5054,.T.);
#5052 = VERTEX_POINT('',#5053);
#5053 = CARTESIAN_POINT('',(-4.,1.92,3.8));
#5054 = LINE('',#5055,#5056);
#5055 = CARTESIAN_POINT('',(-4.,1.92,3.6));
#5056 = VECTOR('',#5057,1.);
#5057 = DIRECTION('',(0.,0.,1.));
#5058 = ORIENTED_EDGE('',*,*,#5059,.F.);
#5059 = EDGE_CURVE('',#4922,#5052,#5060,.T.);
#5060 = LINE('',#5061,#5062);
#5061 = CARTESIAN_POINT('',(-4.,-4.8,3.8));
#5062 = VECTOR('',#5063,1.);
#5063 = DIRECTION('',(2.22044604925E-16,1.,0.));
#5064 = PLANE('',#5065);
#5065 = AXIS2_PLACEMENT_3D('',#5066,#5067,#5068);
#5066 = CARTESIAN_POINT('',(-4.,-4.8,3.6));
#5067 = DIRECTION('',(1.,-2.22044604925E-16,0.));
#5068 = DIRECTION('',(0.,0.,1.));
#5069 = ADVANCED_FACE('',(#5070),#5081,.T.);
#5070 = FACE_BOUND('',#5071,.T.);
#5071 = EDGE_LOOP('',(#5072,#5073,#5074,#5080));
#5072 = ORIENTED_EDGE('',*,*,#4986,.T.);
#5073 = ORIENTED_EDGE('',*,*,#5051,.T.);
#5074 = ORIENTED_EDGE('',*,*,#5075,.T.);
#5075 = EDGE_CURVE('',#5052,#5027,#5076,.T.);
#5076 = LINE('',#5077,#5078);
#5077 = CARTESIAN_POINT('',(-4.,1.92,3.8));
#5078 = VECTOR('',#5079,1.);
#5079 = DIRECTION('',(1.,-2.22044604925E-16,0.));
#5080 = ORIENTED_EDGE('',*,*,#5034,.T.);
#5081 = PLANE('',#5082);
#5082 = AXIS2_PLACEMENT_3D('',#5083,#5084,#5085);
#5083 = CARTESIAN_POINT('',(-3.,1.92,3.7));
#5084 = DIRECTION('',(2.22044604925E-16,1.,0.));
#5085 = DIRECTION('',(0.,-0.,1.));
#5086 = ADVANCED_FACE('',(#5087),#5093,.F.);
#5087 = FACE_BOUND('',#5088,.F.);
#5088 = EDGE_LOOP('',(#5089,#5090,#5091,#5092));
#5089 = ORIENTED_EDGE('',*,*,#5009,.T.);
#5090 = ORIENTED_EDGE('',*,*,#5059,.T.);
#5091 = ORIENTED_EDGE('',*,*,#5075,.T.);
#5092 = ORIENTED_EDGE('',*,*,#5026,.F.);
#5093 = PLANE('',#5094);
#5094 = AXIS2_PLACEMENT_3D('',#5095,#5096,#5097);
#5095 = CARTESIAN_POINT('',(-4.,-4.8,3.8));
#5096 = DIRECTION('',(0.,0.,-1.));
#5097 = DIRECTION('',(1.,-2.22044604925E-16,0.));
#5098 = MANIFOLD_SOLID_BREP('',#5099);
#5099 = CLOSED_SHELL('',(#5100,#5142,#5173,#5204,#5226,#5259,#5274));
#5100 = ADVANCED_FACE('',(#5101),#5137,.T.);
#5101 = FACE_BOUND('',#5102,.T.);
#5102 = EDGE_LOOP('',(#5103,#5113,#5122,#5130));
#5103 = ORIENTED_EDGE('',*,*,#5104,.T.);
#5104 = EDGE_CURVE('',#5105,#5107,#5109,.T.);
#5105 = VERTEX_POINT('',#5106);
#5106 = CARTESIAN_POINT('',(-6.1,1.,-2.9));
#5107 = VERTEX_POINT('',#5108);
#5108 = CARTESIAN_POINT('',(-5.9,1.,-2.9));
#5109 = LINE('',#5110,#5111);
#5110 = CARTESIAN_POINT('',(-6.1,1.,-2.9));
#5111 = VECTOR('',#5112,1.);
#5112 = DIRECTION('',(1.,2.22044604925E-16,-1.11E-15));
#5113 = ORIENTED_EDGE('',*,*,#5114,.T.);
#5114 = EDGE_CURVE('',#5107,#5115,#5117,.T.);
#5115 = VERTEX_POINT('',#5116);
#5116 = CARTESIAN_POINT('',(-5.9,-1.,-2.9));
#5117 = CIRCLE('',#5118,1.);
#5118 = AXIS2_PLACEMENT_3D('',#5119,#5120,#5121);
#5119 = CARTESIAN_POINT('',(-5.9,2.044408920985E-15,-2.9));
#5120 = DIRECTION('',(-1.,-2.22044604925E-16,1.E-15));
#5121 = DIRECTION('',(2.22044604925E-16,-1.,0.));
#5122 = ORIENTED_EDGE('',*,*,#5123,.F.);
#5123 = EDGE_CURVE('',#5124,#5115,#5126,.T.);
#5124 = VERTEX_POINT('',#5125);
#5125 = CARTESIAN_POINT('',(-6.1,-1.,-2.9));
#5126 = LINE('',#5127,#5128);
#5127 = CARTESIAN_POINT('',(-6.1,-1.,-2.9));
#5128 = VECTOR('',#5129,1.);
#5129 = DIRECTION('',(1.,2.22044604925E-16,-1.11E-15));
#5130 = ORIENTED_EDGE('',*,*,#5131,.F.);
#5131 = EDGE_CURVE('',#5105,#5124,#5132,.T.);
#5132 = CIRCLE('',#5133,1.);
#5133 = AXIS2_PLACEMENT_3D('',#5134,#5135,#5136);
#5134 = CARTESIAN_POINT('',(-6.1,2.E-15,-2.9));
#5135 = DIRECTION('',(-1.,-2.22044604925E-16,1.E-15));
#5136 = DIRECTION('',(2.22044604925E-16,-1.,0.));
#5137 = CYLINDRICAL_SURFACE('',#5138,1.);
#5138 = AXIS2_PLACEMENT_3D('',#5139,#5140,#5141);
#5139 = CARTESIAN_POINT('',(-6.1,2.E-15,-2.9));
#5140 = DIRECTION('',(-1.,-2.22044604925E-16,1.11E-15));
#5141 = DIRECTION('',(2.22044604925E-16,-1.,0.));
#5142 = ADVANCED_FACE('',(#5143),#5168,.T.);
#5143 = FACE_BOUND('',#5144,.T.);
#5144 = EDGE_LOOP('',(#5145,#5146,#5154,#5162));
#5145 = ORIENTED_EDGE('',*,*,#5123,.T.);
#5146 = ORIENTED_EDGE('',*,*,#5147,.T.);
#5147 = EDGE_CURVE('',#5115,#5148,#5150,.T.);
#5148 = VERTEX_POINT('',#5149);
#5149 = CARTESIAN_POINT('',(-5.9,-1.,-0.1));
#5150 = LINE('',#5151,#5152);
#5151 = CARTESIAN_POINT('',(-5.9,-1.,-2.9));
#5152 = VECTOR('',#5153,1.);
#5153 = DIRECTION('',(1.E-15,2.22044604925E-31,1.));
#5154 = ORIENTED_EDGE('',*,*,#5155,.F.);
#5155 = EDGE_CURVE('',#5156,#5148,#5158,.T.);
#5156 = VERTEX_POINT('',#5157);
#5157 = CARTESIAN_POINT('',(-6.1,-1.,-0.1));
#5158 = LINE('',#5159,#5160);
#5159 = CARTESIAN_POINT('',(-6.1,-1.,-0.1));
#5160 = VECTOR('',#5161,1.);
#5161 = DIRECTION('',(1.,2.22044604925E-16,-1.11E-15));
#5162 = ORIENTED_EDGE('',*,*,#5163,.F.);
#5163 = EDGE_CURVE('',#5124,#5156,#5164,.T.);
#5164 = LINE('',#5165,#5166);
#5165 = CARTESIAN_POINT('',(-6.1,-1.,-2.9));
#5166 = VECTOR('',#5167,1.);
#5167 = DIRECTION('',(1.E-15,2.22044604925E-31,1.));
#5168 = PLANE('',#5169);
#5169 = AXIS2_PLACEMENT_3D('',#5170,#5171,#5172);
#5170 = CARTESIAN_POINT('',(-6.1,-1.,-2.9));
#5171 = DIRECTION('',(2.22044604925E-16,-1.,0.));
#5172 = DIRECTION('',(1.11E-15,2.464695114668E-31,1.));
#5173 = ADVANCED_FACE('',(#5174),#5199,.F.);
#5174 = FACE_BOUND('',#5175,.F.);
#5175 = EDGE_LOOP('',(#5176,#5186,#5192,#5193));
#5176 = ORIENTED_EDGE('',*,*,#5177,.T.);
#5177 = EDGE_CURVE('',#5178,#5180,#5182,.T.);
#5178 = VERTEX_POINT('',#5179);
#5179 = CARTESIAN_POINT('',(-6.1,1.,-0.1));
#5180 = VERTEX_POINT('',#5181);
#5181 = CARTESIAN_POINT('',(-5.9,1.,-0.1));
#5182 = LINE('',#5183,#5184);
#5183 = CARTESIAN_POINT('',(-6.1,1.,-0.1));
#5184 = VECTOR('',#5185,1.);
#5185 = DIRECTION('',(1.,2.22044604925E-16,-1.11E-15));
#5186 = ORIENTED_EDGE('',*,*,#5187,.T.);
#5187 = EDGE_CURVE('',#5180,#5148,#5188,.T.);
#5188 = LINE('',#5189,#5190);
#5189 = CARTESIAN_POINT('',(-5.9,1.,-0.1));
#5190 = VECTOR('',#5191,1.);
#5191 = DIRECTION('',(2.22044604925E-16,-1.,0.));
#5192 = ORIENTED_EDGE('',*,*,#5155,.F.);
#5193 = ORIENTED_EDGE('',*,*,#5194,.F.);
#5194 = EDGE_CURVE('',#5178,#5156,#5195,.T.);
#5195 = LINE('',#5196,#5197);
#5196 = CARTESIAN_POINT('',(-6.1,1.,-0.1));
#5197 = VECTOR('',#5198,1.);
#5198 = DIRECTION('',(2.22044604925E-16,-1.,0.));
#5199 = PLANE('',#5200);
#5200 = AXIS2_PLACEMENT_3D('',#5201,#5202,#5203);
#5201 = CARTESIAN_POINT('',(-6.1,1.,-0.1));
#5202 = DIRECTION('',(-1.11E-15,-2.464695114668E-31,-1.));
#5203 = DIRECTION('',(2.22044604925E-16,-1.,5.000883894559E-44));
#5204 = ADVANCED_FACE('',(#5205),#5221,.F.);
#5205 = FACE_BOUND('',#5206,.F.);
#5206 = EDGE_LOOP('',(#5207,#5208,#5214,#5215));
#5207 = ORIENTED_EDGE('',*,*,#5104,.T.);
#5208 = ORIENTED_EDGE('',*,*,#5209,.T.);
#5209 = EDGE_CURVE('',#5107,#5180,#5210,.T.);
#5210 = LINE('',#5211,#5212);
#5211 = CARTESIAN_POINT('',(-5.9,1.,-2.9));
#5212 = VECTOR('',#5213,1.);
#5213 = DIRECTION('',(1.E-15,2.22044604925E-31,1.));
#5214 = ORIENTED_EDGE('',*,*,#5177,.F.);
#5215 = ORIENTED_EDGE('',*,*,#5216,.F.);
#5216 = EDGE_CURVE('',#5105,#5178,#5217,.T.);
#5217 = LINE('',#5218,#5219);
#5218 = CARTESIAN_POINT('',(-6.1,1.,-2.9));
#5219 = VECTOR('',#5220,1.);
#5220 = DIRECTION('',(1.E-15,2.22044604925E-31,1.));
#5221 = PLANE('',#5222);
#5222 = AXIS2_PLACEMENT_3D('',#5223,#5224,#5225);
#5223 = CARTESIAN_POINT('',(-6.1,1.,-2.9));
#5224 = DIRECTION('',(2.22044604925E-16,-1.,0.));
#5225 = DIRECTION('',(1.11E-15,2.464695114668E-31,1.));
#5226 = ADVANCED_FACE('',(#5227),#5254,.F.);
#5227 = FACE_BOUND('',#5228,.F.);
#5228 = EDGE_LOOP('',(#5229,#5239,#5246,#5247));
#5229 = ORIENTED_EDGE('',*,*,#5230,.T.);
#5230 = EDGE_CURVE('',#5231,#5233,#5235,.T.);
#5231 = VERTEX_POINT('',#5232);
#5232 = CARTESIAN_POINT('',(-6.1,-0.5,-2.9));
#5233 = VERTEX_POINT('',#5234);
#5234 = CARTESIAN_POINT('',(-5.9,-0.5,-2.9));
#5235 = LINE('',#5236,#5237);
#5236 = CARTESIAN_POINT('',(-6.1,-0.5,-2.9));
#5237 = VECTOR('',#5238,1.);
#5238 = DIRECTION('',(1.,2.22044604925E-16,-1.11E-15));
#5239 = ORIENTED_EDGE('',*,*,#5240,.T.);
#5240 = EDGE_CURVE('',#5233,#5233,#5241,.T.);
#5241 = CIRCLE('',#5242,0.5);
#5242 = AXIS2_PLACEMENT_3D('',#5243,#5244,#5245);
#5243 = CARTESIAN_POINT('',(-5.9,2.044408920985E-15,-2.9));
#5244 = DIRECTION('',(-1.,-2.22044604925E-16,1.E-15));
#5245 = DIRECTION('',(2.22044604925E-16,-1.,0.));
#5246 = ORIENTED_EDGE('',*,*,#5230,.F.);
#5247 = ORIENTED_EDGE('',*,*,#5248,.F.);
#5248 = EDGE_CURVE('',#5231,#5231,#5249,.T.);
#5249 = CIRCLE('',#5250,0.5);
#5250 = AXIS2_PLACEMENT_3D('',#5251,#5252,#5253);
#5251 = CARTESIAN_POINT('',(-6.1,2.E-15,-2.9));
#5252 = DIRECTION('',(-1.,-2.22044604925E-16,1.E-15));
#5253 = DIRECTION('',(2.22044604925E-16,-1.,0.));
#5254 = CYLINDRICAL_SURFACE('',#5255,0.5);
#5255 = AXIS2_PLACEMENT_3D('',#5256,#5257,#5258);
#5256 = CARTESIAN_POINT('',(-6.1,2.E-15,-2.9));
#5257 = DIRECTION('',(-1.,-2.22044604925E-16,1.11E-15));
#5258 = DIRECTION('',(2.22044604925E-16,-1.,0.));
#5259 = ADVANCED_FACE('',(#5260,#5266),#5269,.F.);
#5260 = FACE_BOUND('',#5261,.T.);
#5261 = EDGE_LOOP('',(#5262,#5263,#5264,#5265));
#5262 = ORIENTED_EDGE('',*,*,#5131,.T.);
#5263 = ORIENTED_EDGE('',*,*,#5163,.T.);
#5264 = ORIENTED_EDGE('',*,*,#5194,.F.);
#5265 = ORIENTED_EDGE('',*,*,#5216,.F.);
#5266 = FACE_BOUND('',#5267,.F.);
#5267 = EDGE_LOOP('',(#5268));
#5268 = ORIENTED_EDGE('',*,*,#5248,.T.);
#5269 = PLANE('',#5270);
#5270 = AXIS2_PLACEMENT_3D('',#5271,#5272,#5273);
#5271 = CARTESIAN_POINT('',(-6.1,2.07E-15,-2.012904865456));
#5272 = DIRECTION('',(1.,2.22044604925E-16,-1.11E-15));
#5273 = DIRECTION('',(1.11E-15,2.464695114668E-31,1.));
#5274 = ADVANCED_FACE('',(#5275,#5281),#5284,.T.);
#5275 = FACE_BOUND('',#5276,.F.);
#5276 = EDGE_LOOP('',(#5277,#5278,#5279,#5280));
#5277 = ORIENTED_EDGE('',*,*,#5114,.T.);
#5278 = ORIENTED_EDGE('',*,*,#5147,.T.);
#5279 = ORIENTED_EDGE('',*,*,#5187,.F.);
#5280 = ORIENTED_EDGE('',*,*,#5209,.F.);
#5281 = FACE_BOUND('',#5282,.T.);
#5282 = EDGE_LOOP('',(#5283));
#5283 = ORIENTED_EDGE('',*,*,#5240,.T.);
#5284 = PLANE('',#5285);
#5285 = AXIS2_PLACEMENT_3D('',#5286,#5287,#5288);
#5286 = CARTESIAN_POINT('',(-5.9,2.114408920985E-15,-2.012904865456));
#5287 = DIRECTION('',(1.,2.22044604925E-16,-1.11E-15));
#5288 = DIRECTION('',(1.11E-15,2.464695114668E-31,1.));
#5289 = ( GEOMETRIC_REPRESENTATION_CONTEXT(3) 
GLOBAL_UNCERTAINTY_ASSIGNED_CONTEXT((#5293)) 
GLOBAL_UNIT_ASSIGNED_CONTEXT((#5290,#5291,#5292)) REPRESENTATION_CONTEXT
('Context #1','3D Context with UNIT and UNCERTAINTY') );
#5290 = ( LENGTH_UNIT() NAMED_UNIT(*) SI_UNIT(.MILLI.,.METRE.) );
#5291 = ( NAMED_UNIT(*) PLANE_ANGLE_UNIT() SI_UNIT($,.RADIAN.) );
#5292 = ( NAMED_UNIT(*) SI_UNIT($,.STERADIAN.) SOLID_ANGLE_UNIT() );
#5293 = UNCERTAINTY_MEASURE_WITH_UNIT(LENGTH_MEASURE(1.E-07),#5290,
  'distance_accuracy_value','confusion accuracy');
#5294 = CONTEXT_DEPENDENT_SHAPE_REPRESENTATION(#5295,#5297);
#5295 = ( REPRESENTATION_RELATIONSHIP('','',#3255,#3232) 
REPRESENTATION_RELATIONSHIP_WITH_TRANSFORMATION(#5296) 
SHAPE_REPRESENTATION_RELATIONSHIP() );
#5296 = ITEM_DEFINED_TRANSFORMATION('','',#11,#3233);
#5297 = PRODUCT_DEFINITION_SHAPE('Placement','Placement of an item',
  #5298);
#5298 = NEXT_ASSEMBLY_USAGE_OCCURRENCE('14','=>[0:1:1:11]','',#3227,
  #3250,$);
#5299 = PRODUCT_RELATED_PRODUCT_CATEGORY('part',$,(#3252));
#5300 = CONTEXT_DEPENDENT_SHAPE_REPRESENTATION(#5301,#5303);
#5301 = ( REPRESENTATION_RELATIONSHIP('','',#128,#10) 
REPRESENTATION_RELATIONSHIP_WITH_TRANSFORMATION(#5302) 
SHAPE_REPRESENTATION_RELATIONSHIP() );
#5302 = ITEM_DEFINED_TRANSFORMATION('','',#11,#55);
#5303 = PRODUCT_DEFINITION_SHAPE('Placement','Placement of an item',
  #5304);
#5304 = NEXT_ASSEMBLY_USAGE_OCCURRENCE('16','GNDCH1','',#5,#123,$);
#5305 = CONTEXT_DEPENDENT_SHAPE_REPRESENTATION(#5306,#5308);
#5306 = ( REPRESENTATION_RELATIONSHIP('','',#933,#10) 
REPRESENTATION_RELATIONSHIP_WITH_TRANSFORMATION(#5307) 
SHAPE_REPRESENTATION_RELATIONSHIP() );
#5307 = ITEM_DEFINED_TRANSFORMATION('','',#11,#59);
#5308 = PRODUCT_DEFINITION_SHAPE('Placement','Placement of an item',
  #5309);
#5309 = NEXT_ASSEMBLY_USAGE_OCCURRENCE('17','R2','',#5,#928,$);
#5310 = CONTEXT_DEPENDENT_SHAPE_REPRESENTATION(#5311,#5313);
#5311 = ( REPRESENTATION_RELATIONSHIP('','',#933,#10) 
REPRESENTATION_RELATIONSHIP_WITH_TRANSFORMATION(#5312) 
SHAPE_REPRESENTATION_RELATIONSHIP() );
#5312 = ITEM_DEFINED_TRANSFORMATION('','',#11,#63);
#5313 = PRODUCT_DEFINITION_SHAPE('Placement','Placement of an item',
  #5314);
#5314 = NEXT_ASSEMBLY_USAGE_OCCURRENCE('18','R3','',#5,#928,$);
#5315 = CONTEXT_DEPENDENT_SHAPE_REPRESENTATION(#5316,#5318);
#5316 = ( REPRESENTATION_RELATIONSHIP('','',#128,#10) 
REPRESENTATION_RELATIONSHIP_WITH_TRANSFORMATION(#5317) 
SHAPE_REPRESENTATION_RELATIONSHIP() );
#5317 = ITEM_DEFINED_TRANSFORMATION('','',#11,#67);
#5318 = PRODUCT_DEFINITION_SHAPE('Placement','Placement of an item',
  #5319);
#5319 = NEXT_ASSEMBLY_USAGE_OCCURRENCE('19','GNDOUT1','',#5,#123,$);
#5320 = CONTEXT_DEPENDENT_SHAPE_REPRESENTATION(#5321,#5323);
#5321 = ( REPRESENTATION_RELATIONSHIP('','',#2693,#10) 
REPRESENTATION_RELATIONSHIP_WITH_TRANSFORMATION(#5322) 
SHAPE_REPRESENTATION_RELATIONSHIP() );
#5322 = ITEM_DEFINED_TRANSFORMATION('','',#11,#71);
#5323 = PRODUCT_DEFINITION_SHAPE('Placement','Placement of an item',
  #5324);
#5324 = NEXT_ASSEMBLY_USAGE_OCCURRENCE('20','C1','',#5,#2688,$);
#5325 = CONTEXT_DEPENDENT_SHAPE_REPRESENTATION(#5326,#5328);
#5326 = ( REPRESENTATION_RELATIONSHIP('','',#2693,#10) 
REPRESENTATION_RELATIONSHIP_WITH_TRANSFORMATION(#5327) 
SHAPE_REPRESENTATION_RELATIONSHIP() );
#5327 = ITEM_DEFINED_TRANSFORMATION('','',#11,#75);
#5328 = PRODUCT_DEFINITION_SHAPE('Placement','Placement of an item',
  #5329);
#5329 = NEXT_ASSEMBLY_USAGE_OCCURRENCE('21','C2','',#5,#2688,$);
#5330 = CONTEXT_DEPENDENT_SHAPE_REPRESENTATION(#5331,#5333);
#5331 = ( REPRESENTATION_RELATIONSHIP('','',#128,#10) 
REPRESENTATION_RELATIONSHIP_WITH_TRANSFORMATION(#5332) 
SHAPE_REPRESENTATION_RELATIONSHIP() );
#5332 = ITEM_DEFINED_TRANSFORMATION('','',#11,#79);
#5333 = PRODUCT_DEFINITION_SHAPE('Placement','Placement of an item',
  #5334);
#5334 = NEXT_ASSEMBLY_USAGE_OCCURRENCE('22','SIGCH0','',#5,#123,$);
#5335 = CONTEXT_DEPENDENT_SHAPE_REPRESENTATION(#5336,#5338);
#5336 = ( REPRESENTATION_RELATIONSHIP('','',#2693,#10) 
REPRESENTATION_RELATIONSHIP_WITH_TRANSFORMATION(#5337) 
SHAPE_REPRESENTATION_RELATIONSHIP() );
#5337 = ITEM_DEFINED_TRANSFORMATION('','',#11,#83);
#5338 = PRODUCT_DEFINITION_SHAPE('Placement','Placement of an item',
  #5339);
#5339 = NEXT_ASSEMBLY_USAGE_OCCURRENCE('23','C5','',#5,#2688,$);
#5340 = SHAPE_DEFINITION_REPRESENTATION(#5341,#5347);
#5341 = PRODUCT_DEFINITION_SHAPE('','',#5342);
#5342 = PRODUCT_DEFINITION('design','',#5343,#5346);
#5343 = PRODUCT_DEFINITION_FORMATION('','',#5344);
#5344 = PRODUCT('SOT-23','SOT-23','',(#5345));
#5345 = PRODUCT_CONTEXT('',#2,'mechanical');
#5346 = PRODUCT_DEFINITION_CONTEXT('part definition',#2,'design');
#5347 = SHAPE_REPRESENTATION('',(#11,#5348),#5352);
#5348 = AXIS2_PLACEMENT_3D('',#5349,#5350,#5351);
#5349 = CARTESIAN_POINT('',(0.,0.,0.));
#5350 = DIRECTION('',(0.,0.,1.));
#5351 = DIRECTION('',(1.,0.,-0.));
#5352 = ( GEOMETRIC_REPRESENTATION_CONTEXT(3) 
GLOBAL_UNCERTAINTY_ASSIGNED_CONTEXT((#5356)) 
GLOBAL_UNIT_ASSIGNED_CONTEXT((#5353,#5354,#5355)) REPRESENTATION_CONTEXT
('Context #1','3D Context with UNIT and UNCERTAINTY') );
#5353 = ( LENGTH_UNIT() NAMED_UNIT(*) SI_UNIT(.MILLI.,.METRE.) );
#5354 = ( NAMED_UNIT(*) PLANE_ANGLE_UNIT() SI_UNIT($,.RADIAN.) );
#5355 = ( NAMED_UNIT(*) SI_UNIT($,.STERADIAN.) SOLID_ANGLE_UNIT() );
#5356 = UNCERTAINTY_MEASURE_WITH_UNIT(LENGTH_MEASURE(2.E-06),#5353,
  'distance_accuracy_value','confusion accuracy');
#5357 = CONTEXT_DEPENDENT_SHAPE_REPRESENTATION(#5358,#5360);
#5358 = ( REPRESENTATION_RELATIONSHIP('','',#5347,#10) 
REPRESENTATION_RELATIONSHIP_WITH_TRANSFORMATION(#5359) 
SHAPE_REPRESENTATION_RELATIONSHIP() );
#5359 = ITEM_DEFINED_TRANSFORMATION('','',#11,#87);
#5360 = PRODUCT_DEFINITION_SHAPE('Placement','Placement of an item',
  #5361);
#5361 = NEXT_ASSEMBLY_USAGE_OCCURRENCE('25','D2','',#5,#5342,$);
#5362 = PRODUCT_RELATED_PRODUCT_CATEGORY('part',$,(#5344));
#5363 = SHAPE_DEFINITION_REPRESENTATION(#5364,#5370);
#5364 = PRODUCT_DEFINITION_SHAPE('','',#5365);
#5365 = PRODUCT_DEFINITION('design','',#5366,#5369);
#5366 = PRODUCT_DEFINITION_FORMATION('','',#5367);
#5367 = PRODUCT('SOT_23','SOT_23','',(#5368));
#5368 = PRODUCT_CONTEXT('',#2,'mechanical');
#5369 = PRODUCT_DEFINITION_CONTEXT('part definition',#2,'design');
#5370 = ADVANCED_BREP_SHAPE_REPRESENTATION('',(#11,#5371),#7445);
#5371 = MANIFOLD_SOLID_BREP('',#5372);
#5372 = CLOSED_SHELL('',(#5373,#5411,#5474,#5497,#5526,#5549,#5588,#5611
    ,#5634,#5657,#5706,#5729,#5758,#5781,#5805,#5835,#5868,#5891,#5914,
    #5937,#5961,#5985,#6018,#6051,#6082,#6105,#6134,#6157,#6181,#6256,
    #6331,#6361,#6378,#6401,#6424,#6447,#6471,#6546,#6621,#6645,#6720,
    #6737,#6812,#6829,#6860,#6883,#6939,#6955,#6978,#6995,#7012,#7029,
    #7046,#7063,#7080,#7097,#7109,#7125,#7141,#7157,#7183,#7200,#7217,
    #7234,#7251,#7268,#7285,#7302,#7314,#7336,#7353,#7370,#7387,#7404,
    #7421,#7433));
#5373 = ADVANCED_FACE('',(#5374),#5406,.F.);
#5374 = FACE_BOUND('',#5375,.F.);
#5375 = EDGE_LOOP('',(#5376,#5386,#5393,#5401));
#5376 = ORIENTED_EDGE('',*,*,#5377,.T.);
#5377 = EDGE_CURVE('',#5378,#5380,#5382,.T.);
#5378 = VERTEX_POINT('',#5379);
#5379 = CARTESIAN_POINT('',(-0.571621551758,1.433243103516,0.1));
#5380 = VERTEX_POINT('',#5381);
#5381 = CARTESIAN_POINT('',(0.571621551758,1.433243103516,0.1));
#5382 = LINE('',#5383,#5384);
#5383 = CARTESIAN_POINT('',(-0.571621551758,1.433243103516,0.1));
#5384 = VECTOR('',#5385,1.);
#5385 = DIRECTION('',(1.,2.22044604925E-16,0.));
#5386 = ORIENTED_EDGE('',*,*,#5387,.T.);
#5387 = EDGE_CURVE('',#5380,#5388,#5390,.T.);
#5388 = VERTEX_POINT('',#5389);
#5389 = CARTESIAN_POINT('',(0.605,1.5,0.575));
#5390 = B_SPLINE_CURVE_WITH_KNOTS('',1,(#5391,#5392),.UNSPECIFIED.,.F.,
  .F.,(2,2),(0.,1.),.PIECEWISE_BEZIER_KNOTS.);
#5391 = CARTESIAN_POINT('',(0.571621551758,1.433243103516,0.1));
#5392 = CARTESIAN_POINT('',(0.605,1.5,0.575));
#5393 = ORIENTED_EDGE('',*,*,#5394,.F.);
#5394 = EDGE_CURVE('',#5395,#5388,#5397,.T.);
#5395 = VERTEX_POINT('',#5396);
#5396 = CARTESIAN_POINT('',(-0.605,1.5,0.575));
#5397 = LINE('',#5398,#5399);
#5398 = CARTESIAN_POINT('',(-0.605,1.5,0.575));
#5399 = VECTOR('',#5400,1.);
#5400 = DIRECTION('',(1.,2.22044604925E-16,0.));
#5401 = ORIENTED_EDGE('',*,*,#5402,.F.);
#5402 = EDGE_CURVE('',#5378,#5395,#5403,.T.);
#5403 = B_SPLINE_CURVE_WITH_KNOTS('',1,(#5404,#5405),.UNSPECIFIED.,.F.,
  .F.,(2,2),(0.,1.),.PIECEWISE_BEZIER_KNOTS.);
#5404 = CARTESIAN_POINT('',(-0.571621551758,1.433243103516,0.1));
#5405 = CARTESIAN_POINT('',(-0.605,1.5,0.575));
#5406 = B_SPLINE_SURFACE_WITH_KNOTS('',1,1,(
    (#5407,#5408)
    ,(#5409,#5410
    )),.UNSPECIFIED.,.F.,.F.,.F.,(2,2),(2,2),(0.,1.21),(0.,1.),
  .PIECEWISE_BEZIER_KNOTS.);
#5407 = CARTESIAN_POINT('',(-0.571621551758,1.433243103516,0.1));
#5408 = CARTESIAN_POINT('',(-0.605,1.5,0.575));
#5409 = CARTESIAN_POINT('',(0.571621551758,1.433243103516,0.1));
#5410 = CARTESIAN_POINT('',(0.605,1.5,0.575));
#5411 = ADVANCED_FACE('',(#5412),#5469,.T.);
#5412 = FACE_BOUND('',#5413,.T.);
#5413 = EDGE_LOOP('',(#5414,#5415,#5423,#5431,#5439,#5447,#5455,#5463));
#5414 = ORIENTED_EDGE('',*,*,#5377,.T.);
#5415 = ORIENTED_EDGE('',*,*,#5416,.T.);
#5416 = EDGE_CURVE('',#5380,#5417,#5419,.T.);
#5417 = VERTEX_POINT('',#5418);
#5418 = CARTESIAN_POINT('',(0.633243103516,1.371621551758,0.1));
#5419 = LINE('',#5420,#5421);
#5420 = CARTESIAN_POINT('',(0.571621551758,1.433243103516,0.1));
#5421 = VECTOR('',#5422,1.);
#5422 = DIRECTION('',(0.707106781187,-0.707106781187,0.));
#5423 = ORIENTED_EDGE('',*,*,#5424,.T.);
#5424 = EDGE_CURVE('',#5417,#5425,#5427,.T.);
#5425 = VERTEX_POINT('',#5426);
#5426 = CARTESIAN_POINT('',(0.633243103516,-1.371621551758,0.1));
#5427 = LINE('',#5428,#5429);
#5428 = CARTESIAN_POINT('',(0.633243103516,1.371621551758,0.1));
#5429 = VECTOR('',#5430,1.);
#5430 = DIRECTION('',(2.22044604925E-16,-1.,0.));
#5431 = ORIENTED_EDGE('',*,*,#5432,.T.);
#5432 = EDGE_CURVE('',#5425,#5433,#5435,.T.);
#5433 = VERTEX_POINT('',#5434);
#5434 = CARTESIAN_POINT('',(0.571621551758,-1.433243103516,0.1));
#5435 = LINE('',#5436,#5437);
#5436 = CARTESIAN_POINT('',(0.633243103516,-1.371621551758,0.1));
#5437 = VECTOR('',#5438,1.);
#5438 = DIRECTION('',(-0.707106781187,-0.707106781187,0.));
#5439 = ORIENTED_EDGE('',*,*,#5440,.T.);
#5440 = EDGE_CURVE('',#5433,#5441,#5443,.T.);
#5441 = VERTEX_POINT('',#5442);
#5442 = CARTESIAN_POINT('',(-0.571621551758,-1.433243103516,0.1));
#5443 = LINE('',#5444,#5445);
#5444 = CARTESIAN_POINT('',(0.571621551758,-1.433243103516,0.1));
#5445 = VECTOR('',#5446,1.);
#5446 = DIRECTION('',(-1.,-2.22044604925E-16,0.));
#5447 = ORIENTED_EDGE('',*,*,#5448,.T.);
#5448 = EDGE_CURVE('',#5441,#5449,#5451,.T.);
#5449 = VERTEX_POINT('',#5450);
#5450 = CARTESIAN_POINT('',(-0.633243103516,-1.371621551758,0.1));
#5451 = LINE('',#5452,#5453);
#5452 = CARTESIAN_POINT('',(-0.571621551758,-1.433243103516,0.1));
#5453 = VECTOR('',#5454,1.);
#5454 = DIRECTION('',(-0.707106781187,0.707106781187,0.));
#5455 = ORIENTED_EDGE('',*,*,#5456,.T.);
#5456 = EDGE_CURVE('',#5449,#5457,#5459,.T.);
#5457 = VERTEX_POINT('',#5458);
#5458 = CARTESIAN_POINT('',(-0.633243103516,1.371621551758,0.1));
#5459 = LINE('',#5460,#5461);
#5460 = CARTESIAN_POINT('',(-0.633243103516,-1.371621551758,0.1));
#5461 = VECTOR('',#5462,1.);
#5462 = DIRECTION('',(-2.22044604925E-16,1.,0.));
#5463 = ORIENTED_EDGE('',*,*,#5464,.T.);
#5464 = EDGE_CURVE('',#5457,#5378,#5465,.T.);
#5465 = LINE('',#5466,#5467);
#5466 = CARTESIAN_POINT('',(-0.633243103516,1.371621551758,0.1));
#5467 = VECTOR('',#5468,1.);
#5468 = DIRECTION('',(0.707106781187,0.707106781187,0.));
#5469 = PLANE('',#5470);
#5470 = AXIS2_PLACEMENT_3D('',#5471,#5472,#5473);
#5471 = CARTESIAN_POINT('',(-0.571621551758,1.433243103516,0.1));
#5472 = DIRECTION('',(0.,0.,-1.));
#5473 = DIRECTION('',(0.370454302632,-0.928850692879,0.));
#5474 = ADVANCED_FACE('',(#5475),#5492,.F.);
#5475 = FACE_BOUND('',#5476,.F.);
#5476 = EDGE_LOOP('',(#5477,#5478,#5485,#5491));
#5477 = ORIENTED_EDGE('',*,*,#5416,.T.);
#5478 = ORIENTED_EDGE('',*,*,#5479,.T.);
#5479 = EDGE_CURVE('',#5417,#5480,#5482,.T.);
#5480 = VERTEX_POINT('',#5481);
#5481 = CARTESIAN_POINT('',(0.7,1.405,0.575));
#5482 = B_SPLINE_CURVE_WITH_KNOTS('',1,(#5483,#5484),.UNSPECIFIED.,.F.,
  .F.,(2,2),(0.,1.),.PIECEWISE_BEZIER_KNOTS.);
#5483 = CARTESIAN_POINT('',(0.633243103516,1.371621551758,0.1));
#5484 = CARTESIAN_POINT('',(0.7,1.405,0.575));
#5485 = ORIENTED_EDGE('',*,*,#5486,.F.);
#5486 = EDGE_CURVE('',#5388,#5480,#5487,.T.);
#5487 = LINE('',#5488,#5489);
#5488 = CARTESIAN_POINT('',(0.605,1.5,0.575));
#5489 = VECTOR('',#5490,1.);
#5490 = DIRECTION('',(0.707106781187,-0.707106781187,0.));
#5491 = ORIENTED_EDGE('',*,*,#5387,.F.);
#5492 = B_SPLINE_SURFACE_WITH_KNOTS('',1,1,(
    (#5493,#5494)
    ,(#5495,#5496
    )),.UNSPECIFIED.,.F.,.F.,.F.,(2,2),(2,2),(0.,0.134350288425),(0.,1.)
  ,.PIECEWISE_BEZIER_KNOTS.);
#5493 = CARTESIAN_POINT('',(0.571621551758,1.433243103516,0.1));
#5494 = CARTESIAN_POINT('',(0.605,1.5,0.575));
#5495 = CARTESIAN_POINT('',(0.633243103516,1.371621551758,0.1));
#5496 = CARTESIAN_POINT('',(0.7,1.405,0.575));
#5497 = ADVANCED_FACE('',(#5498),#5521,.F.);
#5498 = FACE_BOUND('',#5499,.F.);
#5499 = EDGE_LOOP('',(#5500,#5501,#5508,#5516));
#5500 = ORIENTED_EDGE('',*,*,#5394,.T.);
#5501 = ORIENTED_EDGE('',*,*,#5502,.T.);
#5502 = EDGE_CURVE('',#5388,#5503,#5505,.T.);
#5503 = VERTEX_POINT('',#5504);
#5504 = CARTESIAN_POINT('',(0.605,1.5,0.725));
#5505 = B_SPLINE_CURVE_WITH_KNOTS('',1,(#5506,#5507),.UNSPECIFIED.,.F.,
  .F.,(2,2),(0.,1.),.PIECEWISE_BEZIER_KNOTS.);
#5506 = CARTESIAN_POINT('',(0.605,1.5,0.575));
#5507 = CARTESIAN_POINT('',(0.605,1.5,0.725));
#5508 = ORIENTED_EDGE('',*,*,#5509,.F.);
#5509 = EDGE_CURVE('',#5510,#5503,#5512,.T.);
#5510 = VERTEX_POINT('',#5511);
#5511 = CARTESIAN_POINT('',(-0.605,1.5,0.725));
#5512 = LINE('',#5513,#5514);
#5513 = CARTESIAN_POINT('',(-0.605,1.5,0.725));
#5514 = VECTOR('',#5515,1.);
#5515 = DIRECTION('',(1.,2.22044604925E-16,0.));
#5516 = ORIENTED_EDGE('',*,*,#5517,.F.);
#5517 = EDGE_CURVE('',#5395,#5510,#5518,.T.);
#5518 = B_SPLINE_CURVE_WITH_KNOTS('',1,(#5519,#5520),.UNSPECIFIED.,.F.,
  .F.,(2,2),(0.,1.),.PIECEWISE_BEZIER_KNOTS.);
#5519 = CARTESIAN_POINT('',(-0.605,1.5,0.575));
#5520 = CARTESIAN_POINT('',(-0.605,1.5,0.725));
#5521 = PLANE('',#5522);
#5522 = AXIS2_PLACEMENT_3D('',#5523,#5524,#5525);
#5523 = CARTESIAN_POINT('',(-0.605,1.5,0.725));
#5524 = DIRECTION('',(2.22044604925E-16,-1.,0.));
#5525 = DIRECTION('',(1.,2.22044604925E-16,0.));
#5526 = ADVANCED_FACE('',(#5527),#5544,.F.);
#5527 = FACE_BOUND('',#5528,.F.);
#5528 = EDGE_LOOP('',(#5529,#5530,#5531,#5539));
#5529 = ORIENTED_EDGE('',*,*,#5464,.T.);
#5530 = ORIENTED_EDGE('',*,*,#5402,.T.);
#5531 = ORIENTED_EDGE('',*,*,#5532,.F.);
#5532 = EDGE_CURVE('',#5533,#5395,#5535,.T.);
#5533 = VERTEX_POINT('',#5534);
#5534 = CARTESIAN_POINT('',(-0.7,1.405,0.575));
#5535 = LINE('',#5536,#5537);
#5536 = CARTESIAN_POINT('',(-0.7,1.405,0.575));
#5537 = VECTOR('',#5538,1.);
#5538 = DIRECTION('',(0.707106781187,0.707106781187,0.));
#5539 = ORIENTED_EDGE('',*,*,#5540,.F.);
#5540 = EDGE_CURVE('',#5457,#5533,#5541,.T.);
#5541 = B_SPLINE_CURVE_WITH_KNOTS('',1,(#5542,#5543),.UNSPECIFIED.,.F.,
  .F.,(2,2),(0.,1.),.PIECEWISE_BEZIER_KNOTS.);
#5542 = CARTESIAN_POINT('',(-0.633243103516,1.371621551758,0.1));
#5543 = CARTESIAN_POINT('',(-0.7,1.405,0.575));
#5544 = B_SPLINE_SURFACE_WITH_KNOTS('',1,1,(
    (#5545,#5546)
    ,(#5547,#5548
    )),.UNSPECIFIED.,.F.,.F.,.F.,(2,2),(2,2),(0.,0.134350288425),(0.,1.)
  ,.PIECEWISE_BEZIER_KNOTS.);
#5545 = CARTESIAN_POINT('',(-0.633243103516,1.371621551758,0.1));
#5546 = CARTESIAN_POINT('',(-0.7,1.405,0.575));
#5547 = CARTESIAN_POINT('',(-0.571621551758,1.433243103516,0.1));
#5548 = CARTESIAN_POINT('',(-0.605,1.5,0.575));
#5549 = ADVANCED_FACE('',(#5550),#5583,.F.);
#5550 = FACE_BOUND('',#5551,.F.);
#5551 = EDGE_LOOP('',(#5552,#5553,#5560,#5568,#5576,#5582));
#5552 = ORIENTED_EDGE('',*,*,#5424,.T.);
#5553 = ORIENTED_EDGE('',*,*,#5554,.T.);
#5554 = EDGE_CURVE('',#5425,#5555,#5557,.T.);
#5555 = VERTEX_POINT('',#5556);
#5556 = CARTESIAN_POINT('',(0.7,-1.405,0.575));
#5557 = B_SPLINE_CURVE_WITH_KNOTS('',1,(#5558,#5559),.UNSPECIFIED.,.F.,
  .F.,(2,2),(0.,1.),.PIECEWISE_BEZIER_KNOTS.);
#5558 = CARTESIAN_POINT('',(0.633243103516,-1.371621551758,0.1));
#5559 = CARTESIAN_POINT('',(0.7,-1.405,0.575));
#5560 = ORIENTED_EDGE('',*,*,#5561,.F.);
#5561 = EDGE_CURVE('',#5562,#5555,#5564,.T.);
#5562 = VERTEX_POINT('',#5563);
#5563 = CARTESIAN_POINT('',(0.7,-0.2,0.575));
#5564 = LINE('',#5565,#5566);
#5565 = CARTESIAN_POINT('',(0.7,1.405,0.575));
#5566 = VECTOR('',#5567,1.);
#5567 = DIRECTION('',(2.22044604925E-16,-1.,0.));
#5568 = ORIENTED_EDGE('',*,*,#5569,.F.);
#5569 = EDGE_CURVE('',#5570,#5562,#5572,.T.);
#5570 = VERTEX_POINT('',#5571);
#5571 = CARTESIAN_POINT('',(0.7,0.2,0.575));
#5572 = LINE('',#5573,#5574);
#5573 = CARTESIAN_POINT('',(0.7,0.2,0.575));
#5574 = VECTOR('',#5575,1.);
#5575 = DIRECTION('',(2.22044604925E-16,-1.,0.));
#5576 = ORIENTED_EDGE('',*,*,#5577,.F.);
#5577 = EDGE_CURVE('',#5480,#5570,#5578,.T.);
#5578 = LINE('',#5579,#5580);
#5579 = CARTESIAN_POINT('',(0.7,1.405,0.575));
#5580 = VECTOR('',#5581,1.);
#5581 = DIRECTION('',(2.22044604925E-16,-1.,0.));
#5582 = ORIENTED_EDGE('',*,*,#5479,.F.);
#5583 = B_SPLINE_SURFACE_WITH_KNOTS('',1,1,(
    (#5584,#5585)
    ,(#5586,#5587
    )),.UNSPECIFIED.,.F.,.F.,.F.,(2,2),(2,2),(0.,2.81),(0.,1.),
  .PIECEWISE_BEZIER_KNOTS.);
#5584 = CARTESIAN_POINT('',(0.633243103516,1.371621551758,0.1));
#5585 = CARTESIAN_POINT('',(0.7,1.405,0.575));
#5586 = CARTESIAN_POINT('',(0.633243103516,-1.371621551758,0.1));
#5587 = CARTESIAN_POINT('',(0.7,-1.405,0.575));
#5588 = ADVANCED_FACE('',(#5589),#5606,.F.);
#5589 = FACE_BOUND('',#5590,.F.);
#5590 = EDGE_LOOP('',(#5591,#5592,#5599,#5605));
#5591 = ORIENTED_EDGE('',*,*,#5432,.T.);
#5592 = ORIENTED_EDGE('',*,*,#5593,.T.);
#5593 = EDGE_CURVE('',#5433,#5594,#5596,.T.);
#5594 = VERTEX_POINT('',#5595);
#5595 = CARTESIAN_POINT('',(0.605,-1.5,0.575));
#5596 = B_SPLINE_CURVE_WITH_KNOTS('',1,(#5597,#5598),.UNSPECIFIED.,.F.,
  .F.,(2,2),(0.,1.),.PIECEWISE_BEZIER_KNOTS.);
#5597 = CARTESIAN_POINT('',(0.571621551758,-1.433243103516,0.1));
#5598 = CARTESIAN_POINT('',(0.605,-1.5,0.575));
#5599 = ORIENTED_EDGE('',*,*,#5600,.F.);
#5600 = EDGE_CURVE('',#5555,#5594,#5601,.T.);
#5601 = LINE('',#5602,#5603);
#5602 = CARTESIAN_POINT('',(0.7,-1.405,0.575));
#5603 = VECTOR('',#5604,1.);
#5604 = DIRECTION('',(-0.707106781187,-0.707106781187,0.));
#5605 = ORIENTED_EDGE('',*,*,#5554,.F.);
#5606 = B_SPLINE_SURFACE_WITH_KNOTS('',1,1,(
    (#5607,#5608)
    ,(#5609,#5610
    )),.UNSPECIFIED.,.F.,.F.,.F.,(2,2),(2,2),(0.,0.134350288425),(0.,1.)
  ,.PIECEWISE_BEZIER_KNOTS.);
#5607 = CARTESIAN_POINT('',(0.633243103516,-1.371621551758,0.1));
#5608 = CARTESIAN_POINT('',(0.7,-1.405,0.575));
#5609 = CARTESIAN_POINT('',(0.571621551758,-1.433243103516,0.1));
#5610 = CARTESIAN_POINT('',(0.605,-1.5,0.575));
#5611 = ADVANCED_FACE('',(#5612),#5629,.F.);
#5612 = FACE_BOUND('',#5613,.F.);
#5613 = EDGE_LOOP('',(#5614,#5615,#5622,#5628));
#5614 = ORIENTED_EDGE('',*,*,#5440,.T.);
#5615 = ORIENTED_EDGE('',*,*,#5616,.T.);
#5616 = EDGE_CURVE('',#5441,#5617,#5619,.T.);
#5617 = VERTEX_POINT('',#5618);
#5618 = CARTESIAN_POINT('',(-0.605,-1.5,0.575));
#5619 = B_SPLINE_CURVE_WITH_KNOTS('',1,(#5620,#5621),.UNSPECIFIED.,.F.,
  .F.,(2,2),(0.,1.),.PIECEWISE_BEZIER_KNOTS.);
#5620 = CARTESIAN_POINT('',(-0.571621551758,-1.433243103516,0.1));
#5621 = CARTESIAN_POINT('',(-0.605,-1.5,0.575));
#5622 = ORIENTED_EDGE('',*,*,#5623,.F.);
#5623 = EDGE_CURVE('',#5594,#5617,#5624,.T.);
#5624 = LINE('',#5625,#5626);
#5625 = CARTESIAN_POINT('',(0.605,-1.5,0.575));
#5626 = VECTOR('',#5627,1.);
#5627 = DIRECTION('',(-1.,-2.22044604925E-16,0.));
#5628 = ORIENTED_EDGE('',*,*,#5593,.F.);
#5629 = B_SPLINE_SURFACE_WITH_KNOTS('',1,1,(
    (#5630,#5631)
    ,(#5632,#5633
    )),.UNSPECIFIED.,.F.,.F.,.F.,(2,2),(2,2),(0.,1.21),(0.,1.),
  .PIECEWISE_BEZIER_KNOTS.);
#5630 = CARTESIAN_POINT('',(0.571621551758,-1.433243103516,0.1));
#5631 = CARTESIAN_POINT('',(0.605,-1.5,0.575));
#5632 = CARTESIAN_POINT('',(-0.571621551758,-1.433243103516,0.1));
#5633 = CARTESIAN_POINT('',(-0.605,-1.5,0.575));
#5634 = ADVANCED_FACE('',(#5635),#5652,.F.);
#5635 = FACE_BOUND('',#5636,.F.);
#5636 = EDGE_LOOP('',(#5637,#5638,#5645,#5651));
#5637 = ORIENTED_EDGE('',*,*,#5448,.T.);
#5638 = ORIENTED_EDGE('',*,*,#5639,.T.);
#5639 = EDGE_CURVE('',#5449,#5640,#5642,.T.);
#5640 = VERTEX_POINT('',#5641);
#5641 = CARTESIAN_POINT('',(-0.7,-1.405,0.575));
#5642 = B_SPLINE_CURVE_WITH_KNOTS('',1,(#5643,#5644),.UNSPECIFIED.,.F.,
  .F.,(2,2),(0.,1.),.PIECEWISE_BEZIER_KNOTS.);
#5643 = CARTESIAN_POINT('',(-0.633243103516,-1.371621551758,0.1));
#5644 = CARTESIAN_POINT('',(-0.7,-1.405,0.575));
#5645 = ORIENTED_EDGE('',*,*,#5646,.F.);
#5646 = EDGE_CURVE('',#5617,#5640,#5647,.T.);
#5647 = LINE('',#5648,#5649);
#5648 = CARTESIAN_POINT('',(-0.605,-1.5,0.575));
#5649 = VECTOR('',#5650,1.);
#5650 = DIRECTION('',(-0.707106781187,0.707106781187,0.));
#5651 = ORIENTED_EDGE('',*,*,#5616,.F.);
#5652 = B_SPLINE_SURFACE_WITH_KNOTS('',1,1,(
    (#5653,#5654)
    ,(#5655,#5656
    )),.UNSPECIFIED.,.F.,.F.,.F.,(2,2),(2,2),(0.,0.134350288425),(0.,1.)
  ,.PIECEWISE_BEZIER_KNOTS.);
#5653 = CARTESIAN_POINT('',(-0.571621551758,-1.433243103516,0.1));
#5654 = CARTESIAN_POINT('',(-0.605,-1.5,0.575));
#5655 = CARTESIAN_POINT('',(-0.633243103516,-1.371621551758,0.1));
#5656 = CARTESIAN_POINT('',(-0.7,-1.405,0.575));
#5657 = ADVANCED_FACE('',(#5658),#5701,.F.);
#5658 = FACE_BOUND('',#5659,.F.);
#5659 = EDGE_LOOP('',(#5660,#5661,#5662,#5670,#5678,#5686,#5694,#5700));
#5660 = ORIENTED_EDGE('',*,*,#5456,.T.);
#5661 = ORIENTED_EDGE('',*,*,#5540,.T.);
#5662 = ORIENTED_EDGE('',*,*,#5663,.F.);
#5663 = EDGE_CURVE('',#5664,#5533,#5666,.T.);
#5664 = VERTEX_POINT('',#5665);
#5665 = CARTESIAN_POINT('',(-0.7,1.15,0.575));
#5666 = LINE('',#5667,#5668);
#5667 = CARTESIAN_POINT('',(-0.7,-1.405,0.575));
#5668 = VECTOR('',#5669,1.);
#5669 = DIRECTION('',(-2.22044604925E-16,1.,0.));
#5670 = ORIENTED_EDGE('',*,*,#5671,.F.);
#5671 = EDGE_CURVE('',#5672,#5664,#5674,.T.);
#5672 = VERTEX_POINT('',#5673);
#5673 = CARTESIAN_POINT('',(-0.7,0.75,0.575));
#5674 = LINE('',#5675,#5676);
#5675 = CARTESIAN_POINT('',(-0.7,0.75,0.575));
#5676 = VECTOR('',#5677,1.);
#5677 = DIRECTION('',(-9.95799250103E-17,1.,0.));
#5678 = ORIENTED_EDGE('',*,*,#5679,.F.);
#5679 = EDGE_CURVE('',#5680,#5672,#5682,.T.);
#5680 = VERTEX_POINT('',#5681);
#5681 = CARTESIAN_POINT('',(-0.7,-0.75,0.575));
#5682 = LINE('',#5683,#5684);
#5683 = CARTESIAN_POINT('',(-0.7,-1.405,0.575));
#5684 = VECTOR('',#5685,1.);
#5685 = DIRECTION('',(-2.22044604925E-16,1.,0.));
#5686 = ORIENTED_EDGE('',*,*,#5687,.F.);
#5687 = EDGE_CURVE('',#5688,#5680,#5690,.T.);
#5688 = VERTEX_POINT('',#5689);
#5689 = CARTESIAN_POINT('',(-0.7,-1.15,0.575));
#5690 = LINE('',#5691,#5692);
#5691 = CARTESIAN_POINT('',(-0.7,-1.15,0.575));
#5692 = VECTOR('',#5693,1.);
#5693 = DIRECTION('',(-9.95799250103E-17,1.,0.));
#5694 = ORIENTED_EDGE('',*,*,#5695,.F.);
#5695 = EDGE_CURVE('',#5640,#5688,#5696,.T.);
#5696 = LINE('',#5697,#5698);
#5697 = CARTESIAN_POINT('',(-0.7,-1.405,0.575));
#5698 = VECTOR('',#5699,1.);
#5699 = DIRECTION('',(-2.22044604925E-16,1.,0.));
#5700 = ORIENTED_EDGE('',*,*,#5639,.F.);
#5701 = B_SPLINE_SURFACE_WITH_KNOTS('',1,1,(
    (#5702,#5703)
    ,(#5704,#5705
    )),.UNSPECIFIED.,.F.,.F.,.F.,(2,2),(2,2),(0.,2.81),(0.,1.),
  .PIECEWISE_BEZIER_KNOTS.);
#5702 = CARTESIAN_POINT('',(-0.633243103516,-1.371621551758,0.1));
#5703 = CARTESIAN_POINT('',(-0.7,-1.405,0.575));
#5704 = CARTESIAN_POINT('',(-0.633243103516,1.371621551758,0.1));
#5705 = CARTESIAN_POINT('',(-0.7,1.405,0.575));
#5706 = ADVANCED_FACE('',(#5707),#5724,.F.);
#5707 = FACE_BOUND('',#5708,.F.);
#5708 = EDGE_LOOP('',(#5709,#5710,#5717,#5723));
#5709 = ORIENTED_EDGE('',*,*,#5486,.T.);
#5710 = ORIENTED_EDGE('',*,*,#5711,.T.);
#5711 = EDGE_CURVE('',#5480,#5712,#5714,.T.);
#5712 = VERTEX_POINT('',#5713);
#5713 = CARTESIAN_POINT('',(0.7,1.405,0.725));
#5714 = B_SPLINE_CURVE_WITH_KNOTS('',1,(#5715,#5716),.UNSPECIFIED.,.F.,
  .F.,(2,2),(0.,1.),.PIECEWISE_BEZIER_KNOTS.);
#5715 = CARTESIAN_POINT('',(0.7,1.405,0.575));
#5716 = CARTESIAN_POINT('',(0.7,1.405,0.725));
#5717 = ORIENTED_EDGE('',*,*,#5718,.F.);
#5718 = EDGE_CURVE('',#5503,#5712,#5719,.T.);
#5719 = LINE('',#5720,#5721);
#5720 = CARTESIAN_POINT('',(0.605,1.5,0.725));
#5721 = VECTOR('',#5722,1.);
#5722 = DIRECTION('',(0.707106781187,-0.707106781187,0.));
#5723 = ORIENTED_EDGE('',*,*,#5502,.F.);
#5724 = PLANE('',#5725);
#5725 = AXIS2_PLACEMENT_3D('',#5726,#5727,#5728);
#5726 = CARTESIAN_POINT('',(0.605,1.5,0.725));
#5727 = DIRECTION('',(-0.707106781187,-0.707106781187,0.));
#5728 = DIRECTION('',(0.707106781187,-0.707106781187,0.));
#5729 = ADVANCED_FACE('',(#5730),#5753,.F.);
#5730 = FACE_BOUND('',#5731,.F.);
#5731 = EDGE_LOOP('',(#5732,#5733,#5740,#5748));
#5732 = ORIENTED_EDGE('',*,*,#5509,.T.);
#5733 = ORIENTED_EDGE('',*,*,#5734,.T.);
#5734 = EDGE_CURVE('',#5503,#5735,#5737,.T.);
#5735 = VERTEX_POINT('',#5736);
#5736 = CARTESIAN_POINT('',(0.5925,1.475,0.725));
#5737 = B_SPLINE_CURVE_WITH_KNOTS('',1,(#5738,#5739),.UNSPECIFIED.,.F.,
  .F.,(2,2),(0.,1.),.PIECEWISE_BEZIER_KNOTS.);
#5738 = CARTESIAN_POINT('',(0.605,1.5,0.725));
#5739 = CARTESIAN_POINT('',(0.5925,1.475,0.725));
#5740 = ORIENTED_EDGE('',*,*,#5741,.F.);
#5741 = EDGE_CURVE('',#5742,#5735,#5744,.T.);
#5742 = VERTEX_POINT('',#5743);
#5743 = CARTESIAN_POINT('',(-0.5925,1.475,0.725));
#5744 = LINE('',#5745,#5746);
#5745 = CARTESIAN_POINT('',(-0.5925,1.475,0.725));
#5746 = VECTOR('',#5747,1.);
#5747 = DIRECTION('',(1.,2.22044604925E-16,0.));
#5748 = ORIENTED_EDGE('',*,*,#5749,.F.);
#5749 = EDGE_CURVE('',#5510,#5742,#5750,.T.);
#5750 = B_SPLINE_CURVE_WITH_KNOTS('',1,(#5751,#5752),.UNSPECIFIED.,.F.,
  .F.,(2,2),(0.,1.),.PIECEWISE_BEZIER_KNOTS.);
#5751 = CARTESIAN_POINT('',(-0.605,1.5,0.725));
#5752 = CARTESIAN_POINT('',(-0.5925,1.475,0.725));
#5753 = B_SPLINE_SURFACE_WITH_KNOTS('',1,1,(
    (#5754,#5755)
    ,(#5756,#5757
    )),.UNSPECIFIED.,.F.,.F.,.F.,(2,2),(2,2),(0.,1.21),(0.,1.),
  .PIECEWISE_BEZIER_KNOTS.);
#5754 = CARTESIAN_POINT('',(-0.605,1.5,0.725));
#5755 = CARTESIAN_POINT('',(-0.5925,1.475,0.725));
#5756 = CARTESIAN_POINT('',(0.605,1.5,0.725));
#5757 = CARTESIAN_POINT('',(0.5925,1.475,0.725));
#5758 = ADVANCED_FACE('',(#5759),#5776,.F.);
#5759 = FACE_BOUND('',#5760,.F.);
#5760 = EDGE_LOOP('',(#5761,#5762,#5763,#5771));
#5761 = ORIENTED_EDGE('',*,*,#5532,.T.);
#5762 = ORIENTED_EDGE('',*,*,#5517,.T.);
#5763 = ORIENTED_EDGE('',*,*,#5764,.F.);
#5764 = EDGE_CURVE('',#5765,#5510,#5767,.T.);
#5765 = VERTEX_POINT('',#5766);
#5766 = CARTESIAN_POINT('',(-0.7,1.405,0.725));
#5767 = LINE('',#5768,#5769);
#5768 = CARTESIAN_POINT('',(-0.7,1.405,0.725));
#5769 = VECTOR('',#5770,1.);
#5770 = DIRECTION('',(0.707106781187,0.707106781187,0.));
#5771 = ORIENTED_EDGE('',*,*,#5772,.F.);
#5772 = EDGE_CURVE('',#5533,#5765,#5773,.T.);
#5773 = B_SPLINE_CURVE_WITH_KNOTS('',1,(#5774,#5775),.UNSPECIFIED.,.F.,
  .F.,(2,2),(0.,1.),.PIECEWISE_BEZIER_KNOTS.);
#5774 = CARTESIAN_POINT('',(-0.7,1.405,0.575));
#5775 = CARTESIAN_POINT('',(-0.7,1.405,0.725));
#5776 = PLANE('',#5777);
#5777 = AXIS2_PLACEMENT_3D('',#5778,#5779,#5780);
#5778 = CARTESIAN_POINT('',(-0.7,1.405,0.725));
#5779 = DIRECTION('',(0.707106781187,-0.707106781187,0.));
#5780 = DIRECTION('',(0.707106781187,0.707106781187,0.));
#5781 = ADVANCED_FACE('',(#5782),#5800,.F.);
#5782 = FACE_BOUND('',#5783,.F.);
#5783 = EDGE_LOOP('',(#5784,#5785,#5786,#5794));
#5784 = ORIENTED_EDGE('',*,*,#5711,.F.);
#5785 = ORIENTED_EDGE('',*,*,#5577,.T.);
#5786 = ORIENTED_EDGE('',*,*,#5787,.T.);
#5787 = EDGE_CURVE('',#5570,#5788,#5790,.T.);
#5788 = VERTEX_POINT('',#5789);
#5789 = CARTESIAN_POINT('',(0.7,0.2,0.725));
#5790 = LINE('',#5791,#5792);
#5791 = CARTESIAN_POINT('',(0.7,0.2,0.525297170697));
#5792 = VECTOR('',#5793,1.);
#5793 = DIRECTION('',(0.,0.,1.));
#5794 = ORIENTED_EDGE('',*,*,#5795,.F.);
#5795 = EDGE_CURVE('',#5712,#5788,#5796,.T.);
#5796 = LINE('',#5797,#5798);
#5797 = CARTESIAN_POINT('',(0.7,1.405,0.725));
#5798 = VECTOR('',#5799,1.);
#5799 = DIRECTION('',(2.22044604925E-16,-1.,0.));
#5800 = PLANE('',#5801);
#5801 = AXIS2_PLACEMENT_3D('',#5802,#5803,#5804);
#5802 = CARTESIAN_POINT('',(0.7,1.405,0.725));
#5803 = DIRECTION('',(-1.,-2.22044604925E-16,0.));
#5804 = DIRECTION('',(2.22044604925E-16,-1.,0.));
#5805 = ADVANCED_FACE('',(#5806),#5830,.F.);
#5806 = FACE_BOUND('',#5807,.F.);
#5807 = EDGE_LOOP('',(#5808,#5816,#5817,#5824));
#5808 = ORIENTED_EDGE('',*,*,#5809,.F.);
#5809 = EDGE_CURVE('',#5562,#5810,#5812,.T.);
#5810 = VERTEX_POINT('',#5811);
#5811 = CARTESIAN_POINT('',(0.7,-0.2,0.725));
#5812 = LINE('',#5813,#5814);
#5813 = CARTESIAN_POINT('',(0.7,-0.2,0.525297170697));
#5814 = VECTOR('',#5815,1.);
#5815 = DIRECTION('',(0.,0.,1.));
#5816 = ORIENTED_EDGE('',*,*,#5561,.T.);
#5817 = ORIENTED_EDGE('',*,*,#5818,.T.);
#5818 = EDGE_CURVE('',#5555,#5819,#5821,.T.);
#5819 = VERTEX_POINT('',#5820);
#5820 = CARTESIAN_POINT('',(0.7,-1.405,0.725));
#5821 = B_SPLINE_CURVE_WITH_KNOTS('',1,(#5822,#5823),.UNSPECIFIED.,.F.,
  .F.,(2,2),(0.,1.),.PIECEWISE_BEZIER_KNOTS.);
#5822 = CARTESIAN_POINT('',(0.7,-1.405,0.575));
#5823 = CARTESIAN_POINT('',(0.7,-1.405,0.725));
#5824 = ORIENTED_EDGE('',*,*,#5825,.F.);
#5825 = EDGE_CURVE('',#5810,#5819,#5826,.T.);
#5826 = LINE('',#5827,#5828);
#5827 = CARTESIAN_POINT('',(0.7,1.405,0.725));
#5828 = VECTOR('',#5829,1.);
#5829 = DIRECTION('',(2.22044604925E-16,-1.,0.));
#5830 = PLANE('',#5831);
#5831 = AXIS2_PLACEMENT_3D('',#5832,#5833,#5834);
#5832 = CARTESIAN_POINT('',(0.7,1.405,0.725));
#5833 = DIRECTION('',(-1.,-2.22044604925E-16,0.));
#5834 = DIRECTION('',(2.22044604925E-16,-1.,0.));
#5835 = ADVANCED_FACE('',(#5836),#5863,.F.);
#5836 = FACE_BOUND('',#5837,.F.);
#5837 = EDGE_LOOP('',(#5838,#5839,#5848,#5856));
#5838 = ORIENTED_EDGE('',*,*,#5569,.T.);
#5839 = ORIENTED_EDGE('',*,*,#5840,.T.);
#5840 = EDGE_CURVE('',#5562,#5841,#5843,.T.);
#5841 = VERTEX_POINT('',#5842);
#5842 = CARTESIAN_POINT('',(0.8,-0.2,0.475));
#5843 = CIRCLE('',#5844,0.1);
#5844 = AXIS2_PLACEMENT_3D('',#5845,#5846,#5847);
#5845 = CARTESIAN_POINT('',(0.7,-0.2,0.475));
#5846 = DIRECTION('',(-2.22044604925E-16,1.,0.));
#5847 = DIRECTION('',(1.110223024625E-15,2.465190328815E-31,1.));
#5848 = ORIENTED_EDGE('',*,*,#5849,.F.);
#5849 = EDGE_CURVE('',#5850,#5841,#5852,.T.);
#5850 = VERTEX_POINT('',#5851);
#5851 = CARTESIAN_POINT('',(0.8,0.2,0.475));
#5852 = LINE('',#5853,#5854);
#5853 = CARTESIAN_POINT('',(0.8,0.2,0.475));
#5854 = VECTOR('',#5855,1.);
#5855 = DIRECTION('',(2.22044604925E-16,-1.,0.));
#5856 = ORIENTED_EDGE('',*,*,#5857,.F.);
#5857 = EDGE_CURVE('',#5570,#5850,#5858,.T.);
#5858 = CIRCLE('',#5859,0.1);
#5859 = AXIS2_PLACEMENT_3D('',#5860,#5861,#5862);
#5860 = CARTESIAN_POINT('',(0.7,0.2,0.475));
#5861 = DIRECTION('',(-2.22044604925E-16,1.,0.));
#5862 = DIRECTION('',(1.110223024625E-15,2.465190328815E-31,1.));
#5863 = CYLINDRICAL_SURFACE('',#5864,0.1);
#5864 = AXIS2_PLACEMENT_3D('',#5865,#5866,#5867);
#5865 = CARTESIAN_POINT('',(0.7,0.2,0.475));
#5866 = DIRECTION('',(-2.22044604925E-16,1.,0.));
#5867 = DIRECTION('',(1.110223024625E-15,2.465190328815E-31,1.));
#5868 = ADVANCED_FACE('',(#5869),#5886,.F.);
#5869 = FACE_BOUND('',#5870,.F.);
#5870 = EDGE_LOOP('',(#5871,#5872,#5879,#5885));
#5871 = ORIENTED_EDGE('',*,*,#5600,.T.);
#5872 = ORIENTED_EDGE('',*,*,#5873,.T.);
#5873 = EDGE_CURVE('',#5594,#5874,#5876,.T.);
#5874 = VERTEX_POINT('',#5875);
#5875 = CARTESIAN_POINT('',(0.605,-1.5,0.725));
#5876 = B_SPLINE_CURVE_WITH_KNOTS('',1,(#5877,#5878),.UNSPECIFIED.,.F.,
  .F.,(2,2),(0.,1.),.PIECEWISE_BEZIER_KNOTS.);
#5877 = CARTESIAN_POINT('',(0.605,-1.5,0.575));
#5878 = CARTESIAN_POINT('',(0.605,-1.5,0.725));
#5879 = ORIENTED_EDGE('',*,*,#5880,.F.);
#5880 = EDGE_CURVE('',#5819,#5874,#5881,.T.);
#5881 = LINE('',#5882,#5883);
#5882 = CARTESIAN_POINT('',(0.7,-1.405,0.725));
#5883 = VECTOR('',#5884,1.);
#5884 = DIRECTION('',(-0.707106781187,-0.707106781187,0.));
#5885 = ORIENTED_EDGE('',*,*,#5818,.F.);
#5886 = PLANE('',#5887);
#5887 = AXIS2_PLACEMENT_3D('',#5888,#5889,#5890);
#5888 = CARTESIAN_POINT('',(0.7,-1.405,0.725));
#5889 = DIRECTION('',(-0.707106781187,0.707106781187,0.));
#5890 = DIRECTION('',(-0.707106781187,-0.707106781187,0.));
#5891 = ADVANCED_FACE('',(#5892),#5909,.F.);
#5892 = FACE_BOUND('',#5893,.F.);
#5893 = EDGE_LOOP('',(#5894,#5895,#5902,#5908));
#5894 = ORIENTED_EDGE('',*,*,#5623,.T.);
#5895 = ORIENTED_EDGE('',*,*,#5896,.T.);
#5896 = EDGE_CURVE('',#5617,#5897,#5899,.T.);
#5897 = VERTEX_POINT('',#5898);
#5898 = CARTESIAN_POINT('',(-0.605,-1.5,0.725));
#5899 = B_SPLINE_CURVE_WITH_KNOTS('',1,(#5900,#5901),.UNSPECIFIED.,.F.,
  .F.,(2,2),(0.,1.),.PIECEWISE_BEZIER_KNOTS.);
#5900 = CARTESIAN_POINT('',(-0.605,-1.5,0.575));
#5901 = CARTESIAN_POINT('',(-0.605,-1.5,0.725));
#5902 = ORIENTED_EDGE('',*,*,#5903,.F.);
#5903 = EDGE_CURVE('',#5874,#5897,#5904,.T.);
#5904 = LINE('',#5905,#5906);
#5905 = CARTESIAN_POINT('',(0.605,-1.5,0.725));
#5906 = VECTOR('',#5907,1.);
#5907 = DIRECTION('',(-1.,-2.22044604925E-16,0.));
#5908 = ORIENTED_EDGE('',*,*,#5873,.F.);
#5909 = PLANE('',#5910);
#5910 = AXIS2_PLACEMENT_3D('',#5911,#5912,#5913);
#5911 = CARTESIAN_POINT('',(0.605,-1.5,0.725));
#5912 = DIRECTION('',(-2.22044604925E-16,1.,0.));
#5913 = DIRECTION('',(-1.,-2.22044604925E-16,0.));
#5914 = ADVANCED_FACE('',(#5915),#5932,.F.);
#5915 = FACE_BOUND('',#5916,.F.);
#5916 = EDGE_LOOP('',(#5917,#5918,#5925,#5931));
#5917 = ORIENTED_EDGE('',*,*,#5646,.T.);
#5918 = ORIENTED_EDGE('',*,*,#5919,.T.);
#5919 = EDGE_CURVE('',#5640,#5920,#5922,.T.);
#5920 = VERTEX_POINT('',#5921);
#5921 = CARTESIAN_POINT('',(-0.7,-1.405,0.725));
#5922 = B_SPLINE_CURVE_WITH_KNOTS('',1,(#5923,#5924),.UNSPECIFIED.,.F.,
  .F.,(2,2),(0.,1.),.PIECEWISE_BEZIER_KNOTS.);
#5923 = CARTESIAN_POINT('',(-0.7,-1.405,0.575));
#5924 = CARTESIAN_POINT('',(-0.7,-1.405,0.725));
#5925 = ORIENTED_EDGE('',*,*,#5926,.F.);
#5926 = EDGE_CURVE('',#5897,#5920,#5927,.T.);
#5927 = LINE('',#5928,#5929);
#5928 = CARTESIAN_POINT('',(-0.605,-1.5,0.725));
#5929 = VECTOR('',#5930,1.);
#5930 = DIRECTION('',(-0.707106781187,0.707106781187,0.));
#5931 = ORIENTED_EDGE('',*,*,#5896,.F.);
#5932 = PLANE('',#5933);
#5933 = AXIS2_PLACEMENT_3D('',#5934,#5935,#5936);
#5934 = CARTESIAN_POINT('',(-0.605,-1.5,0.725));
#5935 = DIRECTION('',(0.707106781187,0.707106781187,0.));
#5936 = DIRECTION('',(-0.707106781187,0.707106781187,0.));
#5937 = ADVANCED_FACE('',(#5938),#5956,.F.);
#5938 = FACE_BOUND('',#5939,.F.);
#5939 = EDGE_LOOP('',(#5940,#5941,#5942,#5950));
#5940 = ORIENTED_EDGE('',*,*,#5919,.F.);
#5941 = ORIENTED_EDGE('',*,*,#5695,.T.);
#5942 = ORIENTED_EDGE('',*,*,#5943,.T.);
#5943 = EDGE_CURVE('',#5688,#5944,#5946,.T.);
#5944 = VERTEX_POINT('',#5945);
#5945 = CARTESIAN_POINT('',(-0.7,-1.15,0.725));
#5946 = LINE('',#5947,#5948);
#5947 = CARTESIAN_POINT('',(-0.7,-1.15,0.525297170697));
#5948 = VECTOR('',#5949,1.);
#5949 = DIRECTION('',(0.,0.,1.));
#5950 = ORIENTED_EDGE('',*,*,#5951,.F.);
#5951 = EDGE_CURVE('',#5920,#5944,#5952,.T.);
#5952 = LINE('',#5953,#5954);
#5953 = CARTESIAN_POINT('',(-0.7,-1.405,0.725));
#5954 = VECTOR('',#5955,1.);
#5955 = DIRECTION('',(-2.22044604925E-16,1.,0.));
#5956 = PLANE('',#5957);
#5957 = AXIS2_PLACEMENT_3D('',#5958,#5959,#5960);
#5958 = CARTESIAN_POINT('',(-0.7,-1.405,0.725));
#5959 = DIRECTION('',(1.,2.22044604925E-16,0.));
#5960 = DIRECTION('',(-2.22044604925E-16,1.,0.));
#5961 = ADVANCED_FACE('',(#5962),#5980,.F.);
#5962 = FACE_BOUND('',#5963,.F.);
#5963 = EDGE_LOOP('',(#5964,#5972,#5973,#5974));
#5964 = ORIENTED_EDGE('',*,*,#5965,.F.);
#5965 = EDGE_CURVE('',#5664,#5966,#5968,.T.);
#5966 = VERTEX_POINT('',#5967);
#5967 = CARTESIAN_POINT('',(-0.7,1.15,0.725));
#5968 = LINE('',#5969,#5970);
#5969 = CARTESIAN_POINT('',(-0.7,1.15,0.525297170697));
#5970 = VECTOR('',#5971,1.);
#5971 = DIRECTION('',(0.,0.,1.));
#5972 = ORIENTED_EDGE('',*,*,#5663,.T.);
#5973 = ORIENTED_EDGE('',*,*,#5772,.T.);
#5974 = ORIENTED_EDGE('',*,*,#5975,.F.);
#5975 = EDGE_CURVE('',#5966,#5765,#5976,.T.);
#5976 = LINE('',#5977,#5978);
#5977 = CARTESIAN_POINT('',(-0.7,-1.405,0.725));
#5978 = VECTOR('',#5979,1.);
#5979 = DIRECTION('',(-2.22044604925E-16,1.,0.));
#5980 = PLANE('',#5981);
#5981 = AXIS2_PLACEMENT_3D('',#5982,#5983,#5984);
#5982 = CARTESIAN_POINT('',(-0.7,-1.405,0.725));
#5983 = DIRECTION('',(1.,2.22044604925E-16,0.));
#5984 = DIRECTION('',(-2.22044604925E-16,1.,0.));
#5985 = ADVANCED_FACE('',(#5986),#6013,.F.);
#5986 = FACE_BOUND('',#5987,.F.);
#5987 = EDGE_LOOP('',(#5988,#5989,#5998,#6006));
#5988 = ORIENTED_EDGE('',*,*,#5687,.T.);
#5989 = ORIENTED_EDGE('',*,*,#5990,.T.);
#5990 = EDGE_CURVE('',#5680,#5991,#5993,.T.);
#5991 = VERTEX_POINT('',#5992);
#5992 = CARTESIAN_POINT('',(-0.8,-0.75,0.475));
#5993 = CIRCLE('',#5994,0.1);
#5994 = AXIS2_PLACEMENT_3D('',#5995,#5996,#5997);
#5995 = CARTESIAN_POINT('',(-0.7,-0.75,0.475));
#5996 = DIRECTION('',(9.95799250103E-17,-1.,0.));
#5997 = DIRECTION('',(-1.110223024625E-15,-1.105559255369E-31,1.));
#5998 = ORIENTED_EDGE('',*,*,#5999,.F.);
#5999 = EDGE_CURVE('',#6000,#5991,#6002,.T.);
#6000 = VERTEX_POINT('',#6001);
#6001 = CARTESIAN_POINT('',(-0.8,-1.15,0.475));
#6002 = LINE('',#6003,#6004);
#6003 = CARTESIAN_POINT('',(-0.8,-1.15,0.475));
#6004 = VECTOR('',#6005,1.);
#6005 = DIRECTION('',(-9.95799250103E-17,1.,0.));
#6006 = ORIENTED_EDGE('',*,*,#6007,.F.);
#6007 = EDGE_CURVE('',#5688,#6000,#6008,.T.);
#6008 = CIRCLE('',#6009,0.1);
#6009 = AXIS2_PLACEMENT_3D('',#6010,#6011,#6012);
#6010 = CARTESIAN_POINT('',(-0.7,-1.15,0.475));
#6011 = DIRECTION('',(9.95799250103E-17,-1.,0.));
#6012 = DIRECTION('',(-1.110223024625E-15,-1.105559255369E-31,1.));
#6013 = CYLINDRICAL_SURFACE('',#6014,0.1);
#6014 = AXIS2_PLACEMENT_3D('',#6015,#6016,#6017);
#6015 = CARTESIAN_POINT('',(-0.7,-1.15,0.475));
#6016 = DIRECTION('',(9.95799250103E-17,-1.,0.));
#6017 = DIRECTION('',(-1.110223024625E-15,-1.105559255369E-31,1.));
#6018 = ADVANCED_FACE('',(#6019),#6046,.F.);
#6019 = FACE_BOUND('',#6020,.F.);
#6020 = EDGE_LOOP('',(#6021,#6022,#6031,#6039));
#6021 = ORIENTED_EDGE('',*,*,#5671,.T.);
#6022 = ORIENTED_EDGE('',*,*,#6023,.T.);
#6023 = EDGE_CURVE('',#5664,#6024,#6026,.T.);
#6024 = VERTEX_POINT('',#6025);
#6025 = CARTESIAN_POINT('',(-0.8,1.15,0.475));
#6026 = CIRCLE('',#6027,0.1);
#6027 = AXIS2_PLACEMENT_3D('',#6028,#6029,#6030);
#6028 = CARTESIAN_POINT('',(-0.7,1.15,0.475));
#6029 = DIRECTION('',(9.95799250103E-17,-1.,0.));
#6030 = DIRECTION('',(-1.110223024625E-15,-1.105559255369E-31,1.));
#6031 = ORIENTED_EDGE('',*,*,#6032,.F.);
#6032 = EDGE_CURVE('',#6033,#6024,#6035,.T.);
#6033 = VERTEX_POINT('',#6034);
#6034 = CARTESIAN_POINT('',(-0.8,0.75,0.475));
#6035 = LINE('',#6036,#6037);
#6036 = CARTESIAN_POINT('',(-0.8,0.75,0.475));
#6037 = VECTOR('',#6038,1.);
#6038 = DIRECTION('',(-9.95799250103E-17,1.,0.));
#6039 = ORIENTED_EDGE('',*,*,#6040,.F.);
#6040 = EDGE_CURVE('',#5672,#6033,#6041,.T.);
#6041 = CIRCLE('',#6042,0.1);
#6042 = AXIS2_PLACEMENT_3D('',#6043,#6044,#6045);
#6043 = CARTESIAN_POINT('',(-0.7,0.75,0.475));
#6044 = DIRECTION('',(9.95799250103E-17,-1.,0.));
#6045 = DIRECTION('',(-1.110223024625E-15,-1.105559255369E-31,1.));
#6046 = CYLINDRICAL_SURFACE('',#6047,0.1);
#6047 = AXIS2_PLACEMENT_3D('',#6048,#6049,#6050);
#6048 = CARTESIAN_POINT('',(-0.7,0.75,0.475));
#6049 = DIRECTION('',(9.95799250103E-17,-1.,0.));
#6050 = DIRECTION('',(-1.110223024625E-15,-1.105559255369E-31,1.));
#6051 = ADVANCED_FACE('',(#6052),#6077,.F.);
#6052 = FACE_BOUND('',#6053,.F.);
#6053 = EDGE_LOOP('',(#6054,#6062,#6063,#6071));
#6054 = ORIENTED_EDGE('',*,*,#6055,.F.);
#6055 = EDGE_CURVE('',#5680,#6056,#6058,.T.);
#6056 = VERTEX_POINT('',#6057);
#6057 = CARTESIAN_POINT('',(-0.7,-0.75,0.725));
#6058 = LINE('',#6059,#6060);
#6059 = CARTESIAN_POINT('',(-0.7,-0.75,0.525297170697));
#6060 = VECTOR('',#6061,1.);
#6061 = DIRECTION('',(0.,0.,1.));
#6062 = ORIENTED_EDGE('',*,*,#5679,.T.);
#6063 = ORIENTED_EDGE('',*,*,#6064,.T.);
#6064 = EDGE_CURVE('',#5672,#6065,#6067,.T.);
#6065 = VERTEX_POINT('',#6066);
#6066 = CARTESIAN_POINT('',(-0.7,0.75,0.725));
#6067 = LINE('',#6068,#6069);
#6068 = CARTESIAN_POINT('',(-0.7,0.75,0.525297170697));
#6069 = VECTOR('',#6070,1.);
#6070 = DIRECTION('',(0.,0.,1.));
#6071 = ORIENTED_EDGE('',*,*,#6072,.F.);
#6072 = EDGE_CURVE('',#6056,#6065,#6073,.T.);
#6073 = LINE('',#6074,#6075);
#6074 = CARTESIAN_POINT('',(-0.7,-1.405,0.725));
#6075 = VECTOR('',#6076,1.);
#6076 = DIRECTION('',(-2.22044604925E-16,1.,0.));
#6077 = PLANE('',#6078);
#6078 = AXIS2_PLACEMENT_3D('',#6079,#6080,#6081);
#6079 = CARTESIAN_POINT('',(-0.7,-1.405,0.725));
#6080 = DIRECTION('',(1.,2.22044604925E-16,0.));
#6081 = DIRECTION('',(-2.22044604925E-16,1.,0.));
#6082 = ADVANCED_FACE('',(#6083),#6100,.F.);
#6083 = FACE_BOUND('',#6084,.F.);
#6084 = EDGE_LOOP('',(#6085,#6086,#6093,#6099));
#6085 = ORIENTED_EDGE('',*,*,#5718,.T.);
#6086 = ORIENTED_EDGE('',*,*,#6087,.T.);
#6087 = EDGE_CURVE('',#5712,#6088,#6090,.T.);
#6088 = VERTEX_POINT('',#6089);
#6089 = CARTESIAN_POINT('',(0.675,1.3925,0.725));
#6090 = B_SPLINE_CURVE_WITH_KNOTS('',1,(#6091,#6092),.UNSPECIFIED.,.F.,
  .F.,(2,2),(0.,1.),.PIECEWISE_BEZIER_KNOTS.);
#6091 = CARTESIAN_POINT('',(0.7,1.405,0.725));
#6092 = CARTESIAN_POINT('',(0.675,1.3925,0.725));
#6093 = ORIENTED_EDGE('',*,*,#6094,.F.);
#6094 = EDGE_CURVE('',#5735,#6088,#6095,.T.);
#6095 = LINE('',#6096,#6097);
#6096 = CARTESIAN_POINT('',(0.5925,1.475,0.725));
#6097 = VECTOR('',#6098,1.);
#6098 = DIRECTION('',(0.707106781187,-0.707106781187,0.));
#6099 = ORIENTED_EDGE('',*,*,#5734,.F.);
#6100 = B_SPLINE_SURFACE_WITH_KNOTS('',1,1,(
    (#6101,#6102)
    ,(#6103,#6104
    )),.UNSPECIFIED.,.F.,.F.,.F.,(2,2),(2,2),(0.,0.134350288425),(0.,1.)
  ,.PIECEWISE_BEZIER_KNOTS.);
#6101 = CARTESIAN_POINT('',(0.605,1.5,0.725));
#6102 = CARTESIAN_POINT('',(0.5925,1.475,0.725));
#6103 = CARTESIAN_POINT('',(0.7,1.405,0.725));
#6104 = CARTESIAN_POINT('',(0.675,1.3925,0.725));
#6105 = ADVANCED_FACE('',(#6106),#6129,.F.);
#6106 = FACE_BOUND('',#6107,.F.);
#6107 = EDGE_LOOP('',(#6108,#6109,#6116,#6124));
#6108 = ORIENTED_EDGE('',*,*,#5741,.T.);
#6109 = ORIENTED_EDGE('',*,*,#6110,.T.);
#6110 = EDGE_CURVE('',#5735,#6111,#6113,.T.);
#6111 = VERTEX_POINT('',#6112);
#6112 = CARTESIAN_POINT('',(0.559121551758,1.408243103516,1.2));
#6113 = B_SPLINE_CURVE_WITH_KNOTS('',1,(#6114,#6115),.UNSPECIFIED.,.F.,
  .F.,(2,2),(0.,1.),.PIECEWISE_BEZIER_KNOTS.);
#6114 = CARTESIAN_POINT('',(0.5925,1.475,0.725));
#6115 = CARTESIAN_POINT('',(0.559121551758,1.408243103516,1.2));
#6116 = ORIENTED_EDGE('',*,*,#6117,.F.);
#6117 = EDGE_CURVE('',#6118,#6111,#6120,.T.);
#6118 = VERTEX_POINT('',#6119);
#6119 = CARTESIAN_POINT('',(-0.559121551758,1.408243103516,1.2));
#6120 = LINE('',#6121,#6122);
#6121 = CARTESIAN_POINT('',(-0.559121551758,1.408243103516,1.2));
#6122 = VECTOR('',#6123,1.);
#6123 = DIRECTION('',(1.,2.22044604925E-16,0.));
#6124 = ORIENTED_EDGE('',*,*,#6125,.F.);
#6125 = EDGE_CURVE('',#5742,#6118,#6126,.T.);
#6126 = B_SPLINE_CURVE_WITH_KNOTS('',1,(#6127,#6128),.UNSPECIFIED.,.F.,
  .F.,(2,2),(0.,1.),.PIECEWISE_BEZIER_KNOTS.);
#6127 = CARTESIAN_POINT('',(-0.5925,1.475,0.725));
#6128 = CARTESIAN_POINT('',(-0.559121551758,1.408243103516,1.2));
#6129 = B_SPLINE_SURFACE_WITH_KNOTS('',1,1,(
    (#6130,#6131)
    ,(#6132,#6133
    )),.UNSPECIFIED.,.F.,.F.,.F.,(2,2),(2,2),(0.,1.185),(0.,1.),
  .PIECEWISE_BEZIER_KNOTS.);
#6130 = CARTESIAN_POINT('',(-0.5925,1.475,0.725));
#6131 = CARTESIAN_POINT('',(-0.559121551758,1.408243103516,1.2));
#6132 = CARTESIAN_POINT('',(0.5925,1.475,0.725));
#6133 = CARTESIAN_POINT('',(0.559121551758,1.408243103516,1.2));
#6134 = ADVANCED_FACE('',(#6135),#6152,.F.);
#6135 = FACE_BOUND('',#6136,.F.);
#6136 = EDGE_LOOP('',(#6137,#6138,#6139,#6147));
#6137 = ORIENTED_EDGE('',*,*,#5764,.T.);
#6138 = ORIENTED_EDGE('',*,*,#5749,.T.);
#6139 = ORIENTED_EDGE('',*,*,#6140,.F.);
#6140 = EDGE_CURVE('',#6141,#5742,#6143,.T.);
#6141 = VERTEX_POINT('',#6142);
#6142 = CARTESIAN_POINT('',(-0.675,1.3925,0.725));
#6143 = LINE('',#6144,#6145);
#6144 = CARTESIAN_POINT('',(-0.675,1.3925,0.725));
#6145 = VECTOR('',#6146,1.);
#6146 = DIRECTION('',(0.707106781187,0.707106781187,0.));
#6147 = ORIENTED_EDGE('',*,*,#6148,.F.);
#6148 = EDGE_CURVE('',#5765,#6141,#6149,.T.);
#6149 = B_SPLINE_CURVE_WITH_KNOTS('',1,(#6150,#6151),.UNSPECIFIED.,.F.,
  .F.,(2,2),(0.,1.),.PIECEWISE_BEZIER_KNOTS.);
#6150 = CARTESIAN_POINT('',(-0.7,1.405,0.725));
#6151 = CARTESIAN_POINT('',(-0.675,1.3925,0.725));
#6152 = B_SPLINE_SURFACE_WITH_KNOTS('',1,1,(
    (#6153,#6154)
    ,(#6155,#6156
    )),.UNSPECIFIED.,.F.,.F.,.F.,(2,2),(2,2),(0.,0.134350288425),(0.,1.)
  ,.PIECEWISE_BEZIER_KNOTS.);
#6153 = CARTESIAN_POINT('',(-0.7,1.405,0.725));
#6154 = CARTESIAN_POINT('',(-0.675,1.3925,0.725));
#6155 = CARTESIAN_POINT('',(-0.605,1.5,0.725));
#6156 = CARTESIAN_POINT('',(-0.5925,1.475,0.725));
#6157 = ADVANCED_FACE('',(#6158),#6176,.F.);
#6158 = FACE_BOUND('',#6159,.F.);
#6159 = EDGE_LOOP('',(#6160,#6161,#6162,#6170));
#6160 = ORIENTED_EDGE('',*,*,#6087,.F.);
#6161 = ORIENTED_EDGE('',*,*,#5795,.T.);
#6162 = ORIENTED_EDGE('',*,*,#6163,.T.);
#6163 = EDGE_CURVE('',#5788,#6164,#6166,.T.);
#6164 = VERTEX_POINT('',#6165);
#6165 = CARTESIAN_POINT('',(0.675,0.2,0.725));
#6166 = LINE('',#6167,#6168);
#6167 = CARTESIAN_POINT('',(0.7,0.2,0.725));
#6168 = VECTOR('',#6169,1.);
#6169 = DIRECTION('',(-1.,-2.22044604925E-16,0.));
#6170 = ORIENTED_EDGE('',*,*,#6171,.F.);
#6171 = EDGE_CURVE('',#6088,#6164,#6172,.T.);
#6172 = LINE('',#6173,#6174);
#6173 = CARTESIAN_POINT('',(0.675,1.3925,0.725));
#6174 = VECTOR('',#6175,1.);
#6175 = DIRECTION('',(2.22044604925E-16,-1.,0.));
#6176 = B_SPLINE_SURFACE_WITH_KNOTS('',1,1,(
    (#6177,#6178)
    ,(#6179,#6180
    )),.UNSPECIFIED.,.F.,.F.,.F.,(2,2),(2,2),(0.,2.81),(0.,1.),
  .PIECEWISE_BEZIER_KNOTS.);
#6177 = CARTESIAN_POINT('',(0.7,1.405,0.725));
#6178 = CARTESIAN_POINT('',(0.675,1.3925,0.725));
#6179 = CARTESIAN_POINT('',(0.7,-1.405,0.725));
#6180 = CARTESIAN_POINT('',(0.675,-1.3925,0.725));
#6181 = ADVANCED_FACE('',(#6182),#6251,.F.);
#6182 = FACE_BOUND('',#6183,.F.);
#6183 = EDGE_LOOP('',(#6184,#6185,#6186,#6194,#6203,#6211,#6219,#6227,
    #6236,#6244));
#6184 = ORIENTED_EDGE('',*,*,#5787,.F.);
#6185 = ORIENTED_EDGE('',*,*,#5857,.T.);
#6186 = ORIENTED_EDGE('',*,*,#6187,.T.);
#6187 = EDGE_CURVE('',#5850,#6188,#6190,.T.);
#6188 = VERTEX_POINT('',#6189);
#6189 = CARTESIAN_POINT('',(0.8,0.2,0.25));
#6190 = LINE('',#6191,#6192);
#6191 = CARTESIAN_POINT('',(0.8,0.2,0.475));
#6192 = VECTOR('',#6193,1.);
#6193 = DIRECTION('',(0.,0.,-1.));
#6194 = ORIENTED_EDGE('',*,*,#6195,.T.);
#6195 = EDGE_CURVE('',#6188,#6196,#6198,.T.);
#6196 = VERTEX_POINT('',#6197);
#6197 = CARTESIAN_POINT('',(1.05,0.2,0.));
#6198 = CIRCLE('',#6199,0.25);
#6199 = AXIS2_PLACEMENT_3D('',#6200,#6201,#6202);
#6200 = CARTESIAN_POINT('',(1.05,0.2,0.25));
#6201 = DIRECTION('',(2.22044604925E-16,-1.,0.));
#6202 = DIRECTION('',(-1.,-2.22044604925E-16,-4.440892098501E-16));
#6203 = ORIENTED_EDGE('',*,*,#6204,.T.);
#6204 = EDGE_CURVE('',#6196,#6205,#6207,.T.);
#6205 = VERTEX_POINT('',#6206);
#6206 = CARTESIAN_POINT('',(1.25,0.2,0.));
#6207 = LINE('',#6208,#6209);
#6208 = CARTESIAN_POINT('',(1.05,0.2,0.));
#6209 = VECTOR('',#6210,1.);
#6210 = DIRECTION('',(1.,2.22044604925E-16,0.));
#6211 = ORIENTED_EDGE('',*,*,#6212,.T.);
#6212 = EDGE_CURVE('',#6205,#6213,#6215,.T.);
#6213 = VERTEX_POINT('',#6214);
#6214 = CARTESIAN_POINT('',(1.25,0.2,0.15));
#6215 = LINE('',#6216,#6217);
#6216 = CARTESIAN_POINT('',(1.25,0.2,0.));
#6217 = VECTOR('',#6218,1.);
#6218 = DIRECTION('',(0.,0.,1.));
#6219 = ORIENTED_EDGE('',*,*,#6220,.T.);
#6220 = EDGE_CURVE('',#6213,#6221,#6223,.T.);
#6221 = VERTEX_POINT('',#6222);
#6222 = CARTESIAN_POINT('',(1.05,0.2,0.15));
#6223 = LINE('',#6224,#6225);
#6224 = CARTESIAN_POINT('',(1.25,0.2,0.15));
#6225 = VECTOR('',#6226,1.);
#6226 = DIRECTION('',(-1.,-2.22044604925E-16,0.));
#6227 = ORIENTED_EDGE('',*,*,#6228,.T.);
#6228 = EDGE_CURVE('',#6221,#6229,#6231,.T.);
#6229 = VERTEX_POINT('',#6230);
#6230 = CARTESIAN_POINT('',(0.95,0.2,0.25));
#6231 = CIRCLE('',#6232,0.1);
#6232 = AXIS2_PLACEMENT_3D('',#6233,#6234,#6235);
#6233 = CARTESIAN_POINT('',(1.05,0.2,0.25));
#6234 = DIRECTION('',(-2.22044604925E-16,1.,0.));
#6235 = DIRECTION('',(-2.22044604925E-15,-4.93038065763E-31,-1.));
#6236 = ORIENTED_EDGE('',*,*,#6237,.T.);
#6237 = EDGE_CURVE('',#6229,#6238,#6240,.T.);
#6238 = VERTEX_POINT('',#6239);
#6239 = CARTESIAN_POINT('',(0.95,0.2,0.475));
#6240 = LINE('',#6241,#6242);
#6241 = CARTESIAN_POINT('',(0.95,0.2,0.25));
#6242 = VECTOR('',#6243,1.);
#6243 = DIRECTION('',(0.,0.,1.));
#6244 = ORIENTED_EDGE('',*,*,#6245,.T.);
#6245 = EDGE_CURVE('',#6238,#5788,#6246,.T.);
#6246 = CIRCLE('',#6247,0.25);
#6247 = AXIS2_PLACEMENT_3D('',#6248,#6249,#6250);
#6248 = CARTESIAN_POINT('',(0.7,0.2,0.475));
#6249 = DIRECTION('',(2.22044604925E-16,-1.,0.));
#6250 = DIRECTION('',(1.,2.22044604925E-16,0.));
#6251 = PLANE('',#6252);
#6252 = AXIS2_PLACEMENT_3D('',#6253,#6254,#6255);
#6253 = CARTESIAN_POINT('',(0.923137815574,0.2,0.325594341393));
#6254 = DIRECTION('',(2.22044604925E-16,-1.,0.));
#6255 = DIRECTION('',(0.,0.,1.));
#6256 = ADVANCED_FACE('',(#6257),#6326,.T.);
#6257 = FACE_BOUND('',#6258,.T.);
#6258 = EDGE_LOOP('',(#6259,#6260,#6261,#6269,#6278,#6286,#6294,#6302,
    #6311,#6319));
#6259 = ORIENTED_EDGE('',*,*,#5809,.F.);
#6260 = ORIENTED_EDGE('',*,*,#5840,.T.);
#6261 = ORIENTED_EDGE('',*,*,#6262,.T.);
#6262 = EDGE_CURVE('',#5841,#6263,#6265,.T.);
#6263 = VERTEX_POINT('',#6264);
#6264 = CARTESIAN_POINT('',(0.8,-0.2,0.25));
#6265 = LINE('',#6266,#6267);
#6266 = CARTESIAN_POINT('',(0.8,-0.2,0.475));
#6267 = VECTOR('',#6268,1.);
#6268 = DIRECTION('',(0.,0.,-1.));
#6269 = ORIENTED_EDGE('',*,*,#6270,.T.);
#6270 = EDGE_CURVE('',#6263,#6271,#6273,.T.);
#6271 = VERTEX_POINT('',#6272);
#6272 = CARTESIAN_POINT('',(1.05,-0.2,0.));
#6273 = CIRCLE('',#6274,0.25);
#6274 = AXIS2_PLACEMENT_3D('',#6275,#6276,#6277);
#6275 = CARTESIAN_POINT('',(1.05,-0.2,0.25));
#6276 = DIRECTION('',(2.22044604925E-16,-1.,0.));
#6277 = DIRECTION('',(-1.,-2.22044604925E-16,-4.440892098501E-16));
#6278 = ORIENTED_EDGE('',*,*,#6279,.T.);
#6279 = EDGE_CURVE('',#6271,#6280,#6282,.T.);
#6280 = VERTEX_POINT('',#6281);
#6281 = CARTESIAN_POINT('',(1.25,-0.2,0.));
#6282 = LINE('',#6283,#6284);
#6283 = CARTESIAN_POINT('',(1.05,-0.2,0.));
#6284 = VECTOR('',#6285,1.);
#6285 = DIRECTION('',(1.,2.22044604925E-16,0.));
#6286 = ORIENTED_EDGE('',*,*,#6287,.T.);
#6287 = EDGE_CURVE('',#6280,#6288,#6290,.T.);
#6288 = VERTEX_POINT('',#6289);
#6289 = CARTESIAN_POINT('',(1.25,-0.2,0.15));
#6290 = LINE('',#6291,#6292);
#6291 = CARTESIAN_POINT('',(1.25,-0.2,0.));
#6292 = VECTOR('',#6293,1.);
#6293 = DIRECTION('',(0.,0.,1.));
#6294 = ORIENTED_EDGE('',*,*,#6295,.T.);
#6295 = EDGE_CURVE('',#6288,#6296,#6298,.T.);
#6296 = VERTEX_POINT('',#6297);
#6297 = CARTESIAN_POINT('',(1.05,-0.2,0.15));
#6298 = LINE('',#6299,#6300);
#6299 = CARTESIAN_POINT('',(1.25,-0.2,0.15));
#6300 = VECTOR('',#6301,1.);
#6301 = DIRECTION('',(-1.,-2.22044604925E-16,0.));
#6302 = ORIENTED_EDGE('',*,*,#6303,.T.);
#6303 = EDGE_CURVE('',#6296,#6304,#6306,.T.);
#6304 = VERTEX_POINT('',#6305);
#6305 = CARTESIAN_POINT('',(0.95,-0.2,0.25));
#6306 = CIRCLE('',#6307,0.1);
#6307 = AXIS2_PLACEMENT_3D('',#6308,#6309,#6310);
#6308 = CARTESIAN_POINT('',(1.05,-0.2,0.25));
#6309 = DIRECTION('',(-2.22044604925E-16,1.,0.));
#6310 = DIRECTION('',(-2.22044604925E-15,-4.93038065763E-31,-1.));
#6311 = ORIENTED_EDGE('',*,*,#6312,.T.);
#6312 = EDGE_CURVE('',#6304,#6313,#6315,.T.);
#6313 = VERTEX_POINT('',#6314);
#6314 = CARTESIAN_POINT('',(0.95,-0.2,0.475));
#6315 = LINE('',#6316,#6317);
#6316 = CARTESIAN_POINT('',(0.95,-0.2,0.25));
#6317 = VECTOR('',#6318,1.);
#6318 = DIRECTION('',(0.,0.,1.));
#6319 = ORIENTED_EDGE('',*,*,#6320,.T.);
#6320 = EDGE_CURVE('',#6313,#5810,#6321,.T.);
#6321 = CIRCLE('',#6322,0.25);
#6322 = AXIS2_PLACEMENT_3D('',#6323,#6324,#6325);
#6323 = CARTESIAN_POINT('',(0.7,-0.2,0.475));
#6324 = DIRECTION('',(2.22044604925E-16,-1.,0.));
#6325 = DIRECTION('',(1.,2.22044604925E-16,0.));
#6326 = PLANE('',#6327);
#6327 = AXIS2_PLACEMENT_3D('',#6328,#6329,#6330);
#6328 = CARTESIAN_POINT('',(0.923137815574,-0.2,0.325594341393));
#6329 = DIRECTION('',(2.22044604925E-16,-1.,0.));
#6330 = DIRECTION('',(0.,0.,1.));
#6331 = ADVANCED_FACE('',(#6332),#6356,.F.);
#6332 = FACE_BOUND('',#6333,.F.);
#6333 = EDGE_LOOP('',(#6334,#6342,#6343,#6350));
#6334 = ORIENTED_EDGE('',*,*,#6335,.F.);
#6335 = EDGE_CURVE('',#5810,#6336,#6338,.T.);
#6336 = VERTEX_POINT('',#6337);
#6337 = CARTESIAN_POINT('',(0.675,-0.2,0.725));
#6338 = LINE('',#6339,#6340);
#6339 = CARTESIAN_POINT('',(0.7,-0.2,0.725));
#6340 = VECTOR('',#6341,1.);
#6341 = DIRECTION('',(-1.,-2.22044604925E-16,0.));
#6342 = ORIENTED_EDGE('',*,*,#5825,.T.);
#6343 = ORIENTED_EDGE('',*,*,#6344,.T.);
#6344 = EDGE_CURVE('',#5819,#6345,#6347,.T.);
#6345 = VERTEX_POINT('',#6346);
#6346 = CARTESIAN_POINT('',(0.675,-1.3925,0.725));
#6347 = B_SPLINE_CURVE_WITH_KNOTS('',1,(#6348,#6349),.UNSPECIFIED.,.F.,
  .F.,(2,2),(0.,1.),.PIECEWISE_BEZIER_KNOTS.);
#6348 = CARTESIAN_POINT('',(0.7,-1.405,0.725));
#6349 = CARTESIAN_POINT('',(0.675,-1.3925,0.725));
#6350 = ORIENTED_EDGE('',*,*,#6351,.F.);
#6351 = EDGE_CURVE('',#6336,#6345,#6352,.T.);
#6352 = LINE('',#6353,#6354);
#6353 = CARTESIAN_POINT('',(0.675,1.3925,0.725));
#6354 = VECTOR('',#6355,1.);
#6355 = DIRECTION('',(2.22044604925E-16,-1.,0.));
#6356 = B_SPLINE_SURFACE_WITH_KNOTS('',1,1,(
    (#6357,#6358)
    ,(#6359,#6360
    )),.UNSPECIFIED.,.F.,.F.,.F.,(2,2),(2,2),(0.,2.81),(0.,1.),
  .PIECEWISE_BEZIER_KNOTS.);
#6357 = CARTESIAN_POINT('',(0.7,1.405,0.725));
#6358 = CARTESIAN_POINT('',(0.675,1.3925,0.725));
#6359 = CARTESIAN_POINT('',(0.7,-1.405,0.725));
#6360 = CARTESIAN_POINT('',(0.675,-1.3925,0.725));
#6361 = ADVANCED_FACE('',(#6362),#6373,.F.);
#6362 = FACE_BOUND('',#6363,.F.);
#6363 = EDGE_LOOP('',(#6364,#6365,#6366,#6372));
#6364 = ORIENTED_EDGE('',*,*,#5849,.T.);
#6365 = ORIENTED_EDGE('',*,*,#6262,.T.);
#6366 = ORIENTED_EDGE('',*,*,#6367,.F.);
#6367 = EDGE_CURVE('',#6188,#6263,#6368,.T.);
#6368 = LINE('',#6369,#6370);
#6369 = CARTESIAN_POINT('',(0.8,0.2,0.25));
#6370 = VECTOR('',#6371,1.);
#6371 = DIRECTION('',(2.22044604925E-16,-1.,0.));
#6372 = ORIENTED_EDGE('',*,*,#6187,.F.);
#6373 = PLANE('',#6374);
#6374 = AXIS2_PLACEMENT_3D('',#6375,#6376,#6377);
#6375 = CARTESIAN_POINT('',(0.8,0.2,0.475));
#6376 = DIRECTION('',(1.,2.22044604925E-16,0.));
#6377 = DIRECTION('',(0.,0.,-1.));
#6378 = ADVANCED_FACE('',(#6379),#6396,.F.);
#6379 = FACE_BOUND('',#6380,.F.);
#6380 = EDGE_LOOP('',(#6381,#6382,#6389,#6395));
#6381 = ORIENTED_EDGE('',*,*,#5880,.T.);
#6382 = ORIENTED_EDGE('',*,*,#6383,.T.);
#6383 = EDGE_CURVE('',#5874,#6384,#6386,.T.);
#6384 = VERTEX_POINT('',#6385);
#6385 = CARTESIAN_POINT('',(0.5925,-1.475,0.725));
#6386 = B_SPLINE_CURVE_WITH_KNOTS('',1,(#6387,#6388),.UNSPECIFIED.,.F.,
  .F.,(2,2),(0.,1.),.PIECEWISE_BEZIER_KNOTS.);
#6387 = CARTESIAN_POINT('',(0.605,-1.5,0.725));
#6388 = CARTESIAN_POINT('',(0.5925,-1.475,0.725));
#6389 = ORIENTED_EDGE('',*,*,#6390,.F.);
#6390 = EDGE_CURVE('',#6345,#6384,#6391,.T.);
#6391 = LINE('',#6392,#6393);
#6392 = CARTESIAN_POINT('',(0.675,-1.3925,0.725));
#6393 = VECTOR('',#6394,1.);
#6394 = DIRECTION('',(-0.707106781187,-0.707106781187,0.));
#6395 = ORIENTED_EDGE('',*,*,#6344,.F.);
#6396 = B_SPLINE_SURFACE_WITH_KNOTS('',1,1,(
    (#6397,#6398)
    ,(#6399,#6400
    )),.UNSPECIFIED.,.F.,.F.,.F.,(2,2),(2,2),(0.,0.134350288425),(0.,1.)
  ,.PIECEWISE_BEZIER_KNOTS.);
#6397 = CARTESIAN_POINT('',(0.7,-1.405,0.725));
#6398 = CARTESIAN_POINT('',(0.675,-1.3925,0.725));
#6399 = CARTESIAN_POINT('',(0.605,-1.5,0.725));
#6400 = CARTESIAN_POINT('',(0.5925,-1.475,0.725));
#6401 = ADVANCED_FACE('',(#6402),#6419,.F.);
#6402 = FACE_BOUND('',#6403,.F.);
#6403 = EDGE_LOOP('',(#6404,#6405,#6412,#6418));
#6404 = ORIENTED_EDGE('',*,*,#5903,.T.);
#6405 = ORIENTED_EDGE('',*,*,#6406,.T.);
#6406 = EDGE_CURVE('',#5897,#6407,#6409,.T.);
#6407 = VERTEX_POINT('',#6408);
#6408 = CARTESIAN_POINT('',(-0.5925,-1.475,0.725));
#6409 = B_SPLINE_CURVE_WITH_KNOTS('',1,(#6410,#6411),.UNSPECIFIED.,.F.,
  .F.,(2,2),(0.,1.),.PIECEWISE_BEZIER_KNOTS.);
#6410 = CARTESIAN_POINT('',(-0.605,-1.5,0.725));
#6411 = CARTESIAN_POINT('',(-0.5925,-1.475,0.725));
#6412 = ORIENTED_EDGE('',*,*,#6413,.F.);
#6413 = EDGE_CURVE('',#6384,#6407,#6414,.T.);
#6414 = LINE('',#6415,#6416);
#6415 = CARTESIAN_POINT('',(0.5925,-1.475,0.725));
#6416 = VECTOR('',#6417,1.);
#6417 = DIRECTION('',(-1.,-2.22044604925E-16,0.));
#6418 = ORIENTED_EDGE('',*,*,#6383,.F.);
#6419 = B_SPLINE_SURFACE_WITH_KNOTS('',1,1,(
    (#6420,#6421)
    ,(#6422,#6423
    )),.UNSPECIFIED.,.F.,.F.,.F.,(2,2),(2,2),(0.,1.21),(0.,1.),
  .PIECEWISE_BEZIER_KNOTS.);
#6420 = CARTESIAN_POINT('',(0.605,-1.5,0.725));
#6421 = CARTESIAN_POINT('',(0.5925,-1.475,0.725));
#6422 = CARTESIAN_POINT('',(-0.605,-1.5,0.725));
#6423 = CARTESIAN_POINT('',(-0.5925,-1.475,0.725));
#6424 = ADVANCED_FACE('',(#6425),#6442,.F.);
#6425 = FACE_BOUND('',#6426,.F.);
#6426 = EDGE_LOOP('',(#6427,#6428,#6435,#6441));
#6427 = ORIENTED_EDGE('',*,*,#5926,.T.);
#6428 = ORIENTED_EDGE('',*,*,#6429,.T.);
#6429 = EDGE_CURVE('',#5920,#6430,#6432,.T.);
#6430 = VERTEX_POINT('',#6431);
#6431 = CARTESIAN_POINT('',(-0.675,-1.3925,0.725));
#6432 = B_SPLINE_CURVE_WITH_KNOTS('',1,(#6433,#6434),.UNSPECIFIED.,.F.,
  .F.,(2,2),(0.,1.),.PIECEWISE_BEZIER_KNOTS.);
#6433 = CARTESIAN_POINT('',(-0.7,-1.405,0.725));
#6434 = CARTESIAN_POINT('',(-0.675,-1.3925,0.725));
#6435 = ORIENTED_EDGE('',*,*,#6436,.F.);
#6436 = EDGE_CURVE('',#6407,#6430,#6437,.T.);
#6437 = LINE('',#6438,#6439);
#6438 = CARTESIAN_POINT('',(-0.5925,-1.475,0.725));
#6439 = VECTOR('',#6440,1.);
#6440 = DIRECTION('',(-0.707106781187,0.707106781187,0.));
#6441 = ORIENTED_EDGE('',*,*,#6406,.F.);
#6442 = B_SPLINE_SURFACE_WITH_KNOTS('',1,1,(
    (#6443,#6444)
    ,(#6445,#6446
    )),.UNSPECIFIED.,.F.,.F.,.F.,(2,2),(2,2),(0.,0.134350288425),(0.,1.)
  ,.PIECEWISE_BEZIER_KNOTS.);
#6443 = CARTESIAN_POINT('',(-0.605,-1.5,0.725));
#6444 = CARTESIAN_POINT('',(-0.5925,-1.475,0.725));
#6445 = CARTESIAN_POINT('',(-0.7,-1.405,0.725));
#6446 = CARTESIAN_POINT('',(-0.675,-1.3925,0.725));
#6447 = ADVANCED_FACE('',(#6448),#6466,.F.);
#6448 = FACE_BOUND('',#6449,.F.);
#6449 = EDGE_LOOP('',(#6450,#6451,#6452,#6460));
#6450 = ORIENTED_EDGE('',*,*,#6429,.F.);
#6451 = ORIENTED_EDGE('',*,*,#5951,.T.);
#6452 = ORIENTED_EDGE('',*,*,#6453,.T.);
#6453 = EDGE_CURVE('',#5944,#6454,#6456,.T.);
#6454 = VERTEX_POINT('',#6455);
#6455 = CARTESIAN_POINT('',(-0.675,-1.15,0.725));
#6456 = LINE('',#6457,#6458);
#6457 = CARTESIAN_POINT('',(-0.7,-1.15,0.725));
#6458 = VECTOR('',#6459,1.);
#6459 = DIRECTION('',(1.,9.95799250103E-17,0.));
#6460 = ORIENTED_EDGE('',*,*,#6461,.F.);
#6461 = EDGE_CURVE('',#6430,#6454,#6462,.T.);
#6462 = LINE('',#6463,#6464);
#6463 = CARTESIAN_POINT('',(-0.675,-1.3925,0.725));
#6464 = VECTOR('',#6465,1.);
#6465 = DIRECTION('',(-2.22044604925E-16,1.,0.));
#6466 = B_SPLINE_SURFACE_WITH_KNOTS('',1,1,(
    (#6467,#6468)
    ,(#6469,#6470
    )),.UNSPECIFIED.,.F.,.F.,.F.,(2,2),(2,2),(0.,2.81),(0.,1.),
  .PIECEWISE_BEZIER_KNOTS.);
#6467 = CARTESIAN_POINT('',(-0.7,-1.405,0.725));
#6468 = CARTESIAN_POINT('',(-0.675,-1.3925,0.725));
#6469 = CARTESIAN_POINT('',(-0.7,1.405,0.725));
#6470 = CARTESIAN_POINT('',(-0.675,1.3925,0.725));
#6471 = ADVANCED_FACE('',(#6472),#6541,.F.);
#6472 = FACE_BOUND('',#6473,.F.);
#6473 = EDGE_LOOP('',(#6474,#6475,#6476,#6484,#6493,#6501,#6509,#6517,
    #6526,#6534));
#6474 = ORIENTED_EDGE('',*,*,#5943,.F.);
#6475 = ORIENTED_EDGE('',*,*,#6007,.T.);
#6476 = ORIENTED_EDGE('',*,*,#6477,.T.);
#6477 = EDGE_CURVE('',#6000,#6478,#6480,.T.);
#6478 = VERTEX_POINT('',#6479);
#6479 = CARTESIAN_POINT('',(-0.8,-1.15,0.25));
#6480 = LINE('',#6481,#6482);
#6481 = CARTESIAN_POINT('',(-0.8,-1.15,0.475));
#6482 = VECTOR('',#6483,1.);
#6483 = DIRECTION('',(-0.,0.,-1.));
#6484 = ORIENTED_EDGE('',*,*,#6485,.T.);
#6485 = EDGE_CURVE('',#6478,#6486,#6488,.T.);
#6486 = VERTEX_POINT('',#6487);
#6487 = CARTESIAN_POINT('',(-1.05,-1.15,0.));
#6488 = CIRCLE('',#6489,0.25);
#6489 = AXIS2_PLACEMENT_3D('',#6490,#6491,#6492);
#6490 = CARTESIAN_POINT('',(-1.05,-1.15,0.25));
#6491 = DIRECTION('',(-9.95799250103E-17,1.,0.));
#6492 = DIRECTION('',(1.,9.95799250103E-17,-4.440892098501E-16));
#6493 = ORIENTED_EDGE('',*,*,#6494,.T.);
#6494 = EDGE_CURVE('',#6486,#6495,#6497,.T.);
#6495 = VERTEX_POINT('',#6496);
#6496 = CARTESIAN_POINT('',(-1.25,-1.15,0.));
#6497 = LINE('',#6498,#6499);
#6498 = CARTESIAN_POINT('',(-1.05,-1.15,0.));
#6499 = VECTOR('',#6500,1.);
#6500 = DIRECTION('',(-1.,-9.95799250103E-17,0.));
#6501 = ORIENTED_EDGE('',*,*,#6502,.T.);
#6502 = EDGE_CURVE('',#6495,#6503,#6505,.T.);
#6503 = VERTEX_POINT('',#6504);
#6504 = CARTESIAN_POINT('',(-1.25,-1.15,0.15));
#6505 = LINE('',#6506,#6507);
#6506 = CARTESIAN_POINT('',(-1.25,-1.15,0.));
#6507 = VECTOR('',#6508,1.);
#6508 = DIRECTION('',(0.,0.,1.));
#6509 = ORIENTED_EDGE('',*,*,#6510,.T.);
#6510 = EDGE_CURVE('',#6503,#6511,#6513,.T.);
#6511 = VERTEX_POINT('',#6512);
#6512 = CARTESIAN_POINT('',(-1.05,-1.15,0.15));
#6513 = LINE('',#6514,#6515);
#6514 = CARTESIAN_POINT('',(-1.25,-1.15,0.15));
#6515 = VECTOR('',#6516,1.);
#6516 = DIRECTION('',(1.,9.95799250103E-17,0.));
#6517 = ORIENTED_EDGE('',*,*,#6518,.T.);
#6518 = EDGE_CURVE('',#6511,#6519,#6521,.T.);
#6519 = VERTEX_POINT('',#6520);
#6520 = CARTESIAN_POINT('',(-0.95,-1.15,0.25));
#6521 = CIRCLE('',#6522,0.1);
#6522 = AXIS2_PLACEMENT_3D('',#6523,#6524,#6525);
#6523 = CARTESIAN_POINT('',(-1.05,-1.15,0.25));
#6524 = DIRECTION('',(9.95799250103E-17,-1.,0.));
#6525 = DIRECTION('',(2.22044604925E-15,2.211118510737E-31,-1.));
#6526 = ORIENTED_EDGE('',*,*,#6527,.T.);
#6527 = EDGE_CURVE('',#6519,#6528,#6530,.T.);
#6528 = VERTEX_POINT('',#6529);
#6529 = CARTESIAN_POINT('',(-0.95,-1.15,0.475));
#6530 = LINE('',#6531,#6532);
#6531 = CARTESIAN_POINT('',(-0.95,-1.15,0.25));
#6532 = VECTOR('',#6533,1.);
#6533 = DIRECTION('',(0.,0.,1.));
#6534 = ORIENTED_EDGE('',*,*,#6535,.T.);
#6535 = EDGE_CURVE('',#6528,#5944,#6536,.T.);
#6536 = CIRCLE('',#6537,0.25);
#6537 = AXIS2_PLACEMENT_3D('',#6538,#6539,#6540);
#6538 = CARTESIAN_POINT('',(-0.7,-1.15,0.475));
#6539 = DIRECTION('',(-9.95799250103E-17,1.,0.));
#6540 = DIRECTION('',(-1.,-9.95799250103E-17,0.));
#6541 = PLANE('',#6542);
#6542 = AXIS2_PLACEMENT_3D('',#6543,#6544,#6545);
#6543 = CARTESIAN_POINT('',(-0.923137815574,-1.15,0.325594341393));
#6544 = DIRECTION('',(-9.95799250103E-17,1.,0.));
#6545 = DIRECTION('',(0.,0.,1.));
#6546 = ADVANCED_FACE('',(#6547),#6616,.T.);
#6547 = FACE_BOUND('',#6548,.T.);
#6548 = EDGE_LOOP('',(#6549,#6550,#6551,#6559,#6568,#6576,#6584,#6592,
    #6601,#6609));
#6549 = ORIENTED_EDGE('',*,*,#5965,.F.);
#6550 = ORIENTED_EDGE('',*,*,#6023,.T.);
#6551 = ORIENTED_EDGE('',*,*,#6552,.T.);
#6552 = EDGE_CURVE('',#6024,#6553,#6555,.T.);
#6553 = VERTEX_POINT('',#6554);
#6554 = CARTESIAN_POINT('',(-0.8,1.15,0.25));
#6555 = LINE('',#6556,#6557);
#6556 = CARTESIAN_POINT('',(-0.8,1.15,0.475));
#6557 = VECTOR('',#6558,1.);
#6558 = DIRECTION('',(-0.,0.,-1.));
#6559 = ORIENTED_EDGE('',*,*,#6560,.T.);
#6560 = EDGE_CURVE('',#6553,#6561,#6563,.T.);
#6561 = VERTEX_POINT('',#6562);
#6562 = CARTESIAN_POINT('',(-1.05,1.15,0.));
#6563 = CIRCLE('',#6564,0.25);
#6564 = AXIS2_PLACEMENT_3D('',#6565,#6566,#6567);
#6565 = CARTESIAN_POINT('',(-1.05,1.15,0.25));
#6566 = DIRECTION('',(-9.95799250103E-17,1.,0.));
#6567 = DIRECTION('',(1.,9.95799250103E-17,-4.440892098501E-16));
#6568 = ORIENTED_EDGE('',*,*,#6569,.T.);
#6569 = EDGE_CURVE('',#6561,#6570,#6572,.T.);
#6570 = VERTEX_POINT('',#6571);
#6571 = CARTESIAN_POINT('',(-1.25,1.15,0.));
#6572 = LINE('',#6573,#6574);
#6573 = CARTESIAN_POINT('',(-1.05,1.15,0.));
#6574 = VECTOR('',#6575,1.);
#6575 = DIRECTION('',(-1.,-9.95799250103E-17,0.));
#6576 = ORIENTED_EDGE('',*,*,#6577,.T.);
#6577 = EDGE_CURVE('',#6570,#6578,#6580,.T.);
#6578 = VERTEX_POINT('',#6579);
#6579 = CARTESIAN_POINT('',(-1.25,1.15,0.15));
#6580 = LINE('',#6581,#6582);
#6581 = CARTESIAN_POINT('',(-1.25,1.15,0.));
#6582 = VECTOR('',#6583,1.);
#6583 = DIRECTION('',(0.,0.,1.));
#6584 = ORIENTED_EDGE('',*,*,#6585,.T.);
#6585 = EDGE_CURVE('',#6578,#6586,#6588,.T.);
#6586 = VERTEX_POINT('',#6587);
#6587 = CARTESIAN_POINT('',(-1.05,1.15,0.15));
#6588 = LINE('',#6589,#6590);
#6589 = CARTESIAN_POINT('',(-1.25,1.15,0.15));
#6590 = VECTOR('',#6591,1.);
#6591 = DIRECTION('',(1.,9.95799250103E-17,0.));
#6592 = ORIENTED_EDGE('',*,*,#6593,.T.);
#6593 = EDGE_CURVE('',#6586,#6594,#6596,.T.);
#6594 = VERTEX_POINT('',#6595);
#6595 = CARTESIAN_POINT('',(-0.95,1.15,0.25));
#6596 = CIRCLE('',#6597,0.1);
#6597 = AXIS2_PLACEMENT_3D('',#6598,#6599,#6600);
#6598 = CARTESIAN_POINT('',(-1.05,1.15,0.25));
#6599 = DIRECTION('',(9.95799250103E-17,-1.,0.));
#6600 = DIRECTION('',(2.22044604925E-15,2.211118510737E-31,-1.));
#6601 = ORIENTED_EDGE('',*,*,#6602,.T.);
#6602 = EDGE_CURVE('',#6594,#6603,#6605,.T.);
#6603 = VERTEX_POINT('',#6604);
#6604 = CARTESIAN_POINT('',(-0.95,1.15,0.475));
#6605 = LINE('',#6606,#6607);
#6606 = CARTESIAN_POINT('',(-0.95,1.15,0.25));
#6607 = VECTOR('',#6608,1.);
#6608 = DIRECTION('',(0.,0.,1.));
#6609 = ORIENTED_EDGE('',*,*,#6610,.T.);
#6610 = EDGE_CURVE('',#6603,#5966,#6611,.T.);
#6611 = CIRCLE('',#6612,0.25);
#6612 = AXIS2_PLACEMENT_3D('',#6613,#6614,#6615);
#6613 = CARTESIAN_POINT('',(-0.7,1.15,0.475));
#6614 = DIRECTION('',(-9.95799250103E-17,1.,0.));
#6615 = DIRECTION('',(-1.,-9.95799250103E-17,0.));
#6616 = PLANE('',#6617);
#6617 = AXIS2_PLACEMENT_3D('',#6618,#6619,#6620);
#6618 = CARTESIAN_POINT('',(-0.923137815574,1.15,0.325594341393));
#6619 = DIRECTION('',(-9.95799250103E-17,1.,0.));
#6620 = DIRECTION('',(0.,0.,1.));
#6621 = ADVANCED_FACE('',(#6622),#6640,.F.);
#6622 = FACE_BOUND('',#6623,.F.);
#6623 = EDGE_LOOP('',(#6624,#6632,#6633,#6634));
#6624 = ORIENTED_EDGE('',*,*,#6625,.F.);
#6625 = EDGE_CURVE('',#5966,#6626,#6628,.T.);
#6626 = VERTEX_POINT('',#6627);
#6627 = CARTESIAN_POINT('',(-0.675,1.15,0.725));
#6628 = LINE('',#6629,#6630);
#6629 = CARTESIAN_POINT('',(-0.7,1.15,0.725));
#6630 = VECTOR('',#6631,1.);
#6631 = DIRECTION('',(1.,9.95799250103E-17,0.));
#6632 = ORIENTED_EDGE('',*,*,#5975,.T.);
#6633 = ORIENTED_EDGE('',*,*,#6148,.T.);
#6634 = ORIENTED_EDGE('',*,*,#6635,.F.);
#6635 = EDGE_CURVE('',#6626,#6141,#6636,.T.);
#6636 = LINE('',#6637,#6638);
#6637 = CARTESIAN_POINT('',(-0.675,-1.3925,0.725));
#6638 = VECTOR('',#6639,1.);
#6639 = DIRECTION('',(-2.22044604925E-16,1.,0.));
#6640 = B_SPLINE_SURFACE_WITH_KNOTS('',1,1,(
    (#6641,#6642)
    ,(#6643,#6644
    )),.UNSPECIFIED.,.F.,.F.,.F.,(2,2),(2,2),(0.,2.81),(0.,1.),
  .PIECEWISE_BEZIER_KNOTS.);
#6641 = CARTESIAN_POINT('',(-0.7,-1.405,0.725));
#6642 = CARTESIAN_POINT('',(-0.675,-1.3925,0.725));
#6643 = CARTESIAN_POINT('',(-0.7,1.405,0.725));
#6644 = CARTESIAN_POINT('',(-0.675,1.3925,0.725));
#6645 = ADVANCED_FACE('',(#6646),#6715,.T.);
#6646 = FACE_BOUND('',#6647,.T.);
#6647 = EDGE_LOOP('',(#6648,#6649,#6650,#6658,#6667,#6675,#6683,#6691,
    #6700,#6708));
#6648 = ORIENTED_EDGE('',*,*,#6055,.F.);
#6649 = ORIENTED_EDGE('',*,*,#5990,.T.);
#6650 = ORIENTED_EDGE('',*,*,#6651,.T.);
#6651 = EDGE_CURVE('',#5991,#6652,#6654,.T.);
#6652 = VERTEX_POINT('',#6653);
#6653 = CARTESIAN_POINT('',(-0.8,-0.75,0.25));
#6654 = LINE('',#6655,#6656);
#6655 = CARTESIAN_POINT('',(-0.8,-0.75,0.475));
#6656 = VECTOR('',#6657,1.);
#6657 = DIRECTION('',(-0.,0.,-1.));
#6658 = ORIENTED_EDGE('',*,*,#6659,.T.);
#6659 = EDGE_CURVE('',#6652,#6660,#6662,.T.);
#6660 = VERTEX_POINT('',#6661);
#6661 = CARTESIAN_POINT('',(-1.05,-0.75,0.));
#6662 = CIRCLE('',#6663,0.25);
#6663 = AXIS2_PLACEMENT_3D('',#6664,#6665,#6666);
#6664 = CARTESIAN_POINT('',(-1.05,-0.75,0.25));
#6665 = DIRECTION('',(-9.95799250103E-17,1.,0.));
#6666 = DIRECTION('',(1.,9.95799250103E-17,-4.440892098501E-16));
#6667 = ORIENTED_EDGE('',*,*,#6668,.T.);
#6668 = EDGE_CURVE('',#6660,#6669,#6671,.T.);
#6669 = VERTEX_POINT('',#6670);
#6670 = CARTESIAN_POINT('',(-1.25,-0.75,0.));
#6671 = LINE('',#6672,#6673);
#6672 = CARTESIAN_POINT('',(-1.05,-0.75,0.));
#6673 = VECTOR('',#6674,1.);
#6674 = DIRECTION('',(-1.,-9.95799250103E-17,0.));
#6675 = ORIENTED_EDGE('',*,*,#6676,.T.);
#6676 = EDGE_CURVE('',#6669,#6677,#6679,.T.);
#6677 = VERTEX_POINT('',#6678);
#6678 = CARTESIAN_POINT('',(-1.25,-0.75,0.15));
#6679 = LINE('',#6680,#6681);
#6680 = CARTESIAN_POINT('',(-1.25,-0.75,0.));
#6681 = VECTOR('',#6682,1.);
#6682 = DIRECTION('',(0.,0.,1.));
#6683 = ORIENTED_EDGE('',*,*,#6684,.T.);
#6684 = EDGE_CURVE('',#6677,#6685,#6687,.T.);
#6685 = VERTEX_POINT('',#6686);
#6686 = CARTESIAN_POINT('',(-1.05,-0.75,0.15));
#6687 = LINE('',#6688,#6689);
#6688 = CARTESIAN_POINT('',(-1.25,-0.75,0.15));
#6689 = VECTOR('',#6690,1.);
#6690 = DIRECTION('',(1.,9.95799250103E-17,0.));
#6691 = ORIENTED_EDGE('',*,*,#6692,.T.);
#6692 = EDGE_CURVE('',#6685,#6693,#6695,.T.);
#6693 = VERTEX_POINT('',#6694);
#6694 = CARTESIAN_POINT('',(-0.95,-0.75,0.25));
#6695 = CIRCLE('',#6696,0.1);
#6696 = AXIS2_PLACEMENT_3D('',#6697,#6698,#6699);
#6697 = CARTESIAN_POINT('',(-1.05,-0.75,0.25));
#6698 = DIRECTION('',(9.95799250103E-17,-1.,0.));
#6699 = DIRECTION('',(2.22044604925E-15,2.211118510737E-31,-1.));
#6700 = ORIENTED_EDGE('',*,*,#6701,.T.);
#6701 = EDGE_CURVE('',#6693,#6702,#6704,.T.);
#6702 = VERTEX_POINT('',#6703);
#6703 = CARTESIAN_POINT('',(-0.95,-0.75,0.475));
#6704 = LINE('',#6705,#6706);
#6705 = CARTESIAN_POINT('',(-0.95,-0.75,0.25));
#6706 = VECTOR('',#6707,1.);
#6707 = DIRECTION('',(0.,0.,1.));
#6708 = ORIENTED_EDGE('',*,*,#6709,.T.);
#6709 = EDGE_CURVE('',#6702,#6056,#6710,.T.);
#6710 = CIRCLE('',#6711,0.25);
#6711 = AXIS2_PLACEMENT_3D('',#6712,#6713,#6714);
#6712 = CARTESIAN_POINT('',(-0.7,-0.75,0.475));
#6713 = DIRECTION('',(-9.95799250103E-17,1.,0.));
#6714 = DIRECTION('',(-1.,-9.95799250103E-17,0.));
#6715 = PLANE('',#6716);
#6716 = AXIS2_PLACEMENT_3D('',#6717,#6718,#6719);
#6717 = CARTESIAN_POINT('',(-0.923137815574,-0.75,0.325594341393));
#6718 = DIRECTION('',(-9.95799250103E-17,1.,0.));
#6719 = DIRECTION('',(0.,0.,1.));
#6720 = ADVANCED_FACE('',(#6721),#6732,.F.);
#6721 = FACE_BOUND('',#6722,.F.);
#6722 = EDGE_LOOP('',(#6723,#6724,#6725,#6731));
#6723 = ORIENTED_EDGE('',*,*,#5999,.T.);
#6724 = ORIENTED_EDGE('',*,*,#6651,.T.);
#6725 = ORIENTED_EDGE('',*,*,#6726,.F.);
#6726 = EDGE_CURVE('',#6478,#6652,#6727,.T.);
#6727 = LINE('',#6728,#6729);
#6728 = CARTESIAN_POINT('',(-0.8,-1.15,0.25));
#6729 = VECTOR('',#6730,1.);
#6730 = DIRECTION('',(-9.95799250103E-17,1.,0.));
#6731 = ORIENTED_EDGE('',*,*,#6477,.F.);
#6732 = PLANE('',#6733);
#6733 = AXIS2_PLACEMENT_3D('',#6734,#6735,#6736);
#6734 = CARTESIAN_POINT('',(-0.8,-1.15,0.475));
#6735 = DIRECTION('',(-1.,-9.95799250103E-17,0.));
#6736 = DIRECTION('',(-0.,0.,-1.));
#6737 = ADVANCED_FACE('',(#6738),#6807,.F.);
#6738 = FACE_BOUND('',#6739,.F.);
#6739 = EDGE_LOOP('',(#6740,#6741,#6742,#6750,#6759,#6767,#6775,#6783,
    #6792,#6800));
#6740 = ORIENTED_EDGE('',*,*,#6064,.F.);
#6741 = ORIENTED_EDGE('',*,*,#6040,.T.);
#6742 = ORIENTED_EDGE('',*,*,#6743,.T.);
#6743 = EDGE_CURVE('',#6033,#6744,#6746,.T.);
#6744 = VERTEX_POINT('',#6745);
#6745 = CARTESIAN_POINT('',(-0.8,0.75,0.25));
#6746 = LINE('',#6747,#6748);
#6747 = CARTESIAN_POINT('',(-0.8,0.75,0.475));
#6748 = VECTOR('',#6749,1.);
#6749 = DIRECTION('',(-0.,0.,-1.));
#6750 = ORIENTED_EDGE('',*,*,#6751,.T.);
#6751 = EDGE_CURVE('',#6744,#6752,#6754,.T.);
#6752 = VERTEX_POINT('',#6753);
#6753 = CARTESIAN_POINT('',(-1.05,0.75,0.));
#6754 = CIRCLE('',#6755,0.25);
#6755 = AXIS2_PLACEMENT_3D('',#6756,#6757,#6758);
#6756 = CARTESIAN_POINT('',(-1.05,0.75,0.25));
#6757 = DIRECTION('',(-9.95799250103E-17,1.,0.));
#6758 = DIRECTION('',(1.,9.95799250103E-17,-4.440892098501E-16));
#6759 = ORIENTED_EDGE('',*,*,#6760,.T.);
#6760 = EDGE_CURVE('',#6752,#6761,#6763,.T.);
#6761 = VERTEX_POINT('',#6762);
#6762 = CARTESIAN_POINT('',(-1.25,0.75,0.));
#6763 = LINE('',#6764,#6765);
#6764 = CARTESIAN_POINT('',(-1.05,0.75,0.));
#6765 = VECTOR('',#6766,1.);
#6766 = DIRECTION('',(-1.,-9.95799250103E-17,0.));
#6767 = ORIENTED_EDGE('',*,*,#6768,.T.);
#6768 = EDGE_CURVE('',#6761,#6769,#6771,.T.);
#6769 = VERTEX_POINT('',#6770);
#6770 = CARTESIAN_POINT('',(-1.25,0.75,0.15));
#6771 = LINE('',#6772,#6773);
#6772 = CARTESIAN_POINT('',(-1.25,0.75,0.));
#6773 = VECTOR('',#6774,1.);
#6774 = DIRECTION('',(0.,0.,1.));
#6775 = ORIENTED_EDGE('',*,*,#6776,.T.);
#6776 = EDGE_CURVE('',#6769,#6777,#6779,.T.);
#6777 = VERTEX_POINT('',#6778);
#6778 = CARTESIAN_POINT('',(-1.05,0.75,0.15));
#6779 = LINE('',#6780,#6781);
#6780 = CARTESIAN_POINT('',(-1.25,0.75,0.15));
#6781 = VECTOR('',#6782,1.);
#6782 = DIRECTION('',(1.,9.95799250103E-17,0.));
#6783 = ORIENTED_EDGE('',*,*,#6784,.T.);
#6784 = EDGE_CURVE('',#6777,#6785,#6787,.T.);
#6785 = VERTEX_POINT('',#6786);
#6786 = CARTESIAN_POINT('',(-0.95,0.75,0.25));
#6787 = CIRCLE('',#6788,0.1);
#6788 = AXIS2_PLACEMENT_3D('',#6789,#6790,#6791);
#6789 = CARTESIAN_POINT('',(-1.05,0.75,0.25));
#6790 = DIRECTION('',(9.95799250103E-17,-1.,0.));
#6791 = DIRECTION('',(2.22044604925E-15,2.211118510737E-31,-1.));
#6792 = ORIENTED_EDGE('',*,*,#6793,.T.);
#6793 = EDGE_CURVE('',#6785,#6794,#6796,.T.);
#6794 = VERTEX_POINT('',#6795);
#6795 = CARTESIAN_POINT('',(-0.95,0.75,0.475));
#6796 = LINE('',#6797,#6798);
#6797 = CARTESIAN_POINT('',(-0.95,0.75,0.25));
#6798 = VECTOR('',#6799,1.);
#6799 = DIRECTION('',(0.,0.,1.));
#6800 = ORIENTED_EDGE('',*,*,#6801,.T.);
#6801 = EDGE_CURVE('',#6794,#6065,#6802,.T.);
#6802 = CIRCLE('',#6803,0.25);
#6803 = AXIS2_PLACEMENT_3D('',#6804,#6805,#6806);
#6804 = CARTESIAN_POINT('',(-0.7,0.75,0.475));
#6805 = DIRECTION('',(-9.95799250103E-17,1.,0.));
#6806 = DIRECTION('',(-1.,-9.95799250103E-17,0.));
#6807 = PLANE('',#6808);
#6808 = AXIS2_PLACEMENT_3D('',#6809,#6810,#6811);
#6809 = CARTESIAN_POINT('',(-0.923137815574,0.75,0.325594341393));
#6810 = DIRECTION('',(-9.95799250103E-17,1.,0.));
#6811 = DIRECTION('',(0.,0.,1.));
#6812 = ADVANCED_FACE('',(#6813),#6824,.F.);
#6813 = FACE_BOUND('',#6814,.F.);
#6814 = EDGE_LOOP('',(#6815,#6816,#6817,#6823));
#6815 = ORIENTED_EDGE('',*,*,#6032,.T.);
#6816 = ORIENTED_EDGE('',*,*,#6552,.T.);
#6817 = ORIENTED_EDGE('',*,*,#6818,.F.);
#6818 = EDGE_CURVE('',#6744,#6553,#6819,.T.);
#6819 = LINE('',#6820,#6821);
#6820 = CARTESIAN_POINT('',(-0.8,0.75,0.25));
#6821 = VECTOR('',#6822,1.);
#6822 = DIRECTION('',(-9.95799250103E-17,1.,0.));
#6823 = ORIENTED_EDGE('',*,*,#6743,.F.);
#6824 = PLANE('',#6825);
#6825 = AXIS2_PLACEMENT_3D('',#6826,#6827,#6828);
#6826 = CARTESIAN_POINT('',(-0.8,0.75,0.475));
#6827 = DIRECTION('',(-1.,-9.95799250103E-17,0.));
#6828 = DIRECTION('',(-0.,0.,-1.));
#6829 = ADVANCED_FACE('',(#6830),#6855,.F.);
#6830 = FACE_BOUND('',#6831,.F.);
#6831 = EDGE_LOOP('',(#6832,#6840,#6841,#6849));
#6832 = ORIENTED_EDGE('',*,*,#6833,.F.);
#6833 = EDGE_CURVE('',#6056,#6834,#6836,.T.);
#6834 = VERTEX_POINT('',#6835);
#6835 = CARTESIAN_POINT('',(-0.675,-0.75,0.725));
#6836 = LINE('',#6837,#6838);
#6837 = CARTESIAN_POINT('',(-0.7,-0.75,0.725));
#6838 = VECTOR('',#6839,1.);
#6839 = DIRECTION('',(1.,9.95799250103E-17,0.));
#6840 = ORIENTED_EDGE('',*,*,#6072,.T.);
#6841 = ORIENTED_EDGE('',*,*,#6842,.T.);
#6842 = EDGE_CURVE('',#6065,#6843,#6845,.T.);
#6843 = VERTEX_POINT('',#6844);
#6844 = CARTESIAN_POINT('',(-0.675,0.75,0.725));
#6845 = LINE('',#6846,#6847);
#6846 = CARTESIAN_POINT('',(-0.7,0.75,0.725));
#6847 = VECTOR('',#6848,1.);
#6848 = DIRECTION('',(1.,9.95799250103E-17,0.));
#6849 = ORIENTED_EDGE('',*,*,#6850,.F.);
#6850 = EDGE_CURVE('',#6834,#6843,#6851,.T.);
#6851 = LINE('',#6852,#6853);
#6852 = CARTESIAN_POINT('',(-0.675,-1.3925,0.725));
#6853 = VECTOR('',#6854,1.);
#6854 = DIRECTION('',(-2.22044604925E-16,1.,0.));
#6855 = B_SPLINE_SURFACE_WITH_KNOTS('',1,1,(
    (#6856,#6857)
    ,(#6858,#6859
    )),.UNSPECIFIED.,.F.,.F.,.F.,(2,2),(2,2),(0.,2.81),(0.,1.),
  .PIECEWISE_BEZIER_KNOTS.);
#6856 = CARTESIAN_POINT('',(-0.7,-1.405,0.725));
#6857 = CARTESIAN_POINT('',(-0.675,-1.3925,0.725));
#6858 = CARTESIAN_POINT('',(-0.7,1.405,0.725));
#6859 = CARTESIAN_POINT('',(-0.675,1.3925,0.725));
#6860 = ADVANCED_FACE('',(#6861),#6878,.F.);
#6861 = FACE_BOUND('',#6862,.F.);
#6862 = EDGE_LOOP('',(#6863,#6864,#6871,#6877));
#6863 = ORIENTED_EDGE('',*,*,#6094,.T.);
#6864 = ORIENTED_EDGE('',*,*,#6865,.T.);
#6865 = EDGE_CURVE('',#6088,#6866,#6868,.T.);
#6866 = VERTEX_POINT('',#6867);
#6867 = CARTESIAN_POINT('',(0.608243103516,1.359121551758,1.2));
#6868 = B_SPLINE_CURVE_WITH_KNOTS('',1,(#6869,#6870),.UNSPECIFIED.,.F.,
  .F.,(2,2),(0.,1.),.PIECEWISE_BEZIER_KNOTS.);
#6869 = CARTESIAN_POINT('',(0.675,1.3925,0.725));
#6870 = CARTESIAN_POINT('',(0.608243103516,1.359121551758,1.2));
#6871 = ORIENTED_EDGE('',*,*,#6872,.F.);
#6872 = EDGE_CURVE('',#6111,#6866,#6873,.T.);
#6873 = LINE('',#6874,#6875);
#6874 = CARTESIAN_POINT('',(0.559121551758,1.408243103516,1.2));
#6875 = VECTOR('',#6876,1.);
#6876 = DIRECTION('',(0.707106781187,-0.707106781187,0.));
#6877 = ORIENTED_EDGE('',*,*,#6110,.F.);
#6878 = B_SPLINE_SURFACE_WITH_KNOTS('',1,1,(
    (#6879,#6880)
    ,(#6881,#6882
    )),.UNSPECIFIED.,.F.,.F.,.F.,(2,2),(2,2),(0.,0.116672618896),(0.,1.)
  ,.PIECEWISE_BEZIER_KNOTS.);
#6879 = CARTESIAN_POINT('',(0.5925,1.475,0.725));
#6880 = CARTESIAN_POINT('',(0.559121551758,1.408243103516,1.2));
#6881 = CARTESIAN_POINT('',(0.675,1.3925,0.725));
#6882 = CARTESIAN_POINT('',(0.608243103516,1.359121551758,1.2));
#6883 = ADVANCED_FACE('',(#6884),#6934,.T.);
#6884 = FACE_BOUND('',#6885,.F.);
#6885 = EDGE_LOOP('',(#6886,#6887,#6888,#6896,#6904,#6912,#6920,#6928));
#6886 = ORIENTED_EDGE('',*,*,#6117,.T.);
#6887 = ORIENTED_EDGE('',*,*,#6872,.T.);
#6888 = ORIENTED_EDGE('',*,*,#6889,.T.);
#6889 = EDGE_CURVE('',#6866,#6890,#6892,.T.);
#6890 = VERTEX_POINT('',#6891);
#6891 = CARTESIAN_POINT('',(0.608243103516,-1.359121551758,1.2));
#6892 = LINE('',#6893,#6894);
#6893 = CARTESIAN_POINT('',(0.608243103516,1.359121551758,1.2));
#6894 = VECTOR('',#6895,1.);
#6895 = DIRECTION('',(2.22044604925E-16,-1.,0.));
#6896 = ORIENTED_EDGE('',*,*,#6897,.T.);
#6897 = EDGE_CURVE('',#6890,#6898,#6900,.T.);
#6898 = VERTEX_POINT('',#6899);
#6899 = CARTESIAN_POINT('',(0.559121551758,-1.408243103516,1.2));
#6900 = LINE('',#6901,#6902);
#6901 = CARTESIAN_POINT('',(0.608243103516,-1.359121551758,1.2));
#6902 = VECTOR('',#6903,1.);
#6903 = DIRECTION('',(-0.707106781187,-0.707106781187,0.));
#6904 = ORIENTED_EDGE('',*,*,#6905,.T.);
#6905 = EDGE_CURVE('',#6898,#6906,#6908,.T.);
#6906 = VERTEX_POINT('',#6907);
#6907 = CARTESIAN_POINT('',(-0.559121551758,-1.408243103516,1.2));
#6908 = LINE('',#6909,#6910);
#6909 = CARTESIAN_POINT('',(0.559121551758,-1.408243103516,1.2));
#6910 = VECTOR('',#6911,1.);
#6911 = DIRECTION('',(-1.,-2.22044604925E-16,0.));
#6912 = ORIENTED_EDGE('',*,*,#6913,.T.);
#6913 = EDGE_CURVE('',#6906,#6914,#6916,.T.);
#6914 = VERTEX_POINT('',#6915);
#6915 = CARTESIAN_POINT('',(-0.608243103516,-1.359121551758,1.2));
#6916 = LINE('',#6917,#6918);
#6917 = CARTESIAN_POINT('',(-0.559121551758,-1.408243103516,1.2));
#6918 = VECTOR('',#6919,1.);
#6919 = DIRECTION('',(-0.707106781187,0.707106781187,0.));
#6920 = ORIENTED_EDGE('',*,*,#6921,.T.);
#6921 = EDGE_CURVE('',#6914,#6922,#6924,.T.);
#6922 = VERTEX_POINT('',#6923);
#6923 = CARTESIAN_POINT('',(-0.608243103516,1.359121551758,1.2));
#6924 = LINE('',#6925,#6926);
#6925 = CARTESIAN_POINT('',(-0.608243103516,-1.359121551758,1.2));
#6926 = VECTOR('',#6927,1.);
#6927 = DIRECTION('',(-2.22044604925E-16,1.,0.));
#6928 = ORIENTED_EDGE('',*,*,#6929,.T.);
#6929 = EDGE_CURVE('',#6922,#6118,#6930,.T.);
#6930 = LINE('',#6931,#6932);
#6931 = CARTESIAN_POINT('',(-0.608243103516,1.359121551758,1.2));
#6932 = VECTOR('',#6933,1.);
#6933 = DIRECTION('',(0.707106781187,0.707106781187,0.));
#6934 = PLANE('',#6935);
#6935 = AXIS2_PLACEMENT_3D('',#6936,#6937,#6938);
#6936 = CARTESIAN_POINT('',(-0.559121551758,1.408243103516,1.2));
#6937 = DIRECTION('',(0.,0.,1.));
#6938 = DIRECTION('',(0.369013679242,-0.929423963825,0.));
#6939 = ADVANCED_FACE('',(#6940),#6950,.F.);
#6940 = FACE_BOUND('',#6941,.F.);
#6941 = EDGE_LOOP('',(#6942,#6943,#6944,#6945));
#6942 = ORIENTED_EDGE('',*,*,#6140,.T.);
#6943 = ORIENTED_EDGE('',*,*,#6125,.T.);
#6944 = ORIENTED_EDGE('',*,*,#6929,.F.);
#6945 = ORIENTED_EDGE('',*,*,#6946,.F.);
#6946 = EDGE_CURVE('',#6141,#6922,#6947,.T.);
#6947 = B_SPLINE_CURVE_WITH_KNOTS('',1,(#6948,#6949),.UNSPECIFIED.,.F.,
  .F.,(2,2),(0.,1.),.PIECEWISE_BEZIER_KNOTS.);
#6948 = CARTESIAN_POINT('',(-0.675,1.3925,0.725));
#6949 = CARTESIAN_POINT('',(-0.608243103516,1.359121551758,1.2));
#6950 = B_SPLINE_SURFACE_WITH_KNOTS('',1,1,(
    (#6951,#6952)
    ,(#6953,#6954
    )),.UNSPECIFIED.,.F.,.F.,.F.,(2,2),(2,2),(0.,0.116672618896),(0.,1.)
  ,.PIECEWISE_BEZIER_KNOTS.);
#6951 = CARTESIAN_POINT('',(-0.675,1.3925,0.725));
#6952 = CARTESIAN_POINT('',(-0.608243103516,1.359121551758,1.2));
#6953 = CARTESIAN_POINT('',(-0.5925,1.475,0.725));
#6954 = CARTESIAN_POINT('',(-0.559121551758,1.408243103516,1.2));
#6955 = ADVANCED_FACE('',(#6956),#6973,.F.);
#6956 = FACE_BOUND('',#6957,.F.);
#6957 = EDGE_LOOP('',(#6958,#6959,#6965,#6966,#6971,#6972));
#6958 = ORIENTED_EDGE('',*,*,#6171,.T.);
#6959 = ORIENTED_EDGE('',*,*,#6960,.T.);
#6960 = EDGE_CURVE('',#6164,#6336,#6961,.T.);
#6961 = LINE('',#6962,#6963);
#6962 = CARTESIAN_POINT('',(0.675,1.3925,0.725));
#6963 = VECTOR('',#6964,1.);
#6964 = DIRECTION('',(2.22044604925E-16,-1.,0.));
#6965 = ORIENTED_EDGE('',*,*,#6351,.T.);
#6966 = ORIENTED_EDGE('',*,*,#6967,.T.);
#6967 = EDGE_CURVE('',#6345,#6890,#6968,.T.);
#6968 = B_SPLINE_CURVE_WITH_KNOTS('',1,(#6969,#6970),.UNSPECIFIED.,.F.,
  .F.,(2,2),(0.,1.),.PIECEWISE_BEZIER_KNOTS.);
#6969 = CARTESIAN_POINT('',(0.675,-1.3925,0.725));
#6970 = CARTESIAN_POINT('',(0.608243103516,-1.359121551758,1.2));
#6971 = ORIENTED_EDGE('',*,*,#6889,.F.);
#6972 = ORIENTED_EDGE('',*,*,#6865,.F.);
#6973 = B_SPLINE_SURFACE_WITH_KNOTS('',1,1,(
    (#6974,#6975)
    ,(#6976,#6977
    )),.UNSPECIFIED.,.F.,.F.,.F.,(2,2),(2,2),(0.,2.785),(0.,1.),
  .PIECEWISE_BEZIER_KNOTS.);
#6974 = CARTESIAN_POINT('',(0.675,1.3925,0.725));
#6975 = CARTESIAN_POINT('',(0.608243103516,1.359121551758,1.2));
#6976 = CARTESIAN_POINT('',(0.675,-1.3925,0.725));
#6977 = CARTESIAN_POINT('',(0.608243103516,-1.359121551758,1.2));
#6978 = ADVANCED_FACE('',(#6979),#6990,.F.);
#6979 = FACE_BOUND('',#6980,.F.);
#6980 = EDGE_LOOP('',(#6981,#6982,#6988,#6989));
#6981 = ORIENTED_EDGE('',*,*,#6163,.F.);
#6982 = ORIENTED_EDGE('',*,*,#6983,.T.);
#6983 = EDGE_CURVE('',#5788,#5810,#6984,.T.);
#6984 = LINE('',#6985,#6986);
#6985 = CARTESIAN_POINT('',(0.7,0.2,0.725));
#6986 = VECTOR('',#6987,1.);
#6987 = DIRECTION('',(2.22044604925E-16,-1.,0.));
#6988 = ORIENTED_EDGE('',*,*,#6335,.T.);
#6989 = ORIENTED_EDGE('',*,*,#6960,.F.);
#6990 = PLANE('',#6991);
#6991 = AXIS2_PLACEMENT_3D('',#6992,#6993,#6994);
#6992 = CARTESIAN_POINT('',(0.7,0.2,0.725));
#6993 = DIRECTION('',(0.,0.,-1.));
#6994 = DIRECTION('',(-1.,-2.22044604925E-16,-0.));
#6995 = ADVANCED_FACE('',(#6996),#7007,.T.);
#6996 = FACE_BOUND('',#6997,.T.);
#6997 = EDGE_LOOP('',(#6998,#6999,#7000,#7001));
#6998 = ORIENTED_EDGE('',*,*,#6245,.T.);
#6999 = ORIENTED_EDGE('',*,*,#6983,.T.);
#7000 = ORIENTED_EDGE('',*,*,#6320,.F.);
#7001 = ORIENTED_EDGE('',*,*,#7002,.F.);
#7002 = EDGE_CURVE('',#6238,#6313,#7003,.T.);
#7003 = LINE('',#7004,#7005);
#7004 = CARTESIAN_POINT('',(0.95,0.2,0.475));
#7005 = VECTOR('',#7006,1.);
#7006 = DIRECTION('',(2.22044604925E-16,-1.,0.));
#7007 = CYLINDRICAL_SURFACE('',#7008,0.25);
#7008 = AXIS2_PLACEMENT_3D('',#7009,#7010,#7011);
#7009 = CARTESIAN_POINT('',(0.7,0.2,0.475));
#7010 = DIRECTION('',(-2.22044604925E-16,1.,-0.));
#7011 = DIRECTION('',(1.,2.22044604925E-16,0.));
#7012 = ADVANCED_FACE('',(#7013),#7024,.F.);
#7013 = FACE_BOUND('',#7014,.F.);
#7014 = EDGE_LOOP('',(#7015,#7021,#7022,#7023));
#7015 = ORIENTED_EDGE('',*,*,#7016,.T.);
#7016 = EDGE_CURVE('',#6229,#6304,#7017,.T.);
#7017 = LINE('',#7018,#7019);
#7018 = CARTESIAN_POINT('',(0.95,0.2,0.25));
#7019 = VECTOR('',#7020,1.);
#7020 = DIRECTION('',(2.22044604925E-16,-1.,0.));
#7021 = ORIENTED_EDGE('',*,*,#6312,.T.);
#7022 = ORIENTED_EDGE('',*,*,#7002,.F.);
#7023 = ORIENTED_EDGE('',*,*,#6237,.F.);
#7024 = PLANE('',#7025);
#7025 = AXIS2_PLACEMENT_3D('',#7026,#7027,#7028);
#7026 = CARTESIAN_POINT('',(0.95,0.2,0.25));
#7027 = DIRECTION('',(-1.,-2.22044604925E-16,0.));
#7028 = DIRECTION('',(0.,0.,1.));
#7029 = ADVANCED_FACE('',(#7030),#7041,.F.);
#7030 = FACE_BOUND('',#7031,.F.);
#7031 = EDGE_LOOP('',(#7032,#7038,#7039,#7040));
#7032 = ORIENTED_EDGE('',*,*,#7033,.T.);
#7033 = EDGE_CURVE('',#6221,#6296,#7034,.T.);
#7034 = LINE('',#7035,#7036);
#7035 = CARTESIAN_POINT('',(1.05,0.2,0.15));
#7036 = VECTOR('',#7037,1.);
#7037 = DIRECTION('',(2.22044604925E-16,-1.,0.));
#7038 = ORIENTED_EDGE('',*,*,#6303,.T.);
#7039 = ORIENTED_EDGE('',*,*,#7016,.F.);
#7040 = ORIENTED_EDGE('',*,*,#6228,.F.);
#7041 = CYLINDRICAL_SURFACE('',#7042,0.1);
#7042 = AXIS2_PLACEMENT_3D('',#7043,#7044,#7045);
#7043 = CARTESIAN_POINT('',(1.05,0.2,0.25));
#7044 = DIRECTION('',(-2.22044604925E-16,1.,0.));
#7045 = DIRECTION('',(-2.22044604925E-15,-4.93038065763E-31,-1.));
#7046 = ADVANCED_FACE('',(#7047),#7058,.F.);
#7047 = FACE_BOUND('',#7048,.F.);
#7048 = EDGE_LOOP('',(#7049,#7055,#7056,#7057));
#7049 = ORIENTED_EDGE('',*,*,#7050,.T.);
#7050 = EDGE_CURVE('',#6213,#6288,#7051,.T.);
#7051 = LINE('',#7052,#7053);
#7052 = CARTESIAN_POINT('',(1.25,0.2,0.15));
#7053 = VECTOR('',#7054,1.);
#7054 = DIRECTION('',(2.22044604925E-16,-1.,0.));
#7055 = ORIENTED_EDGE('',*,*,#6295,.T.);
#7056 = ORIENTED_EDGE('',*,*,#7033,.F.);
#7057 = ORIENTED_EDGE('',*,*,#6220,.F.);
#7058 = PLANE('',#7059);
#7059 = AXIS2_PLACEMENT_3D('',#7060,#7061,#7062);
#7060 = CARTESIAN_POINT('',(1.25,0.2,0.15));
#7061 = DIRECTION('',(0.,0.,-1.));
#7062 = DIRECTION('',(-1.,-2.22044604925E-16,-0.));
#7063 = ADVANCED_FACE('',(#7064),#7075,.F.);
#7064 = FACE_BOUND('',#7065,.F.);
#7065 = EDGE_LOOP('',(#7066,#7072,#7073,#7074));
#7066 = ORIENTED_EDGE('',*,*,#7067,.T.);
#7067 = EDGE_CURVE('',#6205,#6280,#7068,.T.);
#7068 = LINE('',#7069,#7070);
#7069 = CARTESIAN_POINT('',(1.25,0.2,0.));
#7070 = VECTOR('',#7071,1.);
#7071 = DIRECTION('',(2.22044604925E-16,-1.,0.));
#7072 = ORIENTED_EDGE('',*,*,#6287,.T.);
#7073 = ORIENTED_EDGE('',*,*,#7050,.F.);
#7074 = ORIENTED_EDGE('',*,*,#6212,.F.);
#7075 = PLANE('',#7076);
#7076 = AXIS2_PLACEMENT_3D('',#7077,#7078,#7079);
#7077 = CARTESIAN_POINT('',(1.25,0.2,0.));
#7078 = DIRECTION('',(-1.,-2.22044604925E-16,0.));
#7079 = DIRECTION('',(0.,0.,1.));
#7080 = ADVANCED_FACE('',(#7081),#7092,.F.);
#7081 = FACE_BOUND('',#7082,.F.);
#7082 = EDGE_LOOP('',(#7083,#7089,#7090,#7091));
#7083 = ORIENTED_EDGE('',*,*,#7084,.T.);
#7084 = EDGE_CURVE('',#6196,#6271,#7085,.T.);
#7085 = LINE('',#7086,#7087);
#7086 = CARTESIAN_POINT('',(1.05,0.2,0.));
#7087 = VECTOR('',#7088,1.);
#7088 = DIRECTION('',(2.22044604925E-16,-1.,0.));
#7089 = ORIENTED_EDGE('',*,*,#6279,.T.);
#7090 = ORIENTED_EDGE('',*,*,#7067,.F.);
#7091 = ORIENTED_EDGE('',*,*,#6204,.F.);
#7092 = PLANE('',#7093);
#7093 = AXIS2_PLACEMENT_3D('',#7094,#7095,#7096);
#7094 = CARTESIAN_POINT('',(1.05,0.2,0.));
#7095 = DIRECTION('',(0.,0.,1.));
#7096 = DIRECTION('',(1.,2.22044604925E-16,-0.));
#7097 = ADVANCED_FACE('',(#7098),#7104,.T.);
#7098 = FACE_BOUND('',#7099,.T.);
#7099 = EDGE_LOOP('',(#7100,#7101,#7102,#7103));
#7100 = ORIENTED_EDGE('',*,*,#6195,.T.);
#7101 = ORIENTED_EDGE('',*,*,#7084,.T.);
#7102 = ORIENTED_EDGE('',*,*,#6270,.F.);
#7103 = ORIENTED_EDGE('',*,*,#6367,.F.);
#7104 = CYLINDRICAL_SURFACE('',#7105,0.25);
#7105 = AXIS2_PLACEMENT_3D('',#7106,#7107,#7108);
#7106 = CARTESIAN_POINT('',(1.05,0.2,0.25));
#7107 = DIRECTION('',(-2.22044604925E-16,1.,-0.));
#7108 = DIRECTION('',(-1.,-2.22044604925E-16,-4.440892098501E-16));
#7109 = ADVANCED_FACE('',(#7110),#7120,.F.);
#7110 = FACE_BOUND('',#7111,.F.);
#7111 = EDGE_LOOP('',(#7112,#7113,#7118,#7119));
#7112 = ORIENTED_EDGE('',*,*,#6390,.T.);
#7113 = ORIENTED_EDGE('',*,*,#7114,.T.);
#7114 = EDGE_CURVE('',#6384,#6898,#7115,.T.);
#7115 = B_SPLINE_CURVE_WITH_KNOTS('',1,(#7116,#7117),.UNSPECIFIED.,.F.,
  .F.,(2,2),(0.,1.),.PIECEWISE_BEZIER_KNOTS.);
#7116 = CARTESIAN_POINT('',(0.5925,-1.475,0.725));
#7117 = CARTESIAN_POINT('',(0.559121551758,-1.408243103516,1.2));
#7118 = ORIENTED_EDGE('',*,*,#6897,.F.);
#7119 = ORIENTED_EDGE('',*,*,#6967,.F.);
#7120 = B_SPLINE_SURFACE_WITH_KNOTS('',1,1,(
    (#7121,#7122)
    ,(#7123,#7124
    )),.UNSPECIFIED.,.F.,.F.,.F.,(2,2),(2,2),(0.,0.116672618896),(0.,1.)
  ,.PIECEWISE_BEZIER_KNOTS.);
#7121 = CARTESIAN_POINT('',(0.675,-1.3925,0.725));
#7122 = CARTESIAN_POINT('',(0.608243103516,-1.359121551758,1.2));
#7123 = CARTESIAN_POINT('',(0.5925,-1.475,0.725));
#7124 = CARTESIAN_POINT('',(0.559121551758,-1.408243103516,1.2));
#7125 = ADVANCED_FACE('',(#7126),#7136,.F.);
#7126 = FACE_BOUND('',#7127,.F.);
#7127 = EDGE_LOOP('',(#7128,#7129,#7134,#7135));
#7128 = ORIENTED_EDGE('',*,*,#6413,.T.);
#7129 = ORIENTED_EDGE('',*,*,#7130,.T.);
#7130 = EDGE_CURVE('',#6407,#6906,#7131,.T.);
#7131 = B_SPLINE_CURVE_WITH_KNOTS('',1,(#7132,#7133),.UNSPECIFIED.,.F.,
  .F.,(2,2),(0.,1.),.PIECEWISE_BEZIER_KNOTS.);
#7132 = CARTESIAN_POINT('',(-0.5925,-1.475,0.725));
#7133 = CARTESIAN_POINT('',(-0.559121551758,-1.408243103516,1.2));
#7134 = ORIENTED_EDGE('',*,*,#6905,.F.);
#7135 = ORIENTED_EDGE('',*,*,#7114,.F.);
#7136 = B_SPLINE_SURFACE_WITH_KNOTS('',1,1,(
    (#7137,#7138)
    ,(#7139,#7140
    )),.UNSPECIFIED.,.F.,.F.,.F.,(2,2),(2,2),(0.,1.185),(0.,1.),
  .PIECEWISE_BEZIER_KNOTS.);
#7137 = CARTESIAN_POINT('',(0.5925,-1.475,0.725));
#7138 = CARTESIAN_POINT('',(0.559121551758,-1.408243103516,1.2));
#7139 = CARTESIAN_POINT('',(-0.5925,-1.475,0.725));
#7140 = CARTESIAN_POINT('',(-0.559121551758,-1.408243103516,1.2));
#7141 = ADVANCED_FACE('',(#7142),#7152,.F.);
#7142 = FACE_BOUND('',#7143,.F.);
#7143 = EDGE_LOOP('',(#7144,#7145,#7150,#7151));
#7144 = ORIENTED_EDGE('',*,*,#6436,.T.);
#7145 = ORIENTED_EDGE('',*,*,#7146,.T.);
#7146 = EDGE_CURVE('',#6430,#6914,#7147,.T.);
#7147 = B_SPLINE_CURVE_WITH_KNOTS('',1,(#7148,#7149),.UNSPECIFIED.,.F.,
  .F.,(2,2),(0.,1.),.PIECEWISE_BEZIER_KNOTS.);
#7148 = CARTESIAN_POINT('',(-0.675,-1.3925,0.725));
#7149 = CARTESIAN_POINT('',(-0.608243103516,-1.359121551758,1.2));
#7150 = ORIENTED_EDGE('',*,*,#6913,.F.);
#7151 = ORIENTED_EDGE('',*,*,#7130,.F.);
#7152 = B_SPLINE_SURFACE_WITH_KNOTS('',1,1,(
    (#7153,#7154)
    ,(#7155,#7156
    )),.UNSPECIFIED.,.F.,.F.,.F.,(2,2),(2,2),(0.,0.116672618896),(0.,1.)
  ,.PIECEWISE_BEZIER_KNOTS.);
#7153 = CARTESIAN_POINT('',(-0.5925,-1.475,0.725));
#7154 = CARTESIAN_POINT('',(-0.559121551758,-1.408243103516,1.2));
#7155 = CARTESIAN_POINT('',(-0.675,-1.3925,0.725));
#7156 = CARTESIAN_POINT('',(-0.608243103516,-1.359121551758,1.2));
#7157 = ADVANCED_FACE('',(#7158),#7178,.F.);
#7158 = FACE_BOUND('',#7159,.F.);
#7159 = EDGE_LOOP('',(#7160,#7161,#7167,#7168,#7174,#7175,#7176,#7177));
#7160 = ORIENTED_EDGE('',*,*,#6461,.T.);
#7161 = ORIENTED_EDGE('',*,*,#7162,.T.);
#7162 = EDGE_CURVE('',#6454,#6834,#7163,.T.);
#7163 = LINE('',#7164,#7165);
#7164 = CARTESIAN_POINT('',(-0.675,-1.3925,0.725));
#7165 = VECTOR('',#7166,1.);
#7166 = DIRECTION('',(-2.22044604925E-16,1.,0.));
#7167 = ORIENTED_EDGE('',*,*,#6850,.T.);
#7168 = ORIENTED_EDGE('',*,*,#7169,.T.);
#7169 = EDGE_CURVE('',#6843,#6626,#7170,.T.);
#7170 = LINE('',#7171,#7172);
#7171 = CARTESIAN_POINT('',(-0.675,-1.3925,0.725));
#7172 = VECTOR('',#7173,1.);
#7173 = DIRECTION('',(-2.22044604925E-16,1.,0.));
#7174 = ORIENTED_EDGE('',*,*,#6635,.T.);
#7175 = ORIENTED_EDGE('',*,*,#6946,.T.);
#7176 = ORIENTED_EDGE('',*,*,#6921,.F.);
#7177 = ORIENTED_EDGE('',*,*,#7146,.F.);
#7178 = B_SPLINE_SURFACE_WITH_KNOTS('',1,1,(
    (#7179,#7180)
    ,(#7181,#7182
    )),.UNSPECIFIED.,.F.,.F.,.F.,(2,2),(2,2),(0.,2.785),(0.,1.),
  .PIECEWISE_BEZIER_KNOTS.);
#7179 = CARTESIAN_POINT('',(-0.675,-1.3925,0.725));
#7180 = CARTESIAN_POINT('',(-0.608243103516,-1.359121551758,1.2));
#7181 = CARTESIAN_POINT('',(-0.675,1.3925,0.725));
#7182 = CARTESIAN_POINT('',(-0.608243103516,1.359121551758,1.2));
#7183 = ADVANCED_FACE('',(#7184),#7195,.F.);
#7184 = FACE_BOUND('',#7185,.F.);
#7185 = EDGE_LOOP('',(#7186,#7187,#7193,#7194));
#7186 = ORIENTED_EDGE('',*,*,#6453,.F.);
#7187 = ORIENTED_EDGE('',*,*,#7188,.T.);
#7188 = EDGE_CURVE('',#5944,#6056,#7189,.T.);
#7189 = LINE('',#7190,#7191);
#7190 = CARTESIAN_POINT('',(-0.7,-1.15,0.725));
#7191 = VECTOR('',#7192,1.);
#7192 = DIRECTION('',(-9.95799250103E-17,1.,0.));
#7193 = ORIENTED_EDGE('',*,*,#6833,.T.);
#7194 = ORIENTED_EDGE('',*,*,#7162,.F.);
#7195 = PLANE('',#7196);
#7196 = AXIS2_PLACEMENT_3D('',#7197,#7198,#7199);
#7197 = CARTESIAN_POINT('',(-0.7,-1.15,0.725));
#7198 = DIRECTION('',(-0.,0.,-1.));
#7199 = DIRECTION('',(1.,9.95799250103E-17,0.));
#7200 = ADVANCED_FACE('',(#7201),#7212,.T.);
#7201 = FACE_BOUND('',#7202,.T.);
#7202 = EDGE_LOOP('',(#7203,#7204,#7205,#7206));
#7203 = ORIENTED_EDGE('',*,*,#6535,.T.);
#7204 = ORIENTED_EDGE('',*,*,#7188,.T.);
#7205 = ORIENTED_EDGE('',*,*,#6709,.F.);
#7206 = ORIENTED_EDGE('',*,*,#7207,.F.);
#7207 = EDGE_CURVE('',#6528,#6702,#7208,.T.);
#7208 = LINE('',#7209,#7210);
#7209 = CARTESIAN_POINT('',(-0.95,-1.15,0.475));
#7210 = VECTOR('',#7211,1.);
#7211 = DIRECTION('',(-9.95799250103E-17,1.,0.));
#7212 = CYLINDRICAL_SURFACE('',#7213,0.25);
#7213 = AXIS2_PLACEMENT_3D('',#7214,#7215,#7216);
#7214 = CARTESIAN_POINT('',(-0.7,-1.15,0.475));
#7215 = DIRECTION('',(9.95799250103E-17,-1.,-0.));
#7216 = DIRECTION('',(-1.,-9.95799250103E-17,0.));
#7217 = ADVANCED_FACE('',(#7218),#7229,.F.);
#7218 = FACE_BOUND('',#7219,.F.);
#7219 = EDGE_LOOP('',(#7220,#7226,#7227,#7228));
#7220 = ORIENTED_EDGE('',*,*,#7221,.T.);
#7221 = EDGE_CURVE('',#6519,#6693,#7222,.T.);
#7222 = LINE('',#7223,#7224);
#7223 = CARTESIAN_POINT('',(-0.95,-1.15,0.25));
#7224 = VECTOR('',#7225,1.);
#7225 = DIRECTION('',(-9.95799250103E-17,1.,0.));
#7226 = ORIENTED_EDGE('',*,*,#6701,.T.);
#7227 = ORIENTED_EDGE('',*,*,#7207,.F.);
#7228 = ORIENTED_EDGE('',*,*,#6527,.F.);
#7229 = PLANE('',#7230);
#7230 = AXIS2_PLACEMENT_3D('',#7231,#7232,#7233);
#7231 = CARTESIAN_POINT('',(-0.95,-1.15,0.25));
#7232 = DIRECTION('',(1.,9.95799250103E-17,0.));
#7233 = DIRECTION('',(0.,-0.,1.));
#7234 = ADVANCED_FACE('',(#7235),#7246,.F.);
#7235 = FACE_BOUND('',#7236,.F.);
#7236 = EDGE_LOOP('',(#7237,#7243,#7244,#7245));
#7237 = ORIENTED_EDGE('',*,*,#7238,.T.);
#7238 = EDGE_CURVE('',#6511,#6685,#7239,.T.);
#7239 = LINE('',#7240,#7241);
#7240 = CARTESIAN_POINT('',(-1.05,-1.15,0.15));
#7241 = VECTOR('',#7242,1.);
#7242 = DIRECTION('',(-9.95799250103E-17,1.,0.));
#7243 = ORIENTED_EDGE('',*,*,#6692,.T.);
#7244 = ORIENTED_EDGE('',*,*,#7221,.F.);
#7245 = ORIENTED_EDGE('',*,*,#6518,.F.);
#7246 = CYLINDRICAL_SURFACE('',#7247,0.1);
#7247 = AXIS2_PLACEMENT_3D('',#7248,#7249,#7250);
#7248 = CARTESIAN_POINT('',(-1.05,-1.15,0.25));
#7249 = DIRECTION('',(9.95799250103E-17,-1.,0.));
#7250 = DIRECTION('',(2.22044604925E-15,2.211118510737E-31,-1.));
#7251 = ADVANCED_FACE('',(#7252),#7263,.F.);
#7252 = FACE_BOUND('',#7253,.F.);
#7253 = EDGE_LOOP('',(#7254,#7260,#7261,#7262));
#7254 = ORIENTED_EDGE('',*,*,#7255,.T.);
#7255 = EDGE_CURVE('',#6503,#6677,#7256,.T.);
#7256 = LINE('',#7257,#7258);
#7257 = CARTESIAN_POINT('',(-1.25,-1.15,0.15));
#7258 = VECTOR('',#7259,1.);
#7259 = DIRECTION('',(-9.95799250103E-17,1.,0.));
#7260 = ORIENTED_EDGE('',*,*,#6684,.T.);
#7261 = ORIENTED_EDGE('',*,*,#7238,.F.);
#7262 = ORIENTED_EDGE('',*,*,#6510,.F.);
#7263 = PLANE('',#7264);
#7264 = AXIS2_PLACEMENT_3D('',#7265,#7266,#7267);
#7265 = CARTESIAN_POINT('',(-1.25,-1.15,0.15));
#7266 = DIRECTION('',(-0.,0.,-1.));
#7267 = DIRECTION('',(1.,9.95799250103E-17,0.));
#7268 = ADVANCED_FACE('',(#7269),#7280,.F.);
#7269 = FACE_BOUND('',#7270,.F.);
#7270 = EDGE_LOOP('',(#7271,#7277,#7278,#7279));
#7271 = ORIENTED_EDGE('',*,*,#7272,.T.);
#7272 = EDGE_CURVE('',#6495,#6669,#7273,.T.);
#7273 = LINE('',#7274,#7275);
#7274 = CARTESIAN_POINT('',(-1.25,-1.15,0.));
#7275 = VECTOR('',#7276,1.);
#7276 = DIRECTION('',(-9.95799250103E-17,1.,0.));
#7277 = ORIENTED_EDGE('',*,*,#6676,.T.);
#7278 = ORIENTED_EDGE('',*,*,#7255,.F.);
#7279 = ORIENTED_EDGE('',*,*,#6502,.F.);
#7280 = PLANE('',#7281);
#7281 = AXIS2_PLACEMENT_3D('',#7282,#7283,#7284);
#7282 = CARTESIAN_POINT('',(-1.25,-1.15,0.));
#7283 = DIRECTION('',(1.,9.95799250103E-17,0.));
#7284 = DIRECTION('',(0.,-0.,1.));
#7285 = ADVANCED_FACE('',(#7286),#7297,.F.);
#7286 = FACE_BOUND('',#7287,.F.);
#7287 = EDGE_LOOP('',(#7288,#7294,#7295,#7296));
#7288 = ORIENTED_EDGE('',*,*,#7289,.T.);
#7289 = EDGE_CURVE('',#6486,#6660,#7290,.T.);
#7290 = LINE('',#7291,#7292);
#7291 = CARTESIAN_POINT('',(-1.05,-1.15,0.));
#7292 = VECTOR('',#7293,1.);
#7293 = DIRECTION('',(-9.95799250103E-17,1.,0.));
#7294 = ORIENTED_EDGE('',*,*,#6668,.T.);
#7295 = ORIENTED_EDGE('',*,*,#7272,.F.);
#7296 = ORIENTED_EDGE('',*,*,#6494,.F.);
#7297 = PLANE('',#7298);
#7298 = AXIS2_PLACEMENT_3D('',#7299,#7300,#7301);
#7299 = CARTESIAN_POINT('',(-1.05,-1.15,0.));
#7300 = DIRECTION('',(0.,0.,1.));
#7301 = DIRECTION('',(-1.,-9.95799250103E-17,0.));
#7302 = ADVANCED_FACE('',(#7303),#7309,.T.);
#7303 = FACE_BOUND('',#7304,.T.);
#7304 = EDGE_LOOP('',(#7305,#7306,#7307,#7308));
#7305 = ORIENTED_EDGE('',*,*,#6485,.T.);
#7306 = ORIENTED_EDGE('',*,*,#7289,.T.);
#7307 = ORIENTED_EDGE('',*,*,#6659,.F.);
#7308 = ORIENTED_EDGE('',*,*,#6726,.F.);
#7309 = CYLINDRICAL_SURFACE('',#7310,0.25);
#7310 = AXIS2_PLACEMENT_3D('',#7311,#7312,#7313);
#7311 = CARTESIAN_POINT('',(-1.05,-1.15,0.25));
#7312 = DIRECTION('',(9.95799250103E-17,-1.,-0.));
#7313 = DIRECTION('',(1.,9.95799250103E-17,-4.440892098501E-16));
#7314 = ADVANCED_FACE('',(#7315),#7331,.T.);
#7315 = FACE_BOUND('',#7316,.T.);
#7316 = EDGE_LOOP('',(#7317,#7318,#7324,#7325));
#7317 = ORIENTED_EDGE('',*,*,#6801,.T.);
#7318 = ORIENTED_EDGE('',*,*,#7319,.T.);
#7319 = EDGE_CURVE('',#6065,#5966,#7320,.T.);
#7320 = LINE('',#7321,#7322);
#7321 = CARTESIAN_POINT('',(-0.7,0.75,0.725));
#7322 = VECTOR('',#7323,1.);
#7323 = DIRECTION('',(-9.95799250103E-17,1.,0.));
#7324 = ORIENTED_EDGE('',*,*,#6610,.F.);
#7325 = ORIENTED_EDGE('',*,*,#7326,.F.);
#7326 = EDGE_CURVE('',#6794,#6603,#7327,.T.);
#7327 = LINE('',#7328,#7329);
#7328 = CARTESIAN_POINT('',(-0.95,0.75,0.475));
#7329 = VECTOR('',#7330,1.);
#7330 = DIRECTION('',(-9.95799250103E-17,1.,0.));
#7331 = CYLINDRICAL_SURFACE('',#7332,0.25);
#7332 = AXIS2_PLACEMENT_3D('',#7333,#7334,#7335);
#7333 = CARTESIAN_POINT('',(-0.7,0.75,0.475));
#7334 = DIRECTION('',(9.95799250103E-17,-1.,-0.));
#7335 = DIRECTION('',(-1.,-9.95799250103E-17,0.));
#7336 = ADVANCED_FACE('',(#7337),#7348,.F.);
#7337 = FACE_BOUND('',#7338,.F.);
#7338 = EDGE_LOOP('',(#7339,#7345,#7346,#7347));
#7339 = ORIENTED_EDGE('',*,*,#7340,.T.);
#7340 = EDGE_CURVE('',#6785,#6594,#7341,.T.);
#7341 = LINE('',#7342,#7343);
#7342 = CARTESIAN_POINT('',(-0.95,0.75,0.25));
#7343 = VECTOR('',#7344,1.);
#7344 = DIRECTION('',(-9.95799250103E-17,1.,0.));
#7345 = ORIENTED_EDGE('',*,*,#6602,.T.);
#7346 = ORIENTED_EDGE('',*,*,#7326,.F.);
#7347 = ORIENTED_EDGE('',*,*,#6793,.F.);
#7348 = PLANE('',#7349);
#7349 = AXIS2_PLACEMENT_3D('',#7350,#7351,#7352);
#7350 = CARTESIAN_POINT('',(-0.95,0.75,0.25));
#7351 = DIRECTION('',(1.,9.95799250103E-17,0.));
#7352 = DIRECTION('',(0.,-0.,1.));
#7353 = ADVANCED_FACE('',(#7354),#7365,.F.);
#7354 = FACE_BOUND('',#7355,.F.);
#7355 = EDGE_LOOP('',(#7356,#7362,#7363,#7364));
#7356 = ORIENTED_EDGE('',*,*,#7357,.T.);
#7357 = EDGE_CURVE('',#6777,#6586,#7358,.T.);
#7358 = LINE('',#7359,#7360);
#7359 = CARTESIAN_POINT('',(-1.05,0.75,0.15));
#7360 = VECTOR('',#7361,1.);
#7361 = DIRECTION('',(-9.95799250103E-17,1.,0.));
#7362 = ORIENTED_EDGE('',*,*,#6593,.T.);
#7363 = ORIENTED_EDGE('',*,*,#7340,.F.);
#7364 = ORIENTED_EDGE('',*,*,#6784,.F.);
#7365 = CYLINDRICAL_SURFACE('',#7366,0.1);
#7366 = AXIS2_PLACEMENT_3D('',#7367,#7368,#7369);
#7367 = CARTESIAN_POINT('',(-1.05,0.75,0.25));
#7368 = DIRECTION('',(9.95799250103E-17,-1.,0.));
#7369 = DIRECTION('',(2.22044604925E-15,2.211118510737E-31,-1.));
#7370 = ADVANCED_FACE('',(#7371),#7382,.F.);
#7371 = FACE_BOUND('',#7372,.F.);
#7372 = EDGE_LOOP('',(#7373,#7379,#7380,#7381));
#7373 = ORIENTED_EDGE('',*,*,#7374,.T.);
#7374 = EDGE_CURVE('',#6769,#6578,#7375,.T.);
#7375 = LINE('',#7376,#7377);
#7376 = CARTESIAN_POINT('',(-1.25,0.75,0.15));
#7377 = VECTOR('',#7378,1.);
#7378 = DIRECTION('',(-9.95799250103E-17,1.,0.));
#7379 = ORIENTED_EDGE('',*,*,#6585,.T.);
#7380 = ORIENTED_EDGE('',*,*,#7357,.F.);
#7381 = ORIENTED_EDGE('',*,*,#6776,.F.);
#7382 = PLANE('',#7383);
#7383 = AXIS2_PLACEMENT_3D('',#7384,#7385,#7386);
#7384 = CARTESIAN_POINT('',(-1.25,0.75,0.15));
#7385 = DIRECTION('',(-0.,0.,-1.));
#7386 = DIRECTION('',(1.,9.95799250103E-17,0.));
#7387 = ADVANCED_FACE('',(#7388),#7399,.F.);
#7388 = FACE_BOUND('',#7389,.F.);
#7389 = EDGE_LOOP('',(#7390,#7396,#7397,#7398));
#7390 = ORIENTED_EDGE('',*,*,#7391,.T.);
#7391 = EDGE_CURVE('',#6761,#6570,#7392,.T.);
#7392 = LINE('',#7393,#7394);
#7393 = CARTESIAN_POINT('',(-1.25,0.75,0.));
#7394 = VECTOR('',#7395,1.);
#7395 = DIRECTION('',(-9.95799250103E-17,1.,0.));
#7396 = ORIENTED_EDGE('',*,*,#6577,.T.);
#7397 = ORIENTED_EDGE('',*,*,#7374,.F.);
#7398 = ORIENTED_EDGE('',*,*,#6768,.F.);
#7399 = PLANE('',#7400);
#7400 = AXIS2_PLACEMENT_3D('',#7401,#7402,#7403);
#7401 = CARTESIAN_POINT('',(-1.25,0.75,0.));
#7402 = DIRECTION('',(1.,9.95799250103E-17,0.));
#7403 = DIRECTION('',(0.,-0.,1.));
#7404 = ADVANCED_FACE('',(#7405),#7416,.F.);
#7405 = FACE_BOUND('',#7406,.F.);
#7406 = EDGE_LOOP('',(#7407,#7413,#7414,#7415));
#7407 = ORIENTED_EDGE('',*,*,#7408,.T.);
#7408 = EDGE_CURVE('',#6752,#6561,#7409,.T.);
#7409 = LINE('',#7410,#7411);
#7410 = CARTESIAN_POINT('',(-1.05,0.75,0.));
#7411 = VECTOR('',#7412,1.);
#7412 = DIRECTION('',(-9.95799250103E-17,1.,0.));
#7413 = ORIENTED_EDGE('',*,*,#6569,.T.);
#7414 = ORIENTED_EDGE('',*,*,#7391,.F.);
#7415 = ORIENTED_EDGE('',*,*,#6760,.F.);
#7416 = PLANE('',#7417);
#7417 = AXIS2_PLACEMENT_3D('',#7418,#7419,#7420);
#7418 = CARTESIAN_POINT('',(-1.05,0.75,0.));
#7419 = DIRECTION('',(0.,0.,1.));
#7420 = DIRECTION('',(-1.,-9.95799250103E-17,0.));
#7421 = ADVANCED_FACE('',(#7422),#7428,.T.);
#7422 = FACE_BOUND('',#7423,.T.);
#7423 = EDGE_LOOP('',(#7424,#7425,#7426,#7427));
#7424 = ORIENTED_EDGE('',*,*,#6751,.T.);
#7425 = ORIENTED_EDGE('',*,*,#7408,.T.);
#7426 = ORIENTED_EDGE('',*,*,#6560,.F.);
#7427 = ORIENTED_EDGE('',*,*,#6818,.F.);
#7428 = CYLINDRICAL_SURFACE('',#7429,0.25);
#7429 = AXIS2_PLACEMENT_3D('',#7430,#7431,#7432);
#7430 = CARTESIAN_POINT('',(-1.05,0.75,0.25));
#7431 = DIRECTION('',(9.95799250103E-17,-1.,-0.));
#7432 = DIRECTION('',(1.,9.95799250103E-17,-4.440892098501E-16));
#7433 = ADVANCED_FACE('',(#7434),#7440,.F.);
#7434 = FACE_BOUND('',#7435,.F.);
#7435 = EDGE_LOOP('',(#7436,#7437,#7438,#7439));
#7436 = ORIENTED_EDGE('',*,*,#6842,.F.);
#7437 = ORIENTED_EDGE('',*,*,#7319,.T.);
#7438 = ORIENTED_EDGE('',*,*,#6625,.T.);
#7439 = ORIENTED_EDGE('',*,*,#7169,.F.);
#7440 = PLANE('',#7441);
#7441 = AXIS2_PLACEMENT_3D('',#7442,#7443,#7444);
#7442 = CARTESIAN_POINT('',(-0.7,0.75,0.725));
#7443 = DIRECTION('',(-0.,0.,-1.));
#7444 = DIRECTION('',(1.,9.95799250103E-17,0.));
#7445 = ( GEOMETRIC_REPRESENTATION_CONTEXT(3) 
GLOBAL_UNCERTAINTY_ASSIGNED_CONTEXT((#7449)) 
GLOBAL_UNIT_ASSIGNED_CONTEXT((#7446,#7447,#7448)) REPRESENTATION_CONTEXT
('Context #1','3D Context with UNIT and UNCERTAINTY') );
#7446 = ( LENGTH_UNIT() NAMED_UNIT(*) SI_UNIT(.MILLI.,.METRE.) );
#7447 = ( NAMED_UNIT(*) PLANE_ANGLE_UNIT() SI_UNIT($,.RADIAN.) );
#7448 = ( NAMED_UNIT(*) SI_UNIT($,.STERADIAN.) SOLID_ANGLE_UNIT() );
#7449 = UNCERTAINTY_MEASURE_WITH_UNIT(LENGTH_MEASURE(2.E-06),#7446,
  'distance_accuracy_value','confusion accuracy');
#7450 = CONTEXT_DEPENDENT_SHAPE_REPRESENTATION(#7451,#7453);
#7451 = ( REPRESENTATION_RELATIONSHIP('','',#5370,#5347) 
REPRESENTATION_RELATIONSHIP_WITH_TRANSFORMATION(#7452) 
SHAPE_REPRESENTATION_RELATIONSHIP() );
#7452 = ITEM_DEFINED_TRANSFORMATION('','',#11,#5348);
#7453 = PRODUCT_DEFINITION_SHAPE('Placement','Placement of an item',
  #7454);
#7454 = NEXT_ASSEMBLY_USAGE_OCCURRENCE('24','=>[0:1:1:13]','',#5342,
  #5365,$);
#7455 = PRODUCT_RELATED_PRODUCT_CATEGORY('part',$,(#5367));
#7456 = CONTEXT_DEPENDENT_SHAPE_REPRESENTATION(#7457,#7459);
#7457 = ( REPRESENTATION_RELATIONSHIP('','',#5347,#10) 
REPRESENTATION_RELATIONSHIP_WITH_TRANSFORMATION(#7458) 
SHAPE_REPRESENTATION_RELATIONSHIP() );
#7458 = ITEM_DEFINED_TRANSFORMATION('','',#11,#91);
#7459 = PRODUCT_DEFINITION_SHAPE('Placement','Placement of an item',
  #7460);
#7460 = NEXT_ASSEMBLY_USAGE_OCCURRENCE('26','D1','',#5,#5342,$);
#7461 = CONTEXT_DEPENDENT_SHAPE_REPRESENTATION(#7462,#7464);
#7462 = ( REPRESENTATION_RELATIONSHIP('','',#1362,#10) 
REPRESENTATION_RELATIONSHIP_WITH_TRANSFORMATION(#7463) 
SHAPE_REPRESENTATION_RELATIONSHIP() );
#7463 = ITEM_DEFINED_TRANSFORMATION('','',#11,#95);
#7464 = PRODUCT_DEFINITION_SHAPE('Placement','Placement of an item',
  #7465);
#7465 = NEXT_ASSEMBLY_USAGE_OCCURRENCE('27','J2','',#5,#1357,$);
#7466 = CONTEXT_DEPENDENT_SHAPE_REPRESENTATION(#7467,#7469);
#7467 = ( REPRESENTATION_RELATIONSHIP('','',#2693,#10) 
REPRESENTATION_RELATIONSHIP_WITH_TRANSFORMATION(#7468) 
SHAPE_REPRESENTATION_RELATIONSHIP() );
#7468 = ITEM_DEFINED_TRANSFORMATION('','',#11,#99);
#7469 = PRODUCT_DEFINITION_SHAPE('Placement','Placement of an item',
  #7470);
#7470 = NEXT_ASSEMBLY_USAGE_OCCURRENCE('28','C4','',#5,#2688,$);
#7471 = CONTEXT_DEPENDENT_SHAPE_REPRESENTATION(#7472,#7474);
#7472 = ( REPRESENTATION_RELATIONSHIP('','',#933,#10) 
REPRESENTATION_RELATIONSHIP_WITH_TRANSFORMATION(#7473) 
SHAPE_REPRESENTATION_RELATIONSHIP() );
#7473 = ITEM_DEFINED_TRANSFORMATION('','',#11,#103);
#7474 = PRODUCT_DEFINITION_SHAPE('Placement','Placement of an item',
  #7475);
#7475 = NEXT_ASSEMBLY_USAGE_OCCURRENCE('29','R7','',#5,#928,$);
#7476 = CONTEXT_DEPENDENT_SHAPE_REPRESENTATION(#7477,#7479);
#7477 = ( REPRESENTATION_RELATIONSHIP('','',#128,#10) 
REPRESENTATION_RELATIONSHIP_WITH_TRANSFORMATION(#7478) 
SHAPE_REPRESENTATION_RELATIONSHIP() );
#7478 = ITEM_DEFINED_TRANSFORMATION('','',#11,#107);
#7479 = PRODUCT_DEFINITION_SHAPE('Placement','Placement of an item',
  #7480);
#7480 = NEXT_ASSEMBLY_USAGE_OCCURRENCE('30','GNDCH0','',#5,#123,$);
#7481 = SHAPE_DEFINITION_REPRESENTATION(#7482,#7488);
#7482 = PRODUCT_DEFINITION_SHAPE('','',#7483);
#7483 = PRODUCT_DEFINITION('design','',#7484,#7487);
#7484 = PRODUCT_DEFINITION_FORMATION('','',#7485);
#7485 = PRODUCT('soverign_PCB','soverign_PCB','',(#7486));
#7486 = PRODUCT_CONTEXT('',#2,'mechanical');
#7487 = PRODUCT_DEFINITION_CONTEXT('part definition',#2,'design');
#7488 = ADVANCED_BREP_SHAPE_REPRESENTATION('',(#11,#7489),#13609);
#7489 = MANIFOLD_SOLID_BREP('',#7490);
#7490 = CLOSED_SHELL('',(#7491,#7533,#7564,#7595,#9253,#10911,#10928,
    #10945,#10962,#10979,#10991,#11008,#11025,#11042,#11059,#11081,
    #11098,#11115,#11127,#11144,#11161,#11178,#11200,#11217,#11234,
    #11246,#11263,#11280,#11297,#11319,#11336,#11353,#11365,#11382,
    #11404,#11421,#11438,#11450,#11472,#11489,#11506,#11518,#11535,
    #11557,#11574,#11591,#11603,#11620,#11637,#11654,#11671,#11688,
    #11705,#11722,#11739,#11756,#11773,#11790,#11807,#11824,#11841,
    #11858,#11875,#11892,#11909,#11926,#11943,#11960,#11977,#11994,
    #12011,#12028,#12045,#12062,#12079,#12096,#12113,#12130,#12147,
    #12164,#12181,#12198,#12215,#12232,#12249,#12266,#12283,#12300,
    #12317,#12334,#12351,#12368,#12385,#12402,#12419,#12436,#12453,
    #12470,#12487,#12504,#12521,#12538,#12555,#12572,#12589,#12606,
    #12623,#12640,#12657,#12674,#12691,#12708,#12725,#12742,#12759,
    #12776,#12793,#12810,#12827,#12844,#12861,#12878,#12895,#12912,
    #12929,#12946,#12963,#12980,#13002,#13019,#13036,#13048,#13070,
    #13087,#13104,#13116,#13138,#13155,#13172,#13184,#13201,#13218,
    #13235,#13252,#13269,#13286,#13303,#13325,#13342,#13359,#13371,
    #13388,#13405,#13422,#13439,#13456,#13473,#13490,#13512,#13529,
    #13546,#13558,#13575,#13592));
#7491 = ADVANCED_FACE('',(#7492),#7528,.T.);
#7492 = FACE_BOUND('',#7493,.T.);
#7493 = EDGE_LOOP('',(#7494,#7504,#7513,#7521));
#7494 = ORIENTED_EDGE('',*,*,#7495,.T.);
#7495 = EDGE_CURVE('',#7496,#7498,#7500,.T.);
#7496 = VERTEX_POINT('',#7497);
#7497 = CARTESIAN_POINT('',(225.5,-56.5,0.));
#7498 = VERTEX_POINT('',#7499);
#7499 = CARTESIAN_POINT('',(225.5,-56.5,1.6));
#7500 = LINE('',#7501,#7502);
#7501 = CARTESIAN_POINT('',(225.5,-56.5,0.));
#7502 = VECTOR('',#7503,1.);
#7503 = DIRECTION('',(0.,0.,1.));
#7504 = ORIENTED_EDGE('',*,*,#7505,.T.);
#7505 = EDGE_CURVE('',#7498,#7506,#7508,.T.);
#7506 = VERTEX_POINT('',#7507);
#7507 = CARTESIAN_POINT('',(235.5,-66.5,1.6));
#7508 = CIRCLE('',#7509,9.999999357669);
#7509 = AXIS2_PLACEMENT_3D('',#7510,#7511,#7512);
#7510 = CARTESIAN_POINT('',(225.50000064233,-66.49999935766,1.6));
#7511 = DIRECTION('',(0.,0.,-1.));
#7512 = DIRECTION('',(-6.423314133505E-08,1.,0.));
#7513 = ORIENTED_EDGE('',*,*,#7514,.F.);
#7514 = EDGE_CURVE('',#7515,#7506,#7517,.T.);
#7515 = VERTEX_POINT('',#7516);
#7516 = CARTESIAN_POINT('',(235.5,-66.5,0.));
#7517 = LINE('',#7518,#7519);
#7518 = CARTESIAN_POINT('',(235.5,-66.5,0.));
#7519 = VECTOR('',#7520,1.);
#7520 = DIRECTION('',(0.,0.,1.));
#7521 = ORIENTED_EDGE('',*,*,#7522,.F.);
#7522 = EDGE_CURVE('',#7496,#7515,#7523,.T.);
#7523 = CIRCLE('',#7524,9.999999357669);
#7524 = AXIS2_PLACEMENT_3D('',#7525,#7526,#7527);
#7525 = CARTESIAN_POINT('',(225.50000064233,-66.49999935766,0.));
#7526 = DIRECTION('',(0.,0.,-1.));
#7527 = DIRECTION('',(-6.423314133505E-08,1.,0.));
#7528 = CYLINDRICAL_SURFACE('',#7529,9.999999357669);
#7529 = AXIS2_PLACEMENT_3D('',#7530,#7531,#7532);
#7530 = CARTESIAN_POINT('',(225.50000064233,-66.49999935766,0.));
#7531 = DIRECTION('',(0.,0.,-1.));
#7532 = DIRECTION('',(-6.423314133505E-08,1.,0.));
#7533 = ADVANCED_FACE('',(#7534),#7559,.T.);
#7534 = FACE_BOUND('',#7535,.T.);
#7535 = EDGE_LOOP('',(#7536,#7546,#7552,#7553));
#7536 = ORIENTED_EDGE('',*,*,#7537,.T.);
#7537 = EDGE_CURVE('',#7538,#7540,#7542,.T.);
#7538 = VERTEX_POINT('',#7539);
#7539 = CARTESIAN_POINT('',(73.5,-56.5,0.));
#7540 = VERTEX_POINT('',#7541);
#7541 = CARTESIAN_POINT('',(73.5,-56.5,1.6));
#7542 = LINE('',#7543,#7544);
#7543 = CARTESIAN_POINT('',(73.5,-56.5,0.));
#7544 = VECTOR('',#7545,1.);
#7545 = DIRECTION('',(0.,0.,1.));
#7546 = ORIENTED_EDGE('',*,*,#7547,.T.);
#7547 = EDGE_CURVE('',#7540,#7498,#7548,.T.);
#7548 = LINE('',#7549,#7550);
#7549 = CARTESIAN_POINT('',(73.5,-56.5,1.6));
#7550 = VECTOR('',#7551,1.);
#7551 = DIRECTION('',(1.,0.,0.));
#7552 = ORIENTED_EDGE('',*,*,#7495,.F.);
#7553 = ORIENTED_EDGE('',*,*,#7554,.F.);
#7554 = EDGE_CURVE('',#7538,#7496,#7555,.T.);
#7555 = LINE('',#7556,#7557);
#7556 = CARTESIAN_POINT('',(73.5,-56.5,0.));
#7557 = VECTOR('',#7558,1.);
#7558 = DIRECTION('',(1.,0.,0.));
#7559 = PLANE('',#7560);
#7560 = AXIS2_PLACEMENT_3D('',#7561,#7562,#7563);
#7561 = CARTESIAN_POINT('',(73.5,-56.5,0.));
#7562 = DIRECTION('',(0.,1.,0.));
#7563 = DIRECTION('',(1.,0.,0.));
#7564 = ADVANCED_FACE('',(#7565),#7590,.T.);
#7565 = FACE_BOUND('',#7566,.T.);
#7566 = EDGE_LOOP('',(#7567,#7568,#7576,#7584));
#7567 = ORIENTED_EDGE('',*,*,#7514,.T.);
#7568 = ORIENTED_EDGE('',*,*,#7569,.T.);
#7569 = EDGE_CURVE('',#7506,#7570,#7572,.T.);
#7570 = VERTEX_POINT('',#7571);
#7571 = CARTESIAN_POINT('',(235.5,-151.,1.6));
#7572 = LINE('',#7573,#7574);
#7573 = CARTESIAN_POINT('',(235.5,-66.5,1.6));
#7574 = VECTOR('',#7575,1.);
#7575 = DIRECTION('',(0.,-1.,0.));
#7576 = ORIENTED_EDGE('',*,*,#7577,.F.);
#7577 = EDGE_CURVE('',#7578,#7570,#7580,.T.);
#7578 = VERTEX_POINT('',#7579);
#7579 = CARTESIAN_POINT('',(235.5,-151.,0.));
#7580 = LINE('',#7581,#7582);
#7581 = CARTESIAN_POINT('',(235.5,-151.,0.));
#7582 = VECTOR('',#7583,1.);
#7583 = DIRECTION('',(0.,0.,1.));
#7584 = ORIENTED_EDGE('',*,*,#7585,.F.);
#7585 = EDGE_CURVE('',#7515,#7578,#7586,.T.);
#7586 = LINE('',#7587,#7588);
#7587 = CARTESIAN_POINT('',(235.5,-66.5,0.));
#7588 = VECTOR('',#7589,1.);
#7589 = DIRECTION('',(0.,-1.,0.));
#7590 = PLANE('',#7591);
#7591 = AXIS2_PLACEMENT_3D('',#7592,#7593,#7594);
#7592 = CARTESIAN_POINT('',(235.5,-66.5,0.));
#7593 = DIRECTION('',(1.,0.,-0.));
#7594 = DIRECTION('',(0.,-1.,0.));
#7595 = ADVANCED_FACE('',(#7596,#7642,#7653,#7664,#7675,#7686,#7722,
    #7733,#7744,#7755,#7791,#7802,#7813,#7824,#7860,#7871,#7907,#7943,
    #7954,#7990,#8001,#8012,#8023,#8034,#8045,#8056,#8067,#8078,#8089,
    #8100,#8111,#8122,#8133,#8144,#8155,#8166,#8177,#8188,#8199,#8210,
    #8221,#8232,#8243,#8254,#8265,#8276,#8287,#8298,#8309,#8320,#8331,
    #8342,#8353,#8364,#8375,#8386,#8397,#8408,#8419,#8430,#8441,#8452,
    #8463,#8474,#8485,#8496,#8507,#8518,#8529,#8540,#8551,#8562,#8573,
    #8584,#8595,#8606,#8617,#8628,#8639,#8650,#8661,#8672,#8683,#8694,
    #8705,#8716,#8727,#8738,#8749,#8760,#8771,#8782,#8793,#8804,#8815,
    #8826,#8837,#8848,#8859,#8870,#8881,#8917,#8953,#8989,#9000,#9011,
    #9022,#9033,#9044,#9055,#9066,#9102,#9113,#9124,#9135,#9146,#9157,
    #9168,#9179,#9215,#9226,#9237),#9248,.F.);
#7596 = FACE_BOUND('',#7597,.F.);
#7597 = EDGE_LOOP('',(#7598,#7599,#7600,#7609,#7617,#7626,#7634,#7641));
#7598 = ORIENTED_EDGE('',*,*,#7522,.F.);
#7599 = ORIENTED_EDGE('',*,*,#7554,.F.);
#7600 = ORIENTED_EDGE('',*,*,#7601,.F.);
#7601 = EDGE_CURVE('',#7602,#7538,#7604,.T.);
#7602 = VERTEX_POINT('',#7603);
#7603 = CARTESIAN_POINT('',(63.5,-66.5,0.));
#7604 = CIRCLE('',#7605,9.999999357669);
#7605 = AXIS2_PLACEMENT_3D('',#7606,#7607,#7608);
#7606 = CARTESIAN_POINT('',(73.499999357669,-66.49999935766,0.));
#7607 = DIRECTION('',(0.,0.,-1.));
#7608 = DIRECTION('',(-1.,-6.423314275614E-08,-0.));
#7609 = ORIENTED_EDGE('',*,*,#7610,.F.);
#7610 = EDGE_CURVE('',#7611,#7602,#7613,.T.);
#7611 = VERTEX_POINT('',#7612);
#7612 = CARTESIAN_POINT('',(63.5,-151.,0.));
#7613 = LINE('',#7614,#7615);
#7614 = CARTESIAN_POINT('',(63.5,-151.,0.));
#7615 = VECTOR('',#7616,1.);
#7616 = DIRECTION('',(0.,1.,0.));
#7617 = ORIENTED_EDGE('',*,*,#7618,.F.);
#7618 = EDGE_CURVE('',#7619,#7611,#7621,.T.);
#7619 = VERTEX_POINT('',#7620);
#7620 = CARTESIAN_POINT('',(73.5,-161.,0.));
#7621 = CIRCLE('',#7622,9.999999357669);
#7622 = AXIS2_PLACEMENT_3D('',#7623,#7624,#7625);
#7623 = CARTESIAN_POINT('',(73.499999357669,-151.0000006423,0.));
#7624 = DIRECTION('',(0.,0.,-1.));
#7625 = DIRECTION('',(6.423314275614E-08,-1.,0.));
#7626 = ORIENTED_EDGE('',*,*,#7627,.F.);
#7627 = EDGE_CURVE('',#7628,#7619,#7630,.T.);
#7628 = VERTEX_POINT('',#7629);
#7629 = CARTESIAN_POINT('',(225.5,-161.,0.));
#7630 = LINE('',#7631,#7632);
#7631 = CARTESIAN_POINT('',(225.5,-161.,0.));
#7632 = VECTOR('',#7633,1.);
#7633 = DIRECTION('',(-1.,0.,0.));
#7634 = ORIENTED_EDGE('',*,*,#7635,.F.);
#7635 = EDGE_CURVE('',#7578,#7628,#7636,.T.);
#7636 = CIRCLE('',#7637,9.999999357669);
#7637 = AXIS2_PLACEMENT_3D('',#7638,#7639,#7640);
#7638 = CARTESIAN_POINT('',(225.50000064233,-151.0000006423,0.));
#7639 = DIRECTION('',(0.,0.,-1.));
#7640 = DIRECTION('',(1.,6.423314133505E-08,0.));
#7641 = ORIENTED_EDGE('',*,*,#7585,.F.);
#7642 = FACE_BOUND('',#7643,.F.);
#7643 = EDGE_LOOP('',(#7644));
#7644 = ORIENTED_EDGE('',*,*,#7645,.T.);
#7645 = EDGE_CURVE('',#7646,#7646,#7648,.T.);
#7646 = VERTEX_POINT('',#7647);
#7647 = CARTESIAN_POINT('',(71.,-154.1,0.));
#7648 = CIRCLE('',#7649,1.1);
#7649 = AXIS2_PLACEMENT_3D('',#7650,#7651,#7652);
#7650 = CARTESIAN_POINT('',(71.,-153.,0.));
#7651 = DIRECTION('',(-0.,0.,-1.));
#7652 = DIRECTION('',(-0.,-1.,0.));
#7653 = FACE_BOUND('',#7654,.F.);
#7654 = EDGE_LOOP('',(#7655));
#7655 = ORIENTED_EDGE('',*,*,#7656,.T.);
#7656 = EDGE_CURVE('',#7657,#7657,#7659,.T.);
#7657 = VERTEX_POINT('',#7658);
#7658 = CARTESIAN_POINT('',(75.5,-147.6,0.));
#7659 = CIRCLE('',#7660,0.6);
#7660 = AXIS2_PLACEMENT_3D('',#7661,#7662,#7663);
#7661 = CARTESIAN_POINT('',(75.5,-147.,0.));
#7662 = DIRECTION('',(-0.,0.,-1.));
#7663 = DIRECTION('',(-0.,-1.,0.));
#7664 = FACE_BOUND('',#7665,.F.);
#7665 = EDGE_LOOP('',(#7666));
#7666 = ORIENTED_EDGE('',*,*,#7667,.T.);
#7667 = EDGE_CURVE('',#7668,#7668,#7670,.T.);
#7668 = VERTEX_POINT('',#7669);
#7669 = CARTESIAN_POINT('',(75.5,-145.1,0.));
#7670 = CIRCLE('',#7671,0.6);
#7671 = AXIS2_PLACEMENT_3D('',#7672,#7673,#7674);
#7672 = CARTESIAN_POINT('',(75.5,-144.5,0.));
#7673 = DIRECTION('',(-0.,0.,-1.));
#7674 = DIRECTION('',(-0.,-1.,0.));
#7675 = FACE_BOUND('',#7676,.F.);
#7676 = EDGE_LOOP('',(#7677));
#7677 = ORIENTED_EDGE('',*,*,#7678,.T.);
#7678 = EDGE_CURVE('',#7679,#7679,#7681,.T.);
#7679 = VERTEX_POINT('',#7680);
#7680 = CARTESIAN_POINT('',(85.5,-147.6,0.));
#7681 = CIRCLE('',#7682,0.6);
#7682 = AXIS2_PLACEMENT_3D('',#7683,#7684,#7685);
#7683 = CARTESIAN_POINT('',(85.5,-147.,0.));
#7684 = DIRECTION('',(-0.,0.,-1.));
#7685 = DIRECTION('',(-0.,-1.,0.));
#7686 = FACE_BOUND('',#7687,.F.);
#7687 = EDGE_LOOP('',(#7688,#7699,#7707,#7716));
#7688 = ORIENTED_EDGE('',*,*,#7689,.T.);
#7689 = EDGE_CURVE('',#7690,#7692,#7694,.T.);
#7690 = VERTEX_POINT('',#7691);
#7691 = CARTESIAN_POINT('',(81.,-144.3,0.));
#7692 = VERTEX_POINT('',#7693);
#7693 = CARTESIAN_POINT('',(81.,-144.7,0.));
#7694 = CIRCLE('',#7695,0.2);
#7695 = AXIS2_PLACEMENT_3D('',#7696,#7697,#7698);
#7696 = CARTESIAN_POINT('',(81.,-144.5,0.));
#7697 = DIRECTION('',(-0.,0.,-1.));
#7698 = DIRECTION('',(-0.,-1.,0.));
#7699 = ORIENTED_EDGE('',*,*,#7700,.T.);
#7700 = EDGE_CURVE('',#7692,#7701,#7703,.T.);
#7701 = VERTEX_POINT('',#7702);
#7702 = CARTESIAN_POINT('',(80.,-144.7,0.));
#7703 = LINE('',#7704,#7705);
#7704 = CARTESIAN_POINT('',(40.,-144.7,0.));
#7705 = VECTOR('',#7706,1.);
#7706 = DIRECTION('',(-1.,0.,0.));
#7707 = ORIENTED_EDGE('',*,*,#7708,.T.);
#7708 = EDGE_CURVE('',#7701,#7709,#7711,.T.);
#7709 = VERTEX_POINT('',#7710);
#7710 = CARTESIAN_POINT('',(80.,-144.3,0.));
#7711 = CIRCLE('',#7712,0.2);
#7712 = AXIS2_PLACEMENT_3D('',#7713,#7714,#7715);
#7713 = CARTESIAN_POINT('',(80.,-144.5,0.));
#7714 = DIRECTION('',(-0.,0.,-1.));
#7715 = DIRECTION('',(0.,1.,0.));
#7716 = ORIENTED_EDGE('',*,*,#7717,.T.);
#7717 = EDGE_CURVE('',#7709,#7690,#7718,.T.);
#7718 = LINE('',#7719,#7720);
#7719 = CARTESIAN_POINT('',(40.5,-144.3,0.));
#7720 = VECTOR('',#7721,1.);
#7721 = DIRECTION('',(1.,0.,-0.));
#7722 = FACE_BOUND('',#7723,.F.);
#7723 = EDGE_LOOP('',(#7724));
#7724 = ORIENTED_EDGE('',*,*,#7725,.T.);
#7725 = EDGE_CURVE('',#7726,#7726,#7728,.T.);
#7726 = VERTEX_POINT('',#7727);
#7727 = CARTESIAN_POINT('',(85.5,-145.1,0.));
#7728 = CIRCLE('',#7729,0.6);
#7729 = AXIS2_PLACEMENT_3D('',#7730,#7731,#7732);
#7730 = CARTESIAN_POINT('',(85.5,-144.5,0.));
#7731 = DIRECTION('',(-0.,0.,-1.));
#7732 = DIRECTION('',(-0.,-1.,0.));
#7733 = FACE_BOUND('',#7734,.F.);
#7734 = EDGE_LOOP('',(#7735));
#7735 = ORIENTED_EDGE('',*,*,#7736,.T.);
#7736 = EDGE_CURVE('',#7737,#7737,#7739,.T.);
#7737 = VERTEX_POINT('',#7738);
#7738 = CARTESIAN_POINT('',(90.5,-147.6,0.));
#7739 = CIRCLE('',#7740,0.6);
#7740 = AXIS2_PLACEMENT_3D('',#7741,#7742,#7743);
#7741 = CARTESIAN_POINT('',(90.5,-147.,0.));
#7742 = DIRECTION('',(-0.,0.,-1.));
#7743 = DIRECTION('',(-0.,-1.,0.));
#7744 = FACE_BOUND('',#7745,.F.);
#7745 = EDGE_LOOP('',(#7746));
#7746 = ORIENTED_EDGE('',*,*,#7747,.T.);
#7747 = EDGE_CURVE('',#7748,#7748,#7750,.T.);
#7748 = VERTEX_POINT('',#7749);
#7749 = CARTESIAN_POINT('',(90.5,-145.1,0.));
#7750 = CIRCLE('',#7751,0.6);
#7751 = AXIS2_PLACEMENT_3D('',#7752,#7753,#7754);
#7752 = CARTESIAN_POINT('',(90.5,-144.5,0.));
#7753 = DIRECTION('',(-0.,0.,-1.));
#7754 = DIRECTION('',(-0.,-1.,0.));
#7755 = FACE_BOUND('',#7756,.F.);
#7756 = EDGE_LOOP('',(#7757,#7768,#7776,#7785));
#7757 = ORIENTED_EDGE('',*,*,#7758,.T.);
#7758 = EDGE_CURVE('',#7759,#7761,#7763,.T.);
#7759 = VERTEX_POINT('',#7760);
#7760 = CARTESIAN_POINT('',(96.,-144.3,0.));
#7761 = VERTEX_POINT('',#7762);
#7762 = CARTESIAN_POINT('',(96.,-144.7,0.));
#7763 = CIRCLE('',#7764,0.2);
#7764 = AXIS2_PLACEMENT_3D('',#7765,#7766,#7767);
#7765 = CARTESIAN_POINT('',(96.,-144.5,0.));
#7766 = DIRECTION('',(-0.,0.,-1.));
#7767 = DIRECTION('',(-0.,-1.,0.));
#7768 = ORIENTED_EDGE('',*,*,#7769,.T.);
#7769 = EDGE_CURVE('',#7761,#7770,#7772,.T.);
#7770 = VERTEX_POINT('',#7771);
#7771 = CARTESIAN_POINT('',(95.,-144.7,0.));
#7772 = LINE('',#7773,#7774);
#7773 = CARTESIAN_POINT('',(47.5,-144.7,0.));
#7774 = VECTOR('',#7775,1.);
#7775 = DIRECTION('',(-1.,0.,0.));
#7776 = ORIENTED_EDGE('',*,*,#7777,.T.);
#7777 = EDGE_CURVE('',#7770,#7778,#7780,.T.);
#7778 = VERTEX_POINT('',#7779);
#7779 = CARTESIAN_POINT('',(95.,-144.3,0.));
#7780 = CIRCLE('',#7781,0.2);
#7781 = AXIS2_PLACEMENT_3D('',#7782,#7783,#7784);
#7782 = CARTESIAN_POINT('',(95.,-144.5,0.));
#7783 = DIRECTION('',(-0.,0.,-1.));
#7784 = DIRECTION('',(0.,1.,0.));
#7785 = ORIENTED_EDGE('',*,*,#7786,.T.);
#7786 = EDGE_CURVE('',#7778,#7759,#7787,.T.);
#7787 = LINE('',#7788,#7789);
#7788 = CARTESIAN_POINT('',(48.,-144.3,0.));
#7789 = VECTOR('',#7790,1.);
#7790 = DIRECTION('',(1.,0.,-0.));
#7791 = FACE_BOUND('',#7792,.F.);
#7792 = EDGE_LOOP('',(#7793));
#7793 = ORIENTED_EDGE('',*,*,#7794,.T.);
#7794 = EDGE_CURVE('',#7795,#7795,#7797,.T.);
#7795 = VERTEX_POINT('',#7796);
#7796 = CARTESIAN_POINT('',(100.5,-147.6,0.));
#7797 = CIRCLE('',#7798,0.6);
#7798 = AXIS2_PLACEMENT_3D('',#7799,#7800,#7801);
#7799 = CARTESIAN_POINT('',(100.5,-147.,0.));
#7800 = DIRECTION('',(-0.,0.,-1.));
#7801 = DIRECTION('',(-0.,-1.,0.));
#7802 = FACE_BOUND('',#7803,.F.);
#7803 = EDGE_LOOP('',(#7804));
#7804 = ORIENTED_EDGE('',*,*,#7805,.T.);
#7805 = EDGE_CURVE('',#7806,#7806,#7808,.T.);
#7806 = VERTEX_POINT('',#7807);
#7807 = CARTESIAN_POINT('',(100.5,-145.1,0.));
#7808 = CIRCLE('',#7809,0.6);
#7809 = AXIS2_PLACEMENT_3D('',#7810,#7811,#7812);
#7810 = CARTESIAN_POINT('',(100.5,-144.5,0.));
#7811 = DIRECTION('',(-0.,0.,-1.));
#7812 = DIRECTION('',(-0.,-1.,0.));
#7813 = FACE_BOUND('',#7814,.F.);
#7814 = EDGE_LOOP('',(#7815));
#7815 = ORIENTED_EDGE('',*,*,#7816,.T.);
#7816 = EDGE_CURVE('',#7817,#7817,#7819,.T.);
#7817 = VERTEX_POINT('',#7818);
#7818 = CARTESIAN_POINT('',(108.66,-146.5,0.));
#7819 = CIRCLE('',#7820,1.5);
#7820 = AXIS2_PLACEMENT_3D('',#7821,#7822,#7823);
#7821 = CARTESIAN_POINT('',(108.66,-145.,0.));
#7822 = DIRECTION('',(-0.,0.,-1.));
#7823 = DIRECTION('',(-0.,-1.,0.));
#7824 = FACE_BOUND('',#7825,.F.);
#7825 = EDGE_LOOP('',(#7826,#7837,#7845,#7854));
#7826 = ORIENTED_EDGE('',*,*,#7827,.T.);
#7827 = EDGE_CURVE('',#7828,#7830,#7832,.T.);
#7828 = VERTEX_POINT('',#7829);
#7829 = CARTESIAN_POINT('',(75.7,-140.,0.));
#7830 = VERTEX_POINT('',#7831);
#7831 = CARTESIAN_POINT('',(75.3,-140.,0.));
#7832 = CIRCLE('',#7833,0.2);
#7833 = AXIS2_PLACEMENT_3D('',#7834,#7835,#7836);
#7834 = CARTESIAN_POINT('',(75.5,-140.,0.));
#7835 = DIRECTION('',(-0.,0.,-1.));
#7836 = DIRECTION('',(-1.,0.,0.));
#7837 = ORIENTED_EDGE('',*,*,#7838,.T.);
#7838 = EDGE_CURVE('',#7830,#7839,#7841,.T.);
#7839 = VERTEX_POINT('',#7840);
#7840 = CARTESIAN_POINT('',(75.3,-139.,0.));
#7841 = LINE('',#7842,#7843);
#7842 = CARTESIAN_POINT('',(75.3,-69.5,0.));
#7843 = VECTOR('',#7844,1.);
#7844 = DIRECTION('',(-0.,1.,0.));
#7845 = ORIENTED_EDGE('',*,*,#7846,.T.);
#7846 = EDGE_CURVE('',#7839,#7847,#7849,.T.);
#7847 = VERTEX_POINT('',#7848);
#7848 = CARTESIAN_POINT('',(75.7,-139.,0.));
#7849 = CIRCLE('',#7850,0.2);
#7850 = AXIS2_PLACEMENT_3D('',#7851,#7852,#7853);
#7851 = CARTESIAN_POINT('',(75.5,-139.,0.));
#7852 = DIRECTION('',(0.,-0.,-1.));
#7853 = DIRECTION('',(1.,0.,-0.));
#7854 = ORIENTED_EDGE('',*,*,#7855,.T.);
#7855 = EDGE_CURVE('',#7847,#7828,#7856,.T.);
#7856 = LINE('',#7857,#7858);
#7857 = CARTESIAN_POINT('',(75.7,-70.,0.));
#7858 = VECTOR('',#7859,1.);
#7859 = DIRECTION('',(0.,-1.,0.));
#7860 = FACE_BOUND('',#7861,.F.);
#7861 = EDGE_LOOP('',(#7862));
#7862 = ORIENTED_EDGE('',*,*,#7863,.T.);
#7863 = EDGE_CURVE('',#7864,#7864,#7866,.T.);
#7864 = VERTEX_POINT('',#7865);
#7865 = CARTESIAN_POINT('',(80.5,-140.1,0.));
#7866 = CIRCLE('',#7867,0.6);
#7867 = AXIS2_PLACEMENT_3D('',#7868,#7869,#7870);
#7868 = CARTESIAN_POINT('',(80.5,-139.5,0.));
#7869 = DIRECTION('',(-0.,0.,-1.));
#7870 = DIRECTION('',(-0.,-1.,0.));
#7871 = FACE_BOUND('',#7872,.F.);
#7872 = EDGE_LOOP('',(#7873,#7884,#7892,#7901));
#7873 = ORIENTED_EDGE('',*,*,#7874,.T.);
#7874 = EDGE_CURVE('',#7875,#7877,#7879,.T.);
#7875 = VERTEX_POINT('',#7876);
#7876 = CARTESIAN_POINT('',(85.3,-139.,0.));
#7877 = VERTEX_POINT('',#7878);
#7878 = CARTESIAN_POINT('',(85.7,-139.,0.));
#7879 = CIRCLE('',#7880,0.2);
#7880 = AXIS2_PLACEMENT_3D('',#7881,#7882,#7883);
#7881 = CARTESIAN_POINT('',(85.5,-139.,0.));
#7882 = DIRECTION('',(0.,-0.,-1.));
#7883 = DIRECTION('',(1.,0.,-0.));
#7884 = ORIENTED_EDGE('',*,*,#7885,.T.);
#7885 = EDGE_CURVE('',#7877,#7886,#7888,.T.);
#7886 = VERTEX_POINT('',#7887);
#7887 = CARTESIAN_POINT('',(85.7,-140.,0.));
#7888 = LINE('',#7889,#7890);
#7889 = CARTESIAN_POINT('',(85.7,-70.,0.));
#7890 = VECTOR('',#7891,1.);
#7891 = DIRECTION('',(0.,-1.,0.));
#7892 = ORIENTED_EDGE('',*,*,#7893,.T.);
#7893 = EDGE_CURVE('',#7886,#7894,#7896,.T.);
#7894 = VERTEX_POINT('',#7895);
#7895 = CARTESIAN_POINT('',(85.3,-140.,0.));
#7896 = CIRCLE('',#7897,0.2);
#7897 = AXIS2_PLACEMENT_3D('',#7898,#7899,#7900);
#7898 = CARTESIAN_POINT('',(85.5,-140.,0.));
#7899 = DIRECTION('',(-0.,0.,-1.));
#7900 = DIRECTION('',(-1.,0.,0.));
#7901 = ORIENTED_EDGE('',*,*,#7902,.T.);
#7902 = EDGE_CURVE('',#7894,#7875,#7903,.T.);
#7903 = LINE('',#7904,#7905);
#7904 = CARTESIAN_POINT('',(85.3,-69.5,0.));
#7905 = VECTOR('',#7906,1.);
#7906 = DIRECTION('',(-0.,1.,0.));
#7907 = FACE_BOUND('',#7908,.F.);
#7908 = EDGE_LOOP('',(#7909,#7920,#7928,#7937));
#7909 = ORIENTED_EDGE('',*,*,#7910,.T.);
#7910 = EDGE_CURVE('',#7911,#7913,#7915,.T.);
#7911 = VERTEX_POINT('',#7912);
#7912 = CARTESIAN_POINT('',(90.7,-140.,0.));
#7913 = VERTEX_POINT('',#7914);
#7914 = CARTESIAN_POINT('',(90.3,-140.,0.));
#7915 = CIRCLE('',#7916,0.2);
#7916 = AXIS2_PLACEMENT_3D('',#7917,#7918,#7919);
#7917 = CARTESIAN_POINT('',(90.5,-140.,0.));
#7918 = DIRECTION('',(-0.,0.,-1.));
#7919 = DIRECTION('',(-1.,0.,0.));
#7920 = ORIENTED_EDGE('',*,*,#7921,.T.);
#7921 = EDGE_CURVE('',#7913,#7922,#7924,.T.);
#7922 = VERTEX_POINT('',#7923);
#7923 = CARTESIAN_POINT('',(90.3,-139.,0.));
#7924 = LINE('',#7925,#7926);
#7925 = CARTESIAN_POINT('',(90.3,-69.5,0.));
#7926 = VECTOR('',#7927,1.);
#7927 = DIRECTION('',(-0.,1.,0.));
#7928 = ORIENTED_EDGE('',*,*,#7929,.T.);
#7929 = EDGE_CURVE('',#7922,#7930,#7932,.T.);
#7930 = VERTEX_POINT('',#7931);
#7931 = CARTESIAN_POINT('',(90.7,-139.,0.));
#7932 = CIRCLE('',#7933,0.2);
#7933 = AXIS2_PLACEMENT_3D('',#7934,#7935,#7936);
#7934 = CARTESIAN_POINT('',(90.5,-139.,0.));
#7935 = DIRECTION('',(0.,-0.,-1.));
#7936 = DIRECTION('',(1.,0.,-0.));
#7937 = ORIENTED_EDGE('',*,*,#7938,.T.);
#7938 = EDGE_CURVE('',#7930,#7911,#7939,.T.);
#7939 = LINE('',#7940,#7941);
#7940 = CARTESIAN_POINT('',(90.7,-70.,0.));
#7941 = VECTOR('',#7942,1.);
#7942 = DIRECTION('',(0.,-1.,0.));
#7943 = FACE_BOUND('',#7944,.F.);
#7944 = EDGE_LOOP('',(#7945));
#7945 = ORIENTED_EDGE('',*,*,#7946,.T.);
#7946 = EDGE_CURVE('',#7947,#7947,#7949,.T.);
#7947 = VERTEX_POINT('',#7948);
#7948 = CARTESIAN_POINT('',(95.5,-140.1,0.));
#7949 = CIRCLE('',#7950,0.6);
#7950 = AXIS2_PLACEMENT_3D('',#7951,#7952,#7953);
#7951 = CARTESIAN_POINT('',(95.5,-139.5,0.));
#7952 = DIRECTION('',(-0.,0.,-1.));
#7953 = DIRECTION('',(-0.,-1.,0.));
#7954 = FACE_BOUND('',#7955,.F.);
#7955 = EDGE_LOOP('',(#7956,#7967,#7975,#7984));
#7956 = ORIENTED_EDGE('',*,*,#7957,.T.);
#7957 = EDGE_CURVE('',#7958,#7960,#7962,.T.);
#7958 = VERTEX_POINT('',#7959);
#7959 = CARTESIAN_POINT('',(100.3,-139.,0.));
#7960 = VERTEX_POINT('',#7961);
#7961 = CARTESIAN_POINT('',(100.7,-139.,0.));
#7962 = CIRCLE('',#7963,0.2);
#7963 = AXIS2_PLACEMENT_3D('',#7964,#7965,#7966);
#7964 = CARTESIAN_POINT('',(100.5,-139.,0.));
#7965 = DIRECTION('',(0.,-0.,-1.));
#7966 = DIRECTION('',(1.,0.,-0.));
#7967 = ORIENTED_EDGE('',*,*,#7968,.T.);
#7968 = EDGE_CURVE('',#7960,#7969,#7971,.T.);
#7969 = VERTEX_POINT('',#7970);
#7970 = CARTESIAN_POINT('',(100.7,-140.,0.));
#7971 = LINE('',#7972,#7973);
#7972 = CARTESIAN_POINT('',(100.7,-70.,0.));
#7973 = VECTOR('',#7974,1.);
#7974 = DIRECTION('',(0.,-1.,0.));
#7975 = ORIENTED_EDGE('',*,*,#7976,.T.);
#7976 = EDGE_CURVE('',#7969,#7977,#7979,.T.);
#7977 = VERTEX_POINT('',#7978);
#7978 = CARTESIAN_POINT('',(100.3,-140.,0.));
#7979 = CIRCLE('',#7980,0.2);
#7980 = AXIS2_PLACEMENT_3D('',#7981,#7982,#7983);
#7981 = CARTESIAN_POINT('',(100.5,-140.,0.));
#7982 = DIRECTION('',(-0.,0.,-1.));
#7983 = DIRECTION('',(-1.,0.,0.));
#7984 = ORIENTED_EDGE('',*,*,#7985,.T.);
#7985 = EDGE_CURVE('',#7977,#7958,#7986,.T.);
#7986 = LINE('',#7987,#7988);
#7987 = CARTESIAN_POINT('',(100.3,-69.5,0.));
#7988 = VECTOR('',#7989,1.);
#7989 = DIRECTION('',(-0.,1.,0.));
#7990 = FACE_BOUND('',#7991,.F.);
#7991 = EDGE_LOOP('',(#7992));
#7992 = ORIENTED_EDGE('',*,*,#7993,.T.);
#7993 = EDGE_CURVE('',#7994,#7994,#7996,.T.);
#7994 = VERTEX_POINT('',#7995);
#7995 = CARTESIAN_POINT('',(75.5,-128.,0.));
#7996 = CIRCLE('',#7997,0.5);
#7997 = AXIS2_PLACEMENT_3D('',#7998,#7999,#8000);
#7998 = CARTESIAN_POINT('',(75.5,-127.5,0.));
#7999 = DIRECTION('',(-0.,0.,-1.));
#8000 = DIRECTION('',(-0.,-1.,0.));
#8001 = FACE_BOUND('',#8002,.F.);
#8002 = EDGE_LOOP('',(#8003));
#8003 = ORIENTED_EDGE('',*,*,#8004,.T.);
#8004 = EDGE_CURVE('',#8005,#8005,#8007,.T.);
#8005 = VERTEX_POINT('',#8006);
#8006 = CARTESIAN_POINT('',(75.5,-120.,0.));
#8007 = CIRCLE('',#8008,0.5);
#8008 = AXIS2_PLACEMENT_3D('',#8009,#8010,#8011);
#8009 = CARTESIAN_POINT('',(75.5,-119.5,0.));
#8010 = DIRECTION('',(-0.,0.,-1.));
#8011 = DIRECTION('',(-0.,-1.,0.));
#8012 = FACE_BOUND('',#8013,.F.);
#8013 = EDGE_LOOP('',(#8014));
#8014 = ORIENTED_EDGE('',*,*,#8015,.T.);
#8015 = EDGE_CURVE('',#8016,#8016,#8018,.T.);
#8016 = VERTEX_POINT('',#8017);
#8017 = CARTESIAN_POINT('',(83.5,-119.9,0.));
#8018 = CIRCLE('',#8019,0.4);
#8019 = AXIS2_PLACEMENT_3D('',#8020,#8021,#8022);
#8020 = CARTESIAN_POINT('',(83.5,-119.5,0.));
#8021 = DIRECTION('',(-0.,0.,-1.));
#8022 = DIRECTION('',(-0.,-1.,0.));
#8023 = FACE_BOUND('',#8024,.F.);
#8024 = EDGE_LOOP('',(#8025));
#8025 = ORIENTED_EDGE('',*,*,#8026,.T.);
#8026 = EDGE_CURVE('',#8027,#8027,#8029,.T.);
#8027 = VERTEX_POINT('',#8028);
#8028 = CARTESIAN_POINT('',(89.,-119.98,0.));
#8029 = CIRCLE('',#8030,0.4);
#8030 = AXIS2_PLACEMENT_3D('',#8031,#8032,#8033);
#8031 = CARTESIAN_POINT('',(89.,-119.58,0.));
#8032 = DIRECTION('',(-0.,0.,-1.));
#8033 = DIRECTION('',(-0.,-1.,0.));
#8034 = FACE_BOUND('',#8035,.F.);
#8035 = EDGE_LOOP('',(#8036));
#8036 = ORIENTED_EDGE('',*,*,#8037,.T.);
#8037 = EDGE_CURVE('',#8038,#8038,#8040,.T.);
#8038 = VERTEX_POINT('',#8039);
#8039 = CARTESIAN_POINT('',(75.5,-112.,0.));
#8040 = CIRCLE('',#8041,0.5);
#8041 = AXIS2_PLACEMENT_3D('',#8042,#8043,#8044);
#8042 = CARTESIAN_POINT('',(75.5,-111.5,0.));
#8043 = DIRECTION('',(-0.,0.,-1.));
#8044 = DIRECTION('',(-0.,-1.,0.));
#8045 = FACE_BOUND('',#8046,.F.);
#8046 = EDGE_LOOP('',(#8047));
#8047 = ORIENTED_EDGE('',*,*,#8048,.T.);
#8048 = EDGE_CURVE('',#8049,#8049,#8051,.T.);
#8049 = VERTEX_POINT('',#8050);
#8050 = CARTESIAN_POINT('',(83.5,-109.74,0.));
#8051 = CIRCLE('',#8052,0.4);
#8052 = AXIS2_PLACEMENT_3D('',#8053,#8054,#8055);
#8053 = CARTESIAN_POINT('',(83.5,-109.34,0.));
#8054 = DIRECTION('',(-0.,0.,-1.));
#8055 = DIRECTION('',(-0.,-1.,0.));
#8056 = FACE_BOUND('',#8057,.F.);
#8057 = EDGE_LOOP('',(#8058));
#8058 = ORIENTED_EDGE('',*,*,#8059,.T.);
#8059 = EDGE_CURVE('',#8060,#8060,#8062,.T.);
#8060 = VERTEX_POINT('',#8061);
#8061 = CARTESIAN_POINT('',(89.,-109.82,0.));
#8062 = CIRCLE('',#8063,0.4);
#8063 = AXIS2_PLACEMENT_3D('',#8064,#8065,#8066);
#8064 = CARTESIAN_POINT('',(89.,-109.42,0.));
#8065 = DIRECTION('',(-0.,0.,-1.));
#8066 = DIRECTION('',(-0.,-1.,0.));
#8067 = FACE_BOUND('',#8068,.F.);
#8068 = EDGE_LOOP('',(#8069));
#8069 = ORIENTED_EDGE('',*,*,#8070,.T.);
#8070 = EDGE_CURVE('',#8071,#8071,#8073,.T.);
#8071 = VERTEX_POINT('',#8072);
#8072 = CARTESIAN_POINT('',(111.16,-129.565,0.));
#8073 = CIRCLE('',#8074,0.5);
#8074 = AXIS2_PLACEMENT_3D('',#8075,#8076,#8077);
#8075 = CARTESIAN_POINT('',(111.16,-129.065,0.));
#8076 = DIRECTION('',(-0.,0.,-1.));
#8077 = DIRECTION('',(-0.,-1.,0.));
#8078 = FACE_BOUND('',#8079,.F.);
#8079 = EDGE_LOOP('',(#8080));
#8080 = ORIENTED_EDGE('',*,*,#8081,.T.);
#8081 = EDGE_CURVE('',#8082,#8082,#8084,.T.);
#8082 = VERTEX_POINT('',#8083);
#8083 = CARTESIAN_POINT('',(111.16,-127.025,0.));
#8084 = CIRCLE('',#8085,0.5);
#8085 = AXIS2_PLACEMENT_3D('',#8086,#8087,#8088);
#8086 = CARTESIAN_POINT('',(111.16,-126.525,0.));
#8087 = DIRECTION('',(-0.,0.,-1.));
#8088 = DIRECTION('',(-0.,-1.,0.));
#8089 = FACE_BOUND('',#8090,.F.);
#8090 = EDGE_LOOP('',(#8091));
#8091 = ORIENTED_EDGE('',*,*,#8092,.T.);
#8092 = EDGE_CURVE('',#8093,#8093,#8095,.T.);
#8093 = VERTEX_POINT('',#8094);
#8094 = CARTESIAN_POINT('',(111.16,-124.485,0.));
#8095 = CIRCLE('',#8096,0.5);
#8096 = AXIS2_PLACEMENT_3D('',#8097,#8098,#8099);
#8097 = CARTESIAN_POINT('',(111.16,-123.985,0.));
#8098 = DIRECTION('',(-0.,0.,-1.));
#8099 = DIRECTION('',(-0.,-1.,0.));
#8100 = FACE_BOUND('',#8101,.F.);
#8101 = EDGE_LOOP('',(#8102));
#8102 = ORIENTED_EDGE('',*,*,#8103,.T.);
#8103 = EDGE_CURVE('',#8104,#8104,#8106,.T.);
#8104 = VERTEX_POINT('',#8105);
#8105 = CARTESIAN_POINT('',(111.16,-121.945,0.));
#8106 = CIRCLE('',#8107,0.5);
#8107 = AXIS2_PLACEMENT_3D('',#8108,#8109,#8110);
#8108 = CARTESIAN_POINT('',(111.16,-121.445,0.));
#8109 = DIRECTION('',(-0.,0.,-1.));
#8110 = DIRECTION('',(-0.,-1.,0.));
#8111 = FACE_BOUND('',#8112,.F.);
#8112 = EDGE_LOOP('',(#8113));
#8113 = ORIENTED_EDGE('',*,*,#8114,.T.);
#8114 = EDGE_CURVE('',#8115,#8115,#8117,.T.);
#8115 = VERTEX_POINT('',#8116);
#8116 = CARTESIAN_POINT('',(111.16,-119.405,0.));
#8117 = CIRCLE('',#8118,0.5);
#8118 = AXIS2_PLACEMENT_3D('',#8119,#8120,#8121);
#8119 = CARTESIAN_POINT('',(111.16,-118.905,0.));
#8120 = DIRECTION('',(-0.,0.,-1.));
#8121 = DIRECTION('',(-0.,-1.,0.));
#8122 = FACE_BOUND('',#8123,.F.);
#8123 = EDGE_LOOP('',(#8124));
#8124 = ORIENTED_EDGE('',*,*,#8125,.T.);
#8125 = EDGE_CURVE('',#8126,#8126,#8128,.T.);
#8126 = VERTEX_POINT('',#8127);
#8127 = CARTESIAN_POINT('',(111.16,-116.865,0.));
#8128 = CIRCLE('',#8129,0.5);
#8129 = AXIS2_PLACEMENT_3D('',#8130,#8131,#8132);
#8130 = CARTESIAN_POINT('',(111.16,-116.365,0.));
#8131 = DIRECTION('',(-0.,0.,-1.));
#8132 = DIRECTION('',(-0.,-1.,0.));
#8133 = FACE_BOUND('',#8134,.F.);
#8134 = EDGE_LOOP('',(#8135));
#8135 = ORIENTED_EDGE('',*,*,#8136,.T.);
#8136 = EDGE_CURVE('',#8137,#8137,#8139,.T.);
#8137 = VERTEX_POINT('',#8138);
#8138 = CARTESIAN_POINT('',(111.16,-114.325,0.));
#8139 = CIRCLE('',#8140,0.5);
#8140 = AXIS2_PLACEMENT_3D('',#8141,#8142,#8143);
#8141 = CARTESIAN_POINT('',(111.16,-113.825,0.));
#8142 = DIRECTION('',(-0.,0.,-1.));
#8143 = DIRECTION('',(-0.,-1.,0.));
#8144 = FACE_BOUND('',#8145,.F.);
#8145 = EDGE_LOOP('',(#8146));
#8146 = ORIENTED_EDGE('',*,*,#8147,.T.);
#8147 = EDGE_CURVE('',#8148,#8148,#8150,.T.);
#8148 = VERTEX_POINT('',#8149);
#8149 = CARTESIAN_POINT('',(111.16,-111.785,0.));
#8150 = CIRCLE('',#8151,0.5);
#8151 = AXIS2_PLACEMENT_3D('',#8152,#8153,#8154);
#8152 = CARTESIAN_POINT('',(111.16,-111.285,0.));
#8153 = DIRECTION('',(-0.,0.,-1.));
#8154 = DIRECTION('',(-0.,-1.,0.));
#8155 = FACE_BOUND('',#8156,.F.);
#8156 = EDGE_LOOP('',(#8157));
#8157 = ORIENTED_EDGE('',*,*,#8158,.T.);
#8158 = EDGE_CURVE('',#8159,#8159,#8161,.T.);
#8159 = VERTEX_POINT('',#8160);
#8160 = CARTESIAN_POINT('',(111.16,-109.245,0.));
#8161 = CIRCLE('',#8162,0.5);
#8162 = AXIS2_PLACEMENT_3D('',#8163,#8164,#8165);
#8163 = CARTESIAN_POINT('',(111.16,-108.745,0.));
#8164 = DIRECTION('',(-0.,0.,-1.));
#8165 = DIRECTION('',(-0.,-1.,0.));
#8166 = FACE_BOUND('',#8167,.F.);
#8167 = EDGE_LOOP('',(#8168));
#8168 = ORIENTED_EDGE('',*,*,#8169,.T.);
#8169 = EDGE_CURVE('',#8170,#8170,#8172,.T.);
#8170 = VERTEX_POINT('',#8171);
#8171 = CARTESIAN_POINT('',(196.5,-146.5,0.));
#8172 = CIRCLE('',#8173,1.5);
#8173 = AXIS2_PLACEMENT_3D('',#8174,#8175,#8176);
#8174 = CARTESIAN_POINT('',(196.5,-145.,0.));
#8175 = DIRECTION('',(-0.,0.,-1.));
#8176 = DIRECTION('',(-0.,-1.,0.));
#8177 = FACE_BOUND('',#8178,.F.);
#8178 = EDGE_LOOP('',(#8179));
#8179 = ORIENTED_EDGE('',*,*,#8180,.T.);
#8180 = EDGE_CURVE('',#8181,#8181,#8183,.T.);
#8181 = VERTEX_POINT('',#8182);
#8182 = CARTESIAN_POINT('',(227.5,-154.6,0.));
#8183 = CIRCLE('',#8184,1.1);
#8184 = AXIS2_PLACEMENT_3D('',#8185,#8186,#8187);
#8185 = CARTESIAN_POINT('',(227.5,-153.5,0.));
#8186 = DIRECTION('',(-0.,0.,-1.));
#8187 = DIRECTION('',(-0.,-1.,0.));
#8188 = FACE_BOUND('',#8189,.F.);
#8189 = EDGE_LOOP('',(#8190));
#8190 = ORIENTED_EDGE('',*,*,#8191,.T.);
#8191 = EDGE_CURVE('',#8192,#8192,#8194,.T.);
#8192 = VERTEX_POINT('',#8193);
#8193 = CARTESIAN_POINT('',(213.,-146.48,0.));
#8194 = CIRCLE('',#8195,0.4);
#8195 = AXIS2_PLACEMENT_3D('',#8196,#8197,#8198);
#8196 = CARTESIAN_POINT('',(213.,-146.08,0.));
#8197 = DIRECTION('',(-0.,0.,-1.));
#8198 = DIRECTION('',(-0.,-1.,0.));
#8199 = FACE_BOUND('',#8200,.F.);
#8200 = EDGE_LOOP('',(#8201));
#8201 = ORIENTED_EDGE('',*,*,#8202,.T.);
#8202 = EDGE_CURVE('',#8203,#8203,#8205,.T.);
#8203 = VERTEX_POINT('',#8204);
#8204 = CARTESIAN_POINT('',(220.,-144.980002,0.));
#8205 = CIRCLE('',#8206,0.5);
#8206 = AXIS2_PLACEMENT_3D('',#8207,#8208,#8209);
#8207 = CARTESIAN_POINT('',(220.,-144.480002,0.));
#8208 = DIRECTION('',(-0.,0.,-1.));
#8209 = DIRECTION('',(-0.,-1.,0.));
#8210 = FACE_BOUND('',#8211,.F.);
#8211 = EDGE_LOOP('',(#8212));
#8212 = ORIENTED_EDGE('',*,*,#8213,.T.);
#8213 = EDGE_CURVE('',#8214,#8214,#8216,.T.);
#8214 = VERTEX_POINT('',#8215);
#8215 = CARTESIAN_POINT('',(213.,-136.32,0.));
#8216 = CIRCLE('',#8217,0.4);
#8217 = AXIS2_PLACEMENT_3D('',#8218,#8219,#8220);
#8218 = CARTESIAN_POINT('',(213.,-135.92,0.));
#8219 = DIRECTION('',(-0.,0.,-1.));
#8220 = DIRECTION('',(-0.,-1.,0.));
#8221 = FACE_BOUND('',#8222,.F.);
#8222 = EDGE_LOOP('',(#8223));
#8223 = ORIENTED_EDGE('',*,*,#8224,.T.);
#8224 = EDGE_CURVE('',#8225,#8225,#8227,.T.);
#8225 = VERTEX_POINT('',#8226);
#8226 = CARTESIAN_POINT('',(220.,-136.980002,0.));
#8227 = CIRCLE('',#8228,0.5);
#8228 = AXIS2_PLACEMENT_3D('',#8229,#8230,#8231);
#8229 = CARTESIAN_POINT('',(220.,-136.480002,0.));
#8230 = DIRECTION('',(-0.,0.,-1.));
#8231 = DIRECTION('',(-0.,-1.,0.));
#8232 = FACE_BOUND('',#8233,.F.);
#8233 = EDGE_LOOP('',(#8234));
#8234 = ORIENTED_EDGE('',*,*,#8235,.T.);
#8235 = EDGE_CURVE('',#8236,#8236,#8238,.T.);
#8236 = VERTEX_POINT('',#8237);
#8237 = CARTESIAN_POINT('',(222.5,-124.56,0.));
#8238 = CIRCLE('',#8239,0.4);
#8239 = AXIS2_PLACEMENT_3D('',#8240,#8241,#8242);
#8240 = CARTESIAN_POINT('',(222.5,-124.16,0.));
#8241 = DIRECTION('',(-0.,0.,-1.));
#8242 = DIRECTION('',(-0.,-1.,0.));
#8243 = FACE_BOUND('',#8244,.F.);
#8244 = EDGE_LOOP('',(#8245));
#8245 = ORIENTED_EDGE('',*,*,#8246,.T.);
#8246 = EDGE_CURVE('',#8247,#8247,#8249,.T.);
#8247 = VERTEX_POINT('',#8248);
#8248 = CARTESIAN_POINT('',(204.2375,-119.65,0.));
#8249 = CIRCLE('',#8250,0.65);
#8250 = AXIS2_PLACEMENT_3D('',#8251,#8252,#8253);
#8251 = CARTESIAN_POINT('',(204.2375,-119.,0.));
#8252 = DIRECTION('',(-0.,0.,-1.));
#8253 = DIRECTION('',(-0.,-1.,0.));
#8254 = FACE_BOUND('',#8255,.F.);
#8255 = EDGE_LOOP('',(#8256));
#8256 = ORIENTED_EDGE('',*,*,#8257,.T.);
#8257 = EDGE_CURVE('',#8258,#8258,#8260,.T.);
#8258 = VERTEX_POINT('',#8259);
#8259 = CARTESIAN_POINT('',(204.2375,-114.65,0.));
#8260 = CIRCLE('',#8261,0.65);
#8261 = AXIS2_PLACEMENT_3D('',#8262,#8263,#8264);
#8262 = CARTESIAN_POINT('',(204.2375,-114.,0.));
#8263 = DIRECTION('',(-0.,0.,-1.));
#8264 = DIRECTION('',(-0.,-1.,0.));
#8265 = FACE_BOUND('',#8266,.F.);
#8266 = EDGE_LOOP('',(#8267));
#8267 = ORIENTED_EDGE('',*,*,#8268,.T.);
#8268 = EDGE_CURVE('',#8269,#8269,#8271,.T.);
#8269 = VERTEX_POINT('',#8270);
#8270 = CARTESIAN_POINT('',(216.7375,-119.65,0.));
#8271 = CIRCLE('',#8272,0.65);
#8272 = AXIS2_PLACEMENT_3D('',#8273,#8274,#8275);
#8273 = CARTESIAN_POINT('',(216.7375,-119.,0.));
#8274 = DIRECTION('',(-0.,0.,-1.));
#8275 = DIRECTION('',(-0.,-1.,0.));
#8276 = FACE_BOUND('',#8277,.F.);
#8277 = EDGE_LOOP('',(#8278));
#8278 = ORIENTED_EDGE('',*,*,#8279,.T.);
#8279 = EDGE_CURVE('',#8280,#8280,#8282,.T.);
#8280 = VERTEX_POINT('',#8281);
#8281 = CARTESIAN_POINT('',(216.7375,-114.65,0.));
#8282 = CIRCLE('',#8283,0.65);
#8283 = AXIS2_PLACEMENT_3D('',#8284,#8285,#8286);
#8284 = CARTESIAN_POINT('',(216.7375,-114.,0.));
#8285 = DIRECTION('',(-0.,0.,-1.));
#8286 = DIRECTION('',(-0.,-1.,0.));
#8287 = FACE_BOUND('',#8288,.F.);
#8288 = EDGE_LOOP('',(#8289));
#8289 = ORIENTED_EDGE('',*,*,#8290,.T.);
#8290 = EDGE_CURVE('',#8291,#8291,#8293,.T.);
#8291 = VERTEX_POINT('',#8292);
#8292 = CARTESIAN_POINT('',(222.5,-114.4,0.));
#8293 = CIRCLE('',#8294,0.4);
#8294 = AXIS2_PLACEMENT_3D('',#8295,#8296,#8297);
#8295 = CARTESIAN_POINT('',(222.5,-114.,0.));
#8296 = DIRECTION('',(-0.,0.,-1.));
#8297 = DIRECTION('',(-0.,-1.,0.));
#8298 = FACE_BOUND('',#8299,.F.);
#8299 = EDGE_LOOP('',(#8300));
#8300 = ORIENTED_EDGE('',*,*,#8301,.T.);
#8301 = EDGE_CURVE('',#8302,#8302,#8304,.T.);
#8302 = VERTEX_POINT('',#8303);
#8303 = CARTESIAN_POINT('',(222.5,-110.4,0.));
#8304 = CIRCLE('',#8305,0.4);
#8305 = AXIS2_PLACEMENT_3D('',#8306,#8307,#8308);
#8306 = CARTESIAN_POINT('',(222.5,-110.,0.));
#8307 = DIRECTION('',(-0.,0.,-1.));
#8308 = DIRECTION('',(-0.,-1.,0.));
#8309 = FACE_BOUND('',#8310,.F.);
#8310 = EDGE_LOOP('',(#8311));
#8311 = ORIENTED_EDGE('',*,*,#8312,.T.);
#8312 = EDGE_CURVE('',#8313,#8313,#8315,.T.);
#8313 = VERTEX_POINT('',#8314);
#8314 = CARTESIAN_POINT('',(227.5,-110.4,0.));
#8315 = CIRCLE('',#8316,0.4);
#8316 = AXIS2_PLACEMENT_3D('',#8317,#8318,#8319);
#8317 = CARTESIAN_POINT('',(227.5,-110.,0.));
#8318 = DIRECTION('',(-0.,0.,-1.));
#8319 = DIRECTION('',(-0.,-1.,0.));
#8320 = FACE_BOUND('',#8321,.F.);
#8321 = EDGE_LOOP('',(#8322));
#8322 = ORIENTED_EDGE('',*,*,#8323,.T.);
#8323 = EDGE_CURVE('',#8324,#8324,#8326,.T.);
#8324 = VERTEX_POINT('',#8325);
#8325 = CARTESIAN_POINT('',(75.5,-104.,0.));
#8326 = CIRCLE('',#8327,0.5);
#8327 = AXIS2_PLACEMENT_3D('',#8328,#8329,#8330);
#8328 = CARTESIAN_POINT('',(75.5,-103.5,0.));
#8329 = DIRECTION('',(-0.,0.,-1.));
#8330 = DIRECTION('',(-0.,-1.,0.));
#8331 = FACE_BOUND('',#8332,.F.);
#8332 = EDGE_LOOP('',(#8333));
#8333 = ORIENTED_EDGE('',*,*,#8334,.T.);
#8334 = EDGE_CURVE('',#8335,#8335,#8337,.T.);
#8335 = VERTEX_POINT('',#8336);
#8336 = CARTESIAN_POINT('',(108.66,-94.31,0.));
#8337 = CIRCLE('',#8338,1.5);
#8338 = AXIS2_PLACEMENT_3D('',#8339,#8340,#8341);
#8339 = CARTESIAN_POINT('',(108.66,-92.81,0.));
#8340 = DIRECTION('',(-0.,0.,-1.));
#8341 = DIRECTION('',(-0.,-1.,0.));
#8342 = FACE_BOUND('',#8343,.F.);
#8343 = EDGE_LOOP('',(#8344));
#8344 = ORIENTED_EDGE('',*,*,#8345,.T.);
#8345 = EDGE_CURVE('',#8346,#8346,#8348,.T.);
#8346 = VERTEX_POINT('',#8347);
#8347 = CARTESIAN_POINT('',(129.816,-86.28,0.));
#8348 = CIRCLE('',#8349,0.5);
#8349 = AXIS2_PLACEMENT_3D('',#8350,#8351,#8352);
#8350 = CARTESIAN_POINT('',(129.816,-85.78,0.));
#8351 = DIRECTION('',(-0.,0.,-1.));
#8352 = DIRECTION('',(-0.,-1.,0.));
#8353 = FACE_BOUND('',#8354,.F.);
#8354 = EDGE_LOOP('',(#8355));
#8355 = ORIENTED_EDGE('',*,*,#8356,.T.);
#8356 = EDGE_CURVE('',#8357,#8357,#8359,.T.);
#8357 = VERTEX_POINT('',#8358);
#8358 = CARTESIAN_POINT('',(82.88,-84.34,0.));
#8359 = CIRCLE('',#8360,0.6);
#8360 = AXIS2_PLACEMENT_3D('',#8361,#8362,#8363);
#8361 = CARTESIAN_POINT('',(82.88,-83.74,0.));
#8362 = DIRECTION('',(-0.,0.,-1.));
#8363 = DIRECTION('',(-0.,-1.,0.));
#8364 = FACE_BOUND('',#8365,.F.);
#8365 = EDGE_LOOP('',(#8366));
#8366 = ORIENTED_EDGE('',*,*,#8367,.T.);
#8367 = EDGE_CURVE('',#8368,#8368,#8370,.T.);
#8368 = VERTEX_POINT('',#8369);
#8369 = CARTESIAN_POINT('',(85.42,-84.34,0.));
#8370 = CIRCLE('',#8371,0.6);
#8371 = AXIS2_PLACEMENT_3D('',#8372,#8373,#8374);
#8372 = CARTESIAN_POINT('',(85.42,-83.74,0.));
#8373 = DIRECTION('',(-0.,0.,-1.));
#8374 = DIRECTION('',(2.368475785867E-14,-1.,-0.));
#8375 = FACE_BOUND('',#8376,.F.);
#8376 = EDGE_LOOP('',(#8377));
#8377 = ORIENTED_EDGE('',*,*,#8378,.T.);
#8378 = EDGE_CURVE('',#8379,#8379,#8381,.T.);
#8379 = VERTEX_POINT('',#8380);
#8380 = CARTESIAN_POINT('',(87.96,-84.34,0.));
#8381 = CIRCLE('',#8382,0.6);
#8382 = AXIS2_PLACEMENT_3D('',#8383,#8384,#8385);
#8383 = CARTESIAN_POINT('',(87.96,-83.74,0.));
#8384 = DIRECTION('',(-0.,0.,-1.));
#8385 = DIRECTION('',(-2.368475785867E-14,-1.,0.));
#8386 = FACE_BOUND('',#8387,.F.);
#8387 = EDGE_LOOP('',(#8388));
#8388 = ORIENTED_EDGE('',*,*,#8389,.T.);
#8389 = EDGE_CURVE('',#8390,#8390,#8392,.T.);
#8390 = VERTEX_POINT('',#8391);
#8391 = CARTESIAN_POINT('',(90.5,-84.34,0.));
#8392 = CIRCLE('',#8393,0.6);
#8393 = AXIS2_PLACEMENT_3D('',#8394,#8395,#8396);
#8394 = CARTESIAN_POINT('',(90.5,-83.74,0.));
#8395 = DIRECTION('',(-0.,0.,-1.));
#8396 = DIRECTION('',(-0.,-1.,0.));
#8397 = FACE_BOUND('',#8398,.F.);
#8398 = EDGE_LOOP('',(#8399));
#8399 = ORIENTED_EDGE('',*,*,#8400,.T.);
#8400 = EDGE_CURVE('',#8401,#8401,#8403,.T.);
#8401 = VERTEX_POINT('',#8402);
#8402 = CARTESIAN_POINT('',(93.04,-84.34,0.));
#8403 = CIRCLE('',#8404,0.6);
#8404 = AXIS2_PLACEMENT_3D('',#8405,#8406,#8407);
#8405 = CARTESIAN_POINT('',(93.04,-83.74,0.));
#8406 = DIRECTION('',(-0.,0.,-1.));
#8407 = DIRECTION('',(2.368475785867E-14,-1.,-0.));
#8408 = FACE_BOUND('',#8409,.F.);
#8409 = EDGE_LOOP('',(#8410));
#8410 = ORIENTED_EDGE('',*,*,#8411,.T.);
#8411 = EDGE_CURVE('',#8412,#8412,#8414,.T.);
#8412 = VERTEX_POINT('',#8413);
#8413 = CARTESIAN_POINT('',(95.58,-84.34,0.));
#8414 = CIRCLE('',#8415,0.6);
#8415 = AXIS2_PLACEMENT_3D('',#8416,#8417,#8418);
#8416 = CARTESIAN_POINT('',(95.58,-83.74,0.));
#8417 = DIRECTION('',(-0.,0.,-1.));
#8418 = DIRECTION('',(-2.368475785867E-14,-1.,0.));
#8419 = FACE_BOUND('',#8420,.F.);
#8420 = EDGE_LOOP('',(#8421));
#8421 = ORIENTED_EDGE('',*,*,#8422,.T.);
#8422 = EDGE_CURVE('',#8423,#8423,#8425,.T.);
#8423 = VERTEX_POINT('',#8424);
#8424 = CARTESIAN_POINT('',(98.12,-84.34,0.));
#8425 = CIRCLE('',#8426,0.6);
#8426 = AXIS2_PLACEMENT_3D('',#8427,#8428,#8429);
#8427 = CARTESIAN_POINT('',(98.12,-83.74,0.));
#8428 = DIRECTION('',(-0.,0.,-1.));
#8429 = DIRECTION('',(-0.,-1.,0.));
#8430 = FACE_BOUND('',#8431,.F.);
#8431 = EDGE_LOOP('',(#8432));
#8432 = ORIENTED_EDGE('',*,*,#8433,.T.);
#8433 = EDGE_CURVE('',#8434,#8434,#8436,.T.);
#8434 = VERTEX_POINT('',#8435);
#8435 = CARTESIAN_POINT('',(100.66,-84.34,0.));
#8436 = CIRCLE('',#8437,0.6);
#8437 = AXIS2_PLACEMENT_3D('',#8438,#8439,#8440);
#8438 = CARTESIAN_POINT('',(100.66,-83.74,0.));
#8439 = DIRECTION('',(-0.,0.,-1.));
#8440 = DIRECTION('',(-0.,-1.,0.));
#8441 = FACE_BOUND('',#8442,.F.);
#8442 = EDGE_LOOP('',(#8443));
#8443 = ORIENTED_EDGE('',*,*,#8444,.T.);
#8444 = EDGE_CURVE('',#8445,#8445,#8447,.T.);
#8445 = VERTEX_POINT('',#8446);
#8446 = CARTESIAN_POINT('',(103.2,-84.34,0.));
#8447 = CIRCLE('',#8448,0.6);
#8448 = AXIS2_PLACEMENT_3D('',#8449,#8450,#8451);
#8449 = CARTESIAN_POINT('',(103.2,-83.74,0.));
#8450 = DIRECTION('',(-0.,0.,-1.));
#8451 = DIRECTION('',(2.368475785867E-14,-1.,-0.));
#8452 = FACE_BOUND('',#8453,.F.);
#8453 = EDGE_LOOP('',(#8454));
#8454 = ORIENTED_EDGE('',*,*,#8455,.T.);
#8455 = EDGE_CURVE('',#8456,#8456,#8458,.T.);
#8456 = VERTEX_POINT('',#8457);
#8457 = CARTESIAN_POINT('',(105.74,-84.34,0.));
#8458 = CIRCLE('',#8459,0.6);
#8459 = AXIS2_PLACEMENT_3D('',#8460,#8461,#8462);
#8460 = CARTESIAN_POINT('',(105.74,-83.74,0.));
#8461 = DIRECTION('',(-0.,0.,-1.));
#8462 = DIRECTION('',(-2.368475785867E-14,-1.,0.));
#8463 = FACE_BOUND('',#8464,.F.);
#8464 = EDGE_LOOP('',(#8465));
#8465 = ORIENTED_EDGE('',*,*,#8466,.T.);
#8466 = EDGE_CURVE('',#8467,#8467,#8469,.T.);
#8467 = VERTEX_POINT('',#8468);
#8468 = CARTESIAN_POINT('',(108.28,-84.34,0.));
#8469 = CIRCLE('',#8470,0.6);
#8470 = AXIS2_PLACEMENT_3D('',#8471,#8472,#8473);
#8471 = CARTESIAN_POINT('',(108.28,-83.74,0.));
#8472 = DIRECTION('',(-0.,0.,-1.));
#8473 = DIRECTION('',(-0.,-1.,0.));
#8474 = FACE_BOUND('',#8475,.F.);
#8475 = EDGE_LOOP('',(#8476));
#8476 = ORIENTED_EDGE('',*,*,#8477,.T.);
#8477 = EDGE_CURVE('',#8478,#8478,#8480,.T.);
#8478 = VERTEX_POINT('',#8479);
#8479 = CARTESIAN_POINT('',(77.8,-71.64,0.));
#8480 = CIRCLE('',#8481,0.6);
#8481 = AXIS2_PLACEMENT_3D('',#8482,#8483,#8484);
#8482 = CARTESIAN_POINT('',(77.8,-71.04,0.));
#8483 = DIRECTION('',(-0.,0.,-1.));
#8484 = DIRECTION('',(-2.368475785867E-14,-1.,0.));
#8485 = FACE_BOUND('',#8486,.F.);
#8486 = EDGE_LOOP('',(#8487));
#8487 = ORIENTED_EDGE('',*,*,#8488,.T.);
#8488 = EDGE_CURVE('',#8489,#8489,#8491,.T.);
#8489 = VERTEX_POINT('',#8490);
#8490 = CARTESIAN_POINT('',(75.26,-69.1,0.));
#8491 = CIRCLE('',#8492,0.6);
#8492 = AXIS2_PLACEMENT_3D('',#8493,#8494,#8495);
#8493 = CARTESIAN_POINT('',(75.26,-68.5,0.));
#8494 = DIRECTION('',(-0.,0.,-1.));
#8495 = DIRECTION('',(2.368475785867E-14,-1.,-0.));
#8496 = FACE_BOUND('',#8497,.F.);
#8497 = EDGE_LOOP('',(#8498));
#8498 = ORIENTED_EDGE('',*,*,#8499,.T.);
#8499 = EDGE_CURVE('',#8500,#8500,#8502,.T.);
#8500 = VERTEX_POINT('',#8501);
#8501 = CARTESIAN_POINT('',(77.8,-69.1,0.));
#8502 = CIRCLE('',#8503,0.6);
#8503 = AXIS2_PLACEMENT_3D('',#8504,#8505,#8506);
#8504 = CARTESIAN_POINT('',(77.8,-68.5,0.));
#8505 = DIRECTION('',(-0.,0.,-1.));
#8506 = DIRECTION('',(-2.368475785867E-14,-1.,0.));
#8507 = FACE_BOUND('',#8508,.F.);
#8508 = EDGE_LOOP('',(#8509));
#8509 = ORIENTED_EDGE('',*,*,#8510,.T.);
#8510 = EDGE_CURVE('',#8511,#8511,#8513,.T.);
#8511 = VERTEX_POINT('',#8512);
#8512 = CARTESIAN_POINT('',(80.34,-69.1,0.));
#8513 = CIRCLE('',#8514,0.6);
#8514 = AXIS2_PLACEMENT_3D('',#8515,#8516,#8517);
#8515 = CARTESIAN_POINT('',(80.34,-68.5,0.));
#8516 = DIRECTION('',(-0.,0.,-1.));
#8517 = DIRECTION('',(-0.,-1.,0.));
#8518 = FACE_BOUND('',#8519,.F.);
#8519 = EDGE_LOOP('',(#8520));
#8520 = ORIENTED_EDGE('',*,*,#8521,.T.);
#8521 = EDGE_CURVE('',#8522,#8522,#8524,.T.);
#8522 = VERTEX_POINT('',#8523);
#8523 = CARTESIAN_POINT('',(82.88,-69.1,0.));
#8524 = CIRCLE('',#8525,0.6);
#8525 = AXIS2_PLACEMENT_3D('',#8526,#8527,#8528);
#8526 = CARTESIAN_POINT('',(82.88,-68.5,0.));
#8527 = DIRECTION('',(-0.,0.,-1.));
#8528 = DIRECTION('',(-0.,-1.,0.));
#8529 = FACE_BOUND('',#8530,.F.);
#8530 = EDGE_LOOP('',(#8531));
#8531 = ORIENTED_EDGE('',*,*,#8532,.T.);
#8532 = EDGE_CURVE('',#8533,#8533,#8535,.T.);
#8533 = VERTEX_POINT('',#8534);
#8534 = CARTESIAN_POINT('',(85.42,-69.1,0.));
#8535 = CIRCLE('',#8536,0.6);
#8536 = AXIS2_PLACEMENT_3D('',#8537,#8538,#8539);
#8537 = CARTESIAN_POINT('',(85.42,-68.5,0.));
#8538 = DIRECTION('',(-0.,0.,-1.));
#8539 = DIRECTION('',(2.368475785867E-14,-1.,-0.));
#8540 = FACE_BOUND('',#8541,.F.);
#8541 = EDGE_LOOP('',(#8542));
#8542 = ORIENTED_EDGE('',*,*,#8543,.T.);
#8543 = EDGE_CURVE('',#8544,#8544,#8546,.T.);
#8544 = VERTEX_POINT('',#8545);
#8545 = CARTESIAN_POINT('',(87.96,-69.1,0.));
#8546 = CIRCLE('',#8547,0.6);
#8547 = AXIS2_PLACEMENT_3D('',#8548,#8549,#8550);
#8548 = CARTESIAN_POINT('',(87.96,-68.5,0.));
#8549 = DIRECTION('',(-0.,0.,-1.));
#8550 = DIRECTION('',(-2.368475785867E-14,-1.,0.));
#8551 = FACE_BOUND('',#8552,.F.);
#8552 = EDGE_LOOP('',(#8553));
#8553 = ORIENTED_EDGE('',*,*,#8554,.T.);
#8554 = EDGE_CURVE('',#8555,#8555,#8557,.T.);
#8555 = VERTEX_POINT('',#8556);
#8556 = CARTESIAN_POINT('',(70.5,-64.6,0.));
#8557 = CIRCLE('',#8558,1.1);
#8558 = AXIS2_PLACEMENT_3D('',#8559,#8560,#8561);
#8559 = CARTESIAN_POINT('',(70.5,-63.5,0.));
#8560 = DIRECTION('',(-0.,0.,-1.));
#8561 = DIRECTION('',(-0.,-1.,0.));
#8562 = FACE_BOUND('',#8563,.F.);
#8563 = EDGE_LOOP('',(#8564));
#8564 = ORIENTED_EDGE('',*,*,#8565,.T.);
#8565 = EDGE_CURVE('',#8566,#8566,#8568,.T.);
#8566 = VERTEX_POINT('',#8567);
#8567 = CARTESIAN_POINT('',(90.5,-69.1,0.));
#8568 = CIRCLE('',#8569,0.6);
#8569 = AXIS2_PLACEMENT_3D('',#8570,#8571,#8572);
#8570 = CARTESIAN_POINT('',(90.5,-68.5,0.));
#8571 = DIRECTION('',(-0.,0.,-1.));
#8572 = DIRECTION('',(-0.,-1.,0.));
#8573 = FACE_BOUND('',#8574,.F.);
#8574 = EDGE_LOOP('',(#8575));
#8575 = ORIENTED_EDGE('',*,*,#8576,.T.);
#8576 = EDGE_CURVE('',#8577,#8577,#8579,.T.);
#8577 = VERTEX_POINT('',#8578);
#8578 = CARTESIAN_POINT('',(93.04,-69.1,0.));
#8579 = CIRCLE('',#8580,0.6);
#8580 = AXIS2_PLACEMENT_3D('',#8581,#8582,#8583);
#8581 = CARTESIAN_POINT('',(93.04,-68.5,0.));
#8582 = DIRECTION('',(-0.,0.,-1.));
#8583 = DIRECTION('',(2.368475785867E-14,-1.,-0.));
#8584 = FACE_BOUND('',#8585,.F.);
#8585 = EDGE_LOOP('',(#8586));
#8586 = ORIENTED_EDGE('',*,*,#8587,.T.);
#8587 = EDGE_CURVE('',#8588,#8588,#8590,.T.);
#8588 = VERTEX_POINT('',#8589);
#8589 = CARTESIAN_POINT('',(95.58,-69.1,0.));
#8590 = CIRCLE('',#8591,0.6);
#8591 = AXIS2_PLACEMENT_3D('',#8592,#8593,#8594);
#8592 = CARTESIAN_POINT('',(95.58,-68.5,0.));
#8593 = DIRECTION('',(-0.,0.,-1.));
#8594 = DIRECTION('',(-2.368475785867E-14,-1.,0.));
#8595 = FACE_BOUND('',#8596,.F.);
#8596 = EDGE_LOOP('',(#8597));
#8597 = ORIENTED_EDGE('',*,*,#8598,.T.);
#8598 = EDGE_CURVE('',#8599,#8599,#8601,.T.);
#8599 = VERTEX_POINT('',#8600);
#8600 = CARTESIAN_POINT('',(98.12,-69.1,0.));
#8601 = CIRCLE('',#8602,0.6);
#8602 = AXIS2_PLACEMENT_3D('',#8603,#8604,#8605);
#8603 = CARTESIAN_POINT('',(98.12,-68.5,0.));
#8604 = DIRECTION('',(-0.,0.,-1.));
#8605 = DIRECTION('',(-0.,-1.,0.));
#8606 = FACE_BOUND('',#8607,.F.);
#8607 = EDGE_LOOP('',(#8608));
#8608 = ORIENTED_EDGE('',*,*,#8609,.T.);
#8609 = EDGE_CURVE('',#8610,#8610,#8612,.T.);
#8610 = VERTEX_POINT('',#8611);
#8611 = CARTESIAN_POINT('',(100.66,-69.1,0.));
#8612 = CIRCLE('',#8613,0.6);
#8613 = AXIS2_PLACEMENT_3D('',#8614,#8615,#8616);
#8614 = CARTESIAN_POINT('',(100.66,-68.5,0.));
#8615 = DIRECTION('',(-0.,0.,-1.));
#8616 = DIRECTION('',(-0.,-1.,0.));
#8617 = FACE_BOUND('',#8618,.F.);
#8618 = EDGE_LOOP('',(#8619));
#8619 = ORIENTED_EDGE('',*,*,#8620,.T.);
#8620 = EDGE_CURVE('',#8621,#8621,#8623,.T.);
#8621 = VERTEX_POINT('',#8622);
#8622 = CARTESIAN_POINT('',(103.2,-69.1,0.));
#8623 = CIRCLE('',#8624,0.6);
#8624 = AXIS2_PLACEMENT_3D('',#8625,#8626,#8627);
#8625 = CARTESIAN_POINT('',(103.2,-68.5,0.));
#8626 = DIRECTION('',(-0.,0.,-1.));
#8627 = DIRECTION('',(2.368475785867E-14,-1.,-0.));
#8628 = FACE_BOUND('',#8629,.F.);
#8629 = EDGE_LOOP('',(#8630));
#8630 = ORIENTED_EDGE('',*,*,#8631,.T.);
#8631 = EDGE_CURVE('',#8632,#8632,#8634,.T.);
#8632 = VERTEX_POINT('',#8633);
#8633 = CARTESIAN_POINT('',(105.74,-69.1,0.));
#8634 = CIRCLE('',#8635,0.6);
#8635 = AXIS2_PLACEMENT_3D('',#8636,#8637,#8638);
#8636 = CARTESIAN_POINT('',(105.74,-68.5,0.));
#8637 = DIRECTION('',(-0.,0.,-1.));
#8638 = DIRECTION('',(-2.368475785867E-14,-1.,0.));
#8639 = FACE_BOUND('',#8640,.F.);
#8640 = EDGE_LOOP('',(#8641));
#8641 = ORIENTED_EDGE('',*,*,#8642,.T.);
#8642 = EDGE_CURVE('',#8643,#8643,#8645,.T.);
#8643 = VERTEX_POINT('',#8644);
#8644 = CARTESIAN_POINT('',(108.28,-69.1,0.));
#8645 = CIRCLE('',#8646,0.6);
#8646 = AXIS2_PLACEMENT_3D('',#8647,#8648,#8649);
#8647 = CARTESIAN_POINT('',(108.28,-68.5,0.));
#8648 = DIRECTION('',(-0.,0.,-1.));
#8649 = DIRECTION('',(-0.,-1.,0.));
#8650 = FACE_BOUND('',#8651,.F.);
#8651 = EDGE_LOOP('',(#8652));
#8652 = ORIENTED_EDGE('',*,*,#8653,.T.);
#8653 = EDGE_CURVE('',#8654,#8654,#8656,.T.);
#8654 = VERTEX_POINT('',#8655);
#8655 = CARTESIAN_POINT('',(110.82,-84.34,0.));
#8656 = CIRCLE('',#8657,0.6);
#8657 = AXIS2_PLACEMENT_3D('',#8658,#8659,#8660);
#8658 = CARTESIAN_POINT('',(110.82,-83.74,0.));
#8659 = DIRECTION('',(-0.,0.,-1.));
#8660 = DIRECTION('',(-0.,-1.,0.));
#8661 = FACE_BOUND('',#8662,.F.);
#8662 = EDGE_LOOP('',(#8663));
#8663 = ORIENTED_EDGE('',*,*,#8664,.T.);
#8664 = EDGE_CURVE('',#8665,#8665,#8667,.T.);
#8665 = VERTEX_POINT('',#8666);
#8666 = CARTESIAN_POINT('',(113.36,-84.34,0.));
#8667 = CIRCLE('',#8668,0.6);
#8668 = AXIS2_PLACEMENT_3D('',#8669,#8670,#8671);
#8669 = CARTESIAN_POINT('',(113.36,-83.74,0.));
#8670 = DIRECTION('',(-0.,0.,-1.));
#8671 = DIRECTION('',(-0.,-1.,0.));
#8672 = FACE_BOUND('',#8673,.F.);
#8673 = EDGE_LOOP('',(#8674));
#8674 = ORIENTED_EDGE('',*,*,#8675,.T.);
#8675 = EDGE_CURVE('',#8676,#8676,#8678,.T.);
#8676 = VERTEX_POINT('',#8677);
#8677 = CARTESIAN_POINT('',(115.9,-84.34,0.));
#8678 = CIRCLE('',#8679,0.6);
#8679 = AXIS2_PLACEMENT_3D('',#8680,#8681,#8682);
#8680 = CARTESIAN_POINT('',(115.9,-83.74,0.));
#8681 = DIRECTION('',(-0.,0.,-1.));
#8682 = DIRECTION('',(-0.,-1.,0.));
#8683 = FACE_BOUND('',#8684,.F.);
#8684 = EDGE_LOOP('',(#8685));
#8685 = ORIENTED_EDGE('',*,*,#8686,.T.);
#8686 = EDGE_CURVE('',#8687,#8687,#8689,.T.);
#8687 = VERTEX_POINT('',#8688);
#8688 = CARTESIAN_POINT('',(118.44,-84.34,0.));
#8689 = CIRCLE('',#8690,0.6);
#8690 = AXIS2_PLACEMENT_3D('',#8691,#8692,#8693);
#8691 = CARTESIAN_POINT('',(118.44,-83.74,0.));
#8692 = DIRECTION('',(-0.,0.,-1.));
#8693 = DIRECTION('',(-0.,-1.,0.));
#8694 = FACE_BOUND('',#8695,.F.);
#8695 = EDGE_LOOP('',(#8696));
#8696 = ORIENTED_EDGE('',*,*,#8697,.T.);
#8697 = EDGE_CURVE('',#8698,#8698,#8700,.T.);
#8698 = VERTEX_POINT('',#8699);
#8699 = CARTESIAN_POINT('',(110.82,-69.1,0.));
#8700 = CIRCLE('',#8701,0.6);
#8701 = AXIS2_PLACEMENT_3D('',#8702,#8703,#8704);
#8702 = CARTESIAN_POINT('',(110.82,-68.5,0.));
#8703 = DIRECTION('',(-0.,0.,-1.));
#8704 = DIRECTION('',(-0.,-1.,0.));
#8705 = FACE_BOUND('',#8706,.F.);
#8706 = EDGE_LOOP('',(#8707));
#8707 = ORIENTED_EDGE('',*,*,#8708,.T.);
#8708 = EDGE_CURVE('',#8709,#8709,#8711,.T.);
#8709 = VERTEX_POINT('',#8710);
#8710 = CARTESIAN_POINT('',(113.36,-69.1,0.));
#8711 = CIRCLE('',#8712,0.6);
#8712 = AXIS2_PLACEMENT_3D('',#8713,#8714,#8715);
#8713 = CARTESIAN_POINT('',(113.36,-68.5,0.));
#8714 = DIRECTION('',(-0.,0.,-1.));
#8715 = DIRECTION('',(-0.,-1.,0.));
#8716 = FACE_BOUND('',#8717,.F.);
#8717 = EDGE_LOOP('',(#8718));
#8718 = ORIENTED_EDGE('',*,*,#8719,.T.);
#8719 = EDGE_CURVE('',#8720,#8720,#8722,.T.);
#8720 = VERTEX_POINT('',#8721);
#8721 = CARTESIAN_POINT('',(115.9,-69.1,0.));
#8722 = CIRCLE('',#8723,0.6);
#8723 = AXIS2_PLACEMENT_3D('',#8724,#8725,#8726);
#8724 = CARTESIAN_POINT('',(115.9,-68.5,0.));
#8725 = DIRECTION('',(-0.,0.,-1.));
#8726 = DIRECTION('',(-0.,-1.,0.));
#8727 = FACE_BOUND('',#8728,.F.);
#8728 = EDGE_LOOP('',(#8729));
#8729 = ORIENTED_EDGE('',*,*,#8730,.T.);
#8730 = EDGE_CURVE('',#8731,#8731,#8733,.T.);
#8731 = VERTEX_POINT('',#8732);
#8732 = CARTESIAN_POINT('',(118.44,-69.1,0.));
#8733 = CIRCLE('',#8734,0.6);
#8734 = AXIS2_PLACEMENT_3D('',#8735,#8736,#8737);
#8735 = CARTESIAN_POINT('',(118.44,-68.5,0.));
#8736 = DIRECTION('',(-0.,0.,-1.));
#8737 = DIRECTION('',(-0.,-1.,0.));
#8738 = FACE_BOUND('',#8739,.F.);
#8739 = EDGE_LOOP('',(#8740));
#8740 = ORIENTED_EDGE('',*,*,#8741,.T.);
#8741 = EDGE_CURVE('',#8742,#8742,#8744,.T.);
#8742 = VERTEX_POINT('',#8743);
#8743 = CARTESIAN_POINT('',(129.816,-68.5,0.));
#8744 = CIRCLE('',#8745,0.5);
#8745 = AXIS2_PLACEMENT_3D('',#8746,#8747,#8748);
#8746 = CARTESIAN_POINT('',(129.816,-68.,0.));
#8747 = DIRECTION('',(-0.,0.,-1.));
#8748 = DIRECTION('',(-0.,-1.,0.));
#8749 = FACE_BOUND('',#8750,.F.);
#8750 = EDGE_LOOP('',(#8751));
#8751 = ORIENTED_EDGE('',*,*,#8752,.T.);
#8752 = EDGE_CURVE('',#8753,#8753,#8755,.T.);
#8753 = VERTEX_POINT('',#8754);
#8754 = CARTESIAN_POINT('',(170.456,-86.28,0.));
#8755 = CIRCLE('',#8756,0.5);
#8756 = AXIS2_PLACEMENT_3D('',#8757,#8758,#8759);
#8757 = CARTESIAN_POINT('',(170.456,-85.78,0.));
#8758 = DIRECTION('',(-0.,0.,-1.));
#8759 = DIRECTION('',(-0.,-1.,0.));
#8760 = FACE_BOUND('',#8761,.F.);
#8761 = EDGE_LOOP('',(#8762));
#8762 = ORIENTED_EDGE('',*,*,#8763,.T.);
#8763 = EDGE_CURVE('',#8764,#8764,#8766,.T.);
#8764 = VERTEX_POINT('',#8765);
#8765 = CARTESIAN_POINT('',(204.2375,-100.65,0.));
#8766 = CIRCLE('',#8767,0.65);
#8767 = AXIS2_PLACEMENT_3D('',#8768,#8769,#8770);
#8768 = CARTESIAN_POINT('',(204.2375,-100.,0.));
#8769 = DIRECTION('',(-0.,0.,-1.));
#8770 = DIRECTION('',(-0.,-1.,0.));
#8771 = FACE_BOUND('',#8772,.F.);
#8772 = EDGE_LOOP('',(#8773));
#8773 = ORIENTED_EDGE('',*,*,#8774,.T.);
#8774 = EDGE_CURVE('',#8775,#8775,#8777,.T.);
#8775 = VERTEX_POINT('',#8776);
#8776 = CARTESIAN_POINT('',(222.,-105.56,0.));
#8777 = CIRCLE('',#8778,0.4);
#8778 = AXIS2_PLACEMENT_3D('',#8779,#8780,#8781);
#8779 = CARTESIAN_POINT('',(222.,-105.16,0.));
#8780 = DIRECTION('',(-0.,0.,-1.));
#8781 = DIRECTION('',(-0.,-1.,0.));
#8782 = FACE_BOUND('',#8783,.F.);
#8783 = EDGE_LOOP('',(#8784));
#8784 = ORIENTED_EDGE('',*,*,#8785,.T.);
#8785 = EDGE_CURVE('',#8786,#8786,#8788,.T.);
#8786 = VERTEX_POINT('',#8787);
#8787 = CARTESIAN_POINT('',(216.7375,-100.65,0.));
#8788 = CIRCLE('',#8789,0.65);
#8789 = AXIS2_PLACEMENT_3D('',#8790,#8791,#8792);
#8790 = CARTESIAN_POINT('',(216.7375,-100.,0.));
#8791 = DIRECTION('',(-0.,0.,-1.));
#8792 = DIRECTION('',(-0.,-1.,0.));
#8793 = FACE_BOUND('',#8794,.F.);
#8794 = EDGE_LOOP('',(#8795));
#8795 = ORIENTED_EDGE('',*,*,#8796,.T.);
#8796 = EDGE_CURVE('',#8797,#8797,#8799,.T.);
#8797 = VERTEX_POINT('',#8798);
#8798 = CARTESIAN_POINT('',(226.,-100.4,0.));
#8799 = CIRCLE('',#8800,0.4);
#8800 = AXIS2_PLACEMENT_3D('',#8801,#8802,#8803);
#8801 = CARTESIAN_POINT('',(226.,-100.,0.));
#8802 = DIRECTION('',(-0.,0.,-1.));
#8803 = DIRECTION('',(-0.,-1.,0.));
#8804 = FACE_BOUND('',#8805,.F.);
#8805 = EDGE_LOOP('',(#8806));
#8806 = ORIENTED_EDGE('',*,*,#8807,.T.);
#8807 = EDGE_CURVE('',#8808,#8808,#8810,.T.);
#8808 = VERTEX_POINT('',#8809);
#8809 = CARTESIAN_POINT('',(196.5,-94.31,0.));
#8810 = CIRCLE('',#8811,1.5);
#8811 = AXIS2_PLACEMENT_3D('',#8812,#8813,#8814);
#8812 = CARTESIAN_POINT('',(196.5,-92.81,0.));
#8813 = DIRECTION('',(-0.,0.,-1.));
#8814 = DIRECTION('',(-0.,-1.,0.));
#8815 = FACE_BOUND('',#8816,.F.);
#8816 = EDGE_LOOP('',(#8817));
#8817 = ORIENTED_EDGE('',*,*,#8818,.T.);
#8818 = EDGE_CURVE('',#8819,#8819,#8821,.T.);
#8819 = VERTEX_POINT('',#8820);
#8820 = CARTESIAN_POINT('',(204.2375,-95.65,0.));
#8821 = CIRCLE('',#8822,0.65);
#8822 = AXIS2_PLACEMENT_3D('',#8823,#8824,#8825);
#8823 = CARTESIAN_POINT('',(204.2375,-95.,0.));
#8824 = DIRECTION('',(-0.,0.,-1.));
#8825 = DIRECTION('',(-0.,-1.,0.));
#8826 = FACE_BOUND('',#8827,.F.);
#8827 = EDGE_LOOP('',(#8828));
#8828 = ORIENTED_EDGE('',*,*,#8829,.T.);
#8829 = EDGE_CURVE('',#8830,#8830,#8832,.T.);
#8830 = VERTEX_POINT('',#8831);
#8831 = CARTESIAN_POINT('',(216.7375,-95.65,0.));
#8832 = CIRCLE('',#8833,0.65);
#8833 = AXIS2_PLACEMENT_3D('',#8834,#8835,#8836);
#8834 = CARTESIAN_POINT('',(216.7375,-95.,0.));
#8835 = DIRECTION('',(-0.,0.,-1.));
#8836 = DIRECTION('',(-0.,-1.,0.));
#8837 = FACE_BOUND('',#8838,.F.);
#8838 = EDGE_LOOP('',(#8839));
#8839 = ORIENTED_EDGE('',*,*,#8840,.T.);
#8840 = EDGE_CURVE('',#8841,#8841,#8843,.T.);
#8841 = VERTEX_POINT('',#8842);
#8842 = CARTESIAN_POINT('',(222.,-95.4,0.));
#8843 = CIRCLE('',#8844,0.4);
#8844 = AXIS2_PLACEMENT_3D('',#8845,#8846,#8847);
#8845 = CARTESIAN_POINT('',(222.,-95.,0.));
#8846 = DIRECTION('',(-0.,0.,-1.));
#8847 = DIRECTION('',(-0.,-1.,0.));
#8848 = FACE_BOUND('',#8849,.F.);
#8849 = EDGE_LOOP('',(#8850));
#8850 = ORIENTED_EDGE('',*,*,#8851,.T.);
#8851 = EDGE_CURVE('',#8852,#8852,#8854,.T.);
#8852 = VERTEX_POINT('',#8853);
#8853 = CARTESIAN_POINT('',(226.,-95.4,0.));
#8854 = CIRCLE('',#8855,0.4);
#8855 = AXIS2_PLACEMENT_3D('',#8856,#8857,#8858);
#8856 = CARTESIAN_POINT('',(226.,-95.,0.));
#8857 = DIRECTION('',(-0.,0.,-1.));
#8858 = DIRECTION('',(-0.,-1.,0.));
#8859 = FACE_BOUND('',#8860,.F.);
#8860 = EDGE_LOOP('',(#8861));
#8861 = ORIENTED_EDGE('',*,*,#8862,.T.);
#8862 = EDGE_CURVE('',#8863,#8863,#8865,.T.);
#8863 = VERTEX_POINT('',#8864);
#8864 = CARTESIAN_POINT('',(222.,-91.46,0.));
#8865 = CIRCLE('',#8866,0.4);
#8866 = AXIS2_PLACEMENT_3D('',#8867,#8868,#8869);
#8867 = CARTESIAN_POINT('',(222.,-91.06,0.));
#8868 = DIRECTION('',(-0.,0.,-1.));
#8869 = DIRECTION('',(-0.,-1.,0.));
#8870 = FACE_BOUND('',#8871,.F.);
#8871 = EDGE_LOOP('',(#8872));
#8872 = ORIENTED_EDGE('',*,*,#8873,.T.);
#8873 = EDGE_CURVE('',#8874,#8874,#8876,.T.);
#8874 = VERTEX_POINT('',#8875);
#8875 = CARTESIAN_POINT('',(226.,-86.3,0.));
#8876 = CIRCLE('',#8877,0.4);
#8877 = AXIS2_PLACEMENT_3D('',#8878,#8879,#8880);
#8878 = CARTESIAN_POINT('',(226.,-85.9,0.));
#8879 = DIRECTION('',(-0.,0.,-1.));
#8880 = DIRECTION('',(-0.,-1.,0.));
#8881 = FACE_BOUND('',#8882,.F.);
#8882 = EDGE_LOOP('',(#8883,#8894,#8902,#8911));
#8883 = ORIENTED_EDGE('',*,*,#8884,.T.);
#8884 = EDGE_CURVE('',#8885,#8887,#8889,.T.);
#8885 = VERTEX_POINT('',#8886);
#8886 = CARTESIAN_POINT('',(176.3935,-77.,0.));
#8887 = VERTEX_POINT('',#8888);
#8888 = CARTESIAN_POINT('',(175.3935,-77.,0.));
#8889 = CIRCLE('',#8890,0.5);
#8890 = AXIS2_PLACEMENT_3D('',#8891,#8892,#8893);
#8891 = CARTESIAN_POINT('',(175.8935,-77.,0.));
#8892 = DIRECTION('',(-0.,0.,-1.));
#8893 = DIRECTION('',(-1.,0.,0.));
#8894 = ORIENTED_EDGE('',*,*,#8895,.T.);
#8895 = EDGE_CURVE('',#8887,#8896,#8898,.T.);
#8896 = VERTEX_POINT('',#8897);
#8897 = CARTESIAN_POINT('',(175.3935,-75.,0.));
#8898 = LINE('',#8899,#8900);
#8899 = CARTESIAN_POINT('',(175.3935,-37.5,0.));
#8900 = VECTOR('',#8901,1.);
#8901 = DIRECTION('',(-0.,1.,0.));
#8902 = ORIENTED_EDGE('',*,*,#8903,.T.);
#8903 = EDGE_CURVE('',#8896,#8904,#8906,.T.);
#8904 = VERTEX_POINT('',#8905);
#8905 = CARTESIAN_POINT('',(176.3935,-75.,0.));
#8906 = CIRCLE('',#8907,0.5);
#8907 = AXIS2_PLACEMENT_3D('',#8908,#8909,#8910);
#8908 = CARTESIAN_POINT('',(175.8935,-75.,0.));
#8909 = DIRECTION('',(0.,-0.,-1.));
#8910 = DIRECTION('',(1.,0.,-0.));
#8911 = ORIENTED_EDGE('',*,*,#8912,.T.);
#8912 = EDGE_CURVE('',#8904,#8885,#8913,.T.);
#8913 = LINE('',#8914,#8915);
#8914 = CARTESIAN_POINT('',(176.3935,-38.5,0.));
#8915 = VECTOR('',#8916,1.);
#8916 = DIRECTION('',(0.,-1.,0.));
#8917 = FACE_BOUND('',#8918,.F.);
#8918 = EDGE_LOOP('',(#8919,#8930,#8938,#8947));
#8919 = ORIENTED_EDGE('',*,*,#8920,.T.);
#8920 = EDGE_CURVE('',#8921,#8923,#8925,.T.);
#8921 = VERTEX_POINT('',#8922);
#8922 = CARTESIAN_POINT('',(179.5935,-79.5,0.));
#8923 = VERTEX_POINT('',#8924);
#8924 = CARTESIAN_POINT('',(179.5935,-78.5,0.));
#8925 = CIRCLE('',#8926,0.5);
#8926 = AXIS2_PLACEMENT_3D('',#8927,#8928,#8929);
#8927 = CARTESIAN_POINT('',(179.5935,-79.,0.));
#8928 = DIRECTION('',(-0.,0.,-1.));
#8929 = DIRECTION('',(0.,1.,0.));
#8930 = ORIENTED_EDGE('',*,*,#8931,.T.);
#8931 = EDGE_CURVE('',#8923,#8932,#8934,.T.);
#8932 = VERTEX_POINT('',#8933);
#8933 = CARTESIAN_POINT('',(181.5935,-78.5,0.));
#8934 = LINE('',#8935,#8936);
#8935 = CARTESIAN_POINT('',(90.79675,-78.5,0.));
#8936 = VECTOR('',#8937,1.);
#8937 = DIRECTION('',(1.,0.,-0.));
#8938 = ORIENTED_EDGE('',*,*,#8939,.T.);
#8939 = EDGE_CURVE('',#8932,#8940,#8942,.T.);
#8940 = VERTEX_POINT('',#8941);
#8941 = CARTESIAN_POINT('',(181.5935,-79.5,0.));
#8942 = CIRCLE('',#8943,0.5);
#8943 = AXIS2_PLACEMENT_3D('',#8944,#8945,#8946);
#8944 = CARTESIAN_POINT('',(181.5935,-79.,0.));
#8945 = DIRECTION('',(-0.,0.,-1.));
#8946 = DIRECTION('',(-0.,-1.,0.));
#8947 = ORIENTED_EDGE('',*,*,#8948,.T.);
#8948 = EDGE_CURVE('',#8940,#8921,#8949,.T.);
#8949 = LINE('',#8950,#8951);
#8950 = CARTESIAN_POINT('',(89.79675,-79.5,0.));
#8951 = VECTOR('',#8952,1.);
#8952 = DIRECTION('',(-1.,0.,0.));
#8953 = FACE_BOUND('',#8954,.F.);
#8954 = EDGE_LOOP('',(#8955,#8966,#8974,#8983));
#8955 = ORIENTED_EDGE('',*,*,#8956,.T.);
#8956 = EDGE_CURVE('',#8957,#8959,#8961,.T.);
#8957 = VERTEX_POINT('',#8958);
#8958 = CARTESIAN_POINT('',(179.5935,-73.5,0.));
#8959 = VERTEX_POINT('',#8960);
#8960 = CARTESIAN_POINT('',(179.5935,-72.5,0.));
#8961 = CIRCLE('',#8962,0.5);
#8962 = AXIS2_PLACEMENT_3D('',#8963,#8964,#8965);
#8963 = CARTESIAN_POINT('',(179.5935,-73.,0.));
#8964 = DIRECTION('',(-0.,0.,-1.));
#8965 = DIRECTION('',(0.,1.,0.));
#8966 = ORIENTED_EDGE('',*,*,#8967,.T.);
#8967 = EDGE_CURVE('',#8959,#8968,#8970,.T.);
#8968 = VERTEX_POINT('',#8969);
#8969 = CARTESIAN_POINT('',(181.5935,-72.5,0.));
#8970 = LINE('',#8971,#8972);
#8971 = CARTESIAN_POINT('',(90.79675,-72.5,0.));
#8972 = VECTOR('',#8973,1.);
#8973 = DIRECTION('',(1.,0.,-0.));
#8974 = ORIENTED_EDGE('',*,*,#8975,.T.);
#8975 = EDGE_CURVE('',#8968,#8976,#8978,.T.);
#8976 = VERTEX_POINT('',#8977);
#8977 = CARTESIAN_POINT('',(181.5935,-73.5,0.));
#8978 = CIRCLE('',#8979,0.5);
#8979 = AXIS2_PLACEMENT_3D('',#8980,#8981,#8982);
#8980 = CARTESIAN_POINT('',(181.5935,-73.,0.));
#8981 = DIRECTION('',(-0.,0.,-1.));
#8982 = DIRECTION('',(-0.,-1.,0.));
#8983 = ORIENTED_EDGE('',*,*,#8984,.T.);
#8984 = EDGE_CURVE('',#8976,#8957,#8985,.T.);
#8985 = LINE('',#8986,#8987);
#8986 = CARTESIAN_POINT('',(89.79675,-73.5,0.));
#8987 = VECTOR('',#8988,1.);
#8988 = DIRECTION('',(-1.,0.,0.));
#8989 = FACE_BOUND('',#8990,.F.);
#8990 = EDGE_LOOP('',(#8991));
#8991 = ORIENTED_EDGE('',*,*,#8992,.T.);
#8992 = EDGE_CURVE('',#8993,#8993,#8995,.T.);
#8993 = VERTEX_POINT('',#8994);
#8994 = CARTESIAN_POINT('',(170.456,-68.5,0.));
#8995 = CIRCLE('',#8996,0.5);
#8996 = AXIS2_PLACEMENT_3D('',#8997,#8998,#8999);
#8997 = CARTESIAN_POINT('',(170.456,-68.,0.));
#8998 = DIRECTION('',(-0.,0.,-1.));
#8999 = DIRECTION('',(-0.,-1.,0.));
#9000 = FACE_BOUND('',#9001,.F.);
#9001 = EDGE_LOOP('',(#9002));
#9002 = ORIENTED_EDGE('',*,*,#9003,.T.);
#9003 = EDGE_CURVE('',#9004,#9004,#9006,.T.);
#9004 = VERTEX_POINT('',#9005);
#9005 = CARTESIAN_POINT('',(188.92,-81.3,0.));
#9006 = CIRCLE('',#9007,0.4);
#9007 = AXIS2_PLACEMENT_3D('',#9008,#9009,#9010);
#9008 = CARTESIAN_POINT('',(188.92,-80.9,0.));
#9009 = DIRECTION('',(-0.,0.,-1.));
#9010 = DIRECTION('',(-7.105427357601E-14,-1.,0.));
#9011 = FACE_BOUND('',#9012,.F.);
#9012 = EDGE_LOOP('',(#9013));
#9013 = ORIENTED_EDGE('',*,*,#9014,.T.);
#9014 = EDGE_CURVE('',#9015,#9015,#9017,.T.);
#9015 = VERTEX_POINT('',#9016);
#9016 = CARTESIAN_POINT('',(199.08,-81.3,0.));
#9017 = CIRCLE('',#9018,0.4);
#9018 = AXIS2_PLACEMENT_3D('',#9019,#9020,#9021);
#9019 = CARTESIAN_POINT('',(199.08,-80.9,0.));
#9020 = DIRECTION('',(-0.,0.,-1.));
#9021 = DIRECTION('',(7.105427357601E-14,-1.,-0.));
#9022 = FACE_BOUND('',#9023,.F.);
#9023 = EDGE_LOOP('',(#9024));
#9024 = ORIENTED_EDGE('',*,*,#9025,.T.);
#9025 = EDGE_CURVE('',#9026,#9026,#9028,.T.);
#9026 = VERTEX_POINT('',#9027);
#9027 = CARTESIAN_POINT('',(203.5,-81.5,0.));
#9028 = CIRCLE('',#9029,0.6);
#9029 = AXIS2_PLACEMENT_3D('',#9030,#9031,#9032);
#9030 = CARTESIAN_POINT('',(203.5,-80.9,0.));
#9031 = DIRECTION('',(-0.,0.,-1.));
#9032 = DIRECTION('',(-0.,-1.,0.));
#9033 = FACE_BOUND('',#9034,.F.);
#9034 = EDGE_LOOP('',(#9035));
#9035 = ORIENTED_EDGE('',*,*,#9036,.T.);
#9036 = EDGE_CURVE('',#9037,#9037,#9039,.T.);
#9037 = VERTEX_POINT('',#9038);
#9038 = CARTESIAN_POINT('',(194.08,-77.4,0.));
#9039 = CIRCLE('',#9040,0.4);
#9040 = AXIS2_PLACEMENT_3D('',#9041,#9042,#9043);
#9041 = CARTESIAN_POINT('',(194.08,-77.,0.));
#9042 = DIRECTION('',(-0.,0.,-1.));
#9043 = DIRECTION('',(7.105427357601E-14,-1.,-0.));
#9044 = FACE_BOUND('',#9045,.F.);
#9045 = EDGE_LOOP('',(#9046));
#9046 = ORIENTED_EDGE('',*,*,#9047,.T.);
#9047 = EDGE_CURVE('',#9048,#9048,#9050,.T.);
#9048 = VERTEX_POINT('',#9049);
#9049 = CARTESIAN_POINT('',(199.08,-77.4,0.));
#9050 = CIRCLE('',#9051,0.4);
#9051 = AXIS2_PLACEMENT_3D('',#9052,#9053,#9054);
#9052 = CARTESIAN_POINT('',(199.08,-77.,0.));
#9053 = DIRECTION('',(-0.,0.,-1.));
#9054 = DIRECTION('',(7.105427357601E-14,-1.,-0.));
#9055 = FACE_BOUND('',#9056,.F.);
#9056 = EDGE_LOOP('',(#9057));
#9057 = ORIENTED_EDGE('',*,*,#9058,.T.);
#9058 = EDGE_CURVE('',#9059,#9059,#9061,.T.);
#9059 = VERTEX_POINT('',#9060);
#9060 = CARTESIAN_POINT('',(203.5,-76.5,0.));
#9061 = CIRCLE('',#9062,0.6);
#9062 = AXIS2_PLACEMENT_3D('',#9063,#9064,#9065);
#9063 = CARTESIAN_POINT('',(203.5,-75.9,0.));
#9064 = DIRECTION('',(-0.,0.,-1.));
#9065 = DIRECTION('',(-0.,-1.,0.));
#9066 = FACE_BOUND('',#9067,.F.);
#9067 = EDGE_LOOP('',(#9068,#9079,#9087,#9096));
#9068 = ORIENTED_EDGE('',*,*,#9069,.T.);
#9069 = EDGE_CURVE('',#9070,#9072,#9074,.T.);
#9070 = VERTEX_POINT('',#9071);
#9071 = CARTESIAN_POINT('',(210.65,-83.,0.));
#9072 = VERTEX_POINT('',#9073);
#9073 = CARTESIAN_POINT('',(210.65,-85.,0.));
#9074 = CIRCLE('',#9075,1.);
#9075 = AXIS2_PLACEMENT_3D('',#9076,#9077,#9078);
#9076 = CARTESIAN_POINT('',(210.65,-84.,0.));
#9077 = DIRECTION('',(-0.,0.,-1.));
#9078 = DIRECTION('',(-0.,-1.,0.));
#9079 = ORIENTED_EDGE('',*,*,#9080,.T.);
#9080 = EDGE_CURVE('',#9072,#9081,#9083,.T.);
#9081 = VERTEX_POINT('',#9082);
#9082 = CARTESIAN_POINT('',(210.35,-85.,0.));
#9083 = LINE('',#9084,#9085);
#9084 = CARTESIAN_POINT('',(105.175,-85.,0.));
#9085 = VECTOR('',#9086,1.);
#9086 = DIRECTION('',(-1.,0.,0.));
#9087 = ORIENTED_EDGE('',*,*,#9088,.T.);
#9088 = EDGE_CURVE('',#9081,#9089,#9091,.T.);
#9089 = VERTEX_POINT('',#9090);
#9090 = CARTESIAN_POINT('',(210.35,-83.,0.));
#9091 = CIRCLE('',#9092,1.);
#9092 = AXIS2_PLACEMENT_3D('',#9093,#9094,#9095);
#9093 = CARTESIAN_POINT('',(210.35,-84.,0.));
#9094 = DIRECTION('',(-0.,0.,-1.));
#9095 = DIRECTION('',(0.,1.,0.));
#9096 = ORIENTED_EDGE('',*,*,#9097,.T.);
#9097 = EDGE_CURVE('',#9089,#9070,#9098,.T.);
#9098 = LINE('',#9099,#9100);
#9099 = CARTESIAN_POINT('',(105.325,-83.,0.));
#9100 = VECTOR('',#9101,1.);
#9101 = DIRECTION('',(1.,0.,-0.));
#9102 = FACE_BOUND('',#9103,.F.);
#9103 = EDGE_LOOP('',(#9104));
#9104 = ORIENTED_EDGE('',*,*,#9105,.T.);
#9105 = EDGE_CURVE('',#9106,#9106,#9108,.T.);
#9106 = VERTEX_POINT('',#9107);
#9107 = CARTESIAN_POINT('',(218.,-81.5,0.));
#9108 = CIRCLE('',#9109,0.6);
#9109 = AXIS2_PLACEMENT_3D('',#9110,#9111,#9112);
#9110 = CARTESIAN_POINT('',(218.,-80.9,0.));
#9111 = DIRECTION('',(-0.,0.,-1.));
#9112 = DIRECTION('',(-0.,-1.,0.));
#9113 = FACE_BOUND('',#9114,.F.);
#9114 = EDGE_LOOP('',(#9115));
#9115 = ORIENTED_EDGE('',*,*,#9116,.T.);
#9116 = EDGE_CURVE('',#9117,#9117,#9119,.T.);
#9117 = VERTEX_POINT('',#9118);
#9118 = CARTESIAN_POINT('',(222.,-81.3,0.));
#9119 = CIRCLE('',#9120,0.4);
#9120 = AXIS2_PLACEMENT_3D('',#9121,#9122,#9123);
#9121 = CARTESIAN_POINT('',(222.,-80.9,0.));
#9122 = DIRECTION('',(-0.,0.,-1.));
#9123 = DIRECTION('',(-0.,-1.,0.));
#9124 = FACE_BOUND('',#9125,.F.);
#9125 = EDGE_LOOP('',(#9126));
#9126 = ORIENTED_EDGE('',*,*,#9127,.T.);
#9127 = EDGE_CURVE('',#9128,#9128,#9130,.T.);
#9128 = VERTEX_POINT('',#9129);
#9129 = CARTESIAN_POINT('',(226.,-81.3,0.));
#9130 = CIRCLE('',#9131,0.4);
#9131 = AXIS2_PLACEMENT_3D('',#9132,#9133,#9134);
#9132 = CARTESIAN_POINT('',(226.,-80.9,0.));
#9133 = DIRECTION('',(-0.,0.,-1.));
#9134 = DIRECTION('',(-0.,-1.,0.));
#9135 = FACE_BOUND('',#9136,.F.);
#9136 = EDGE_LOOP('',(#9137));
#9137 = ORIENTED_EDGE('',*,*,#9138,.T.);
#9138 = EDGE_CURVE('',#9139,#9139,#9141,.T.);
#9139 = VERTEX_POINT('',#9140);
#9140 = CARTESIAN_POINT('',(218.,-79.,0.));
#9141 = CIRCLE('',#9142,0.6);
#9142 = AXIS2_PLACEMENT_3D('',#9143,#9144,#9145);
#9143 = CARTESIAN_POINT('',(218.,-78.4,0.));
#9144 = DIRECTION('',(-0.,0.,-1.));
#9145 = DIRECTION('',(-0.,-1.,0.));
#9146 = FACE_BOUND('',#9147,.F.);
#9147 = EDGE_LOOP('',(#9148));
#9148 = ORIENTED_EDGE('',*,*,#9149,.T.);
#9149 = EDGE_CURVE('',#9150,#9150,#9152,.T.);
#9150 = VERTEX_POINT('',#9151);
#9151 = CARTESIAN_POINT('',(218.,-76.5,0.));
#9152 = CIRCLE('',#9153,0.6);
#9153 = AXIS2_PLACEMENT_3D('',#9154,#9155,#9156);
#9154 = CARTESIAN_POINT('',(218.,-75.9,0.));
#9155 = DIRECTION('',(-0.,0.,-1.));
#9156 = DIRECTION('',(-0.,-1.,0.));
#9157 = FACE_BOUND('',#9158,.F.);
#9158 = EDGE_LOOP('',(#9159));
#9159 = ORIENTED_EDGE('',*,*,#9160,.T.);
#9160 = EDGE_CURVE('',#9161,#9161,#9163,.T.);
#9161 = VERTEX_POINT('',#9162);
#9162 = CARTESIAN_POINT('',(222.,-76.3,0.));
#9163 = CIRCLE('',#9164,0.4);
#9164 = AXIS2_PLACEMENT_3D('',#9165,#9166,#9167);
#9165 = CARTESIAN_POINT('',(222.,-75.9,0.));
#9166 = DIRECTION('',(-0.,0.,-1.));
#9167 = DIRECTION('',(-0.,-1.,0.));
#9168 = FACE_BOUND('',#9169,.F.);
#9169 = EDGE_LOOP('',(#9170));
#9170 = ORIENTED_EDGE('',*,*,#9171,.T.);
#9171 = EDGE_CURVE('',#9172,#9172,#9174,.T.);
#9172 = VERTEX_POINT('',#9173);
#9173 = CARTESIAN_POINT('',(226.,-76.3,0.));
#9174 = CIRCLE('',#9175,0.4);
#9175 = AXIS2_PLACEMENT_3D('',#9176,#9177,#9178);
#9176 = CARTESIAN_POINT('',(226.,-75.9,0.));
#9177 = DIRECTION('',(-0.,0.,-1.));
#9178 = DIRECTION('',(-0.,-1.,0.));
#9179 = FACE_BOUND('',#9180,.F.);
#9180 = EDGE_LOOP('',(#9181,#9192,#9200,#9209));
#9181 = ORIENTED_EDGE('',*,*,#9182,.T.);
#9182 = EDGE_CURVE('',#9183,#9185,#9187,.T.);
#9183 = VERTEX_POINT('',#9184);
#9184 = CARTESIAN_POINT('',(210.65,-71.8,0.));
#9185 = VERTEX_POINT('',#9186);
#9186 = CARTESIAN_POINT('',(210.65,-73.8,0.));
#9187 = CIRCLE('',#9188,1.);
#9188 = AXIS2_PLACEMENT_3D('',#9189,#9190,#9191);
#9189 = CARTESIAN_POINT('',(210.65,-72.8,0.));
#9190 = DIRECTION('',(-0.,0.,-1.));
#9191 = DIRECTION('',(-0.,-1.,0.));
#9192 = ORIENTED_EDGE('',*,*,#9193,.T.);
#9193 = EDGE_CURVE('',#9185,#9194,#9196,.T.);
#9194 = VERTEX_POINT('',#9195);
#9195 = CARTESIAN_POINT('',(210.35,-73.8,0.));
#9196 = LINE('',#9197,#9198);
#9197 = CARTESIAN_POINT('',(105.175,-73.8,0.));
#9198 = VECTOR('',#9199,1.);
#9199 = DIRECTION('',(-1.,0.,0.));
#9200 = ORIENTED_EDGE('',*,*,#9201,.T.);
#9201 = EDGE_CURVE('',#9194,#9202,#9204,.T.);
#9202 = VERTEX_POINT('',#9203);
#9203 = CARTESIAN_POINT('',(210.35,-71.8,0.));
#9204 = CIRCLE('',#9205,1.);
#9205 = AXIS2_PLACEMENT_3D('',#9206,#9207,#9208);
#9206 = CARTESIAN_POINT('',(210.35,-72.8,0.));
#9207 = DIRECTION('',(-0.,0.,-1.));
#9208 = DIRECTION('',(0.,1.,0.));
#9209 = ORIENTED_EDGE('',*,*,#9210,.T.);
#9210 = EDGE_CURVE('',#9202,#9183,#9211,.T.);
#9211 = LINE('',#9212,#9213);
#9212 = CARTESIAN_POINT('',(105.325,-71.8,0.));
#9213 = VECTOR('',#9214,1.);
#9214 = DIRECTION('',(1.,0.,-0.));
#9215 = FACE_BOUND('',#9216,.F.);
#9216 = EDGE_LOOP('',(#9217));
#9217 = ORIENTED_EDGE('',*,*,#9218,.T.);
#9218 = EDGE_CURVE('',#9219,#9219,#9221,.T.);
#9219 = VERTEX_POINT('',#9220);
#9220 = CARTESIAN_POINT('',(226.,-71.3,0.));
#9221 = CIRCLE('',#9222,0.4);
#9222 = AXIS2_PLACEMENT_3D('',#9223,#9224,#9225);
#9223 = CARTESIAN_POINT('',(226.,-70.9,0.));
#9224 = DIRECTION('',(-0.,0.,-1.));
#9225 = DIRECTION('',(-0.,-1.,0.));
#9226 = FACE_BOUND('',#9227,.F.);
#9227 = EDGE_LOOP('',(#9228));
#9228 = ORIENTED_EDGE('',*,*,#9229,.T.);
#9229 = EDGE_CURVE('',#9230,#9230,#9232,.T.);
#9230 = VERTEX_POINT('',#9231);
#9231 = CARTESIAN_POINT('',(222.,-66.14,0.));
#9232 = CIRCLE('',#9233,0.4);
#9233 = AXIS2_PLACEMENT_3D('',#9234,#9235,#9236);
#9234 = CARTESIAN_POINT('',(222.,-65.74,0.));
#9235 = DIRECTION('',(-0.,0.,-1.));
#9236 = DIRECTION('',(-0.,-1.,0.));
#9237 = FACE_BOUND('',#9238,.F.);
#9238 = EDGE_LOOP('',(#9239));
#9239 = ORIENTED_EDGE('',*,*,#9240,.T.);
#9240 = EDGE_CURVE('',#9241,#9241,#9243,.T.);
#9241 = VERTEX_POINT('',#9242);
#9242 = CARTESIAN_POINT('',(227.5,-64.6,0.));
#9243 = CIRCLE('',#9244,1.1);
#9244 = AXIS2_PLACEMENT_3D('',#9245,#9246,#9247);
#9245 = CARTESIAN_POINT('',(227.5,-63.5,0.));
#9246 = DIRECTION('',(-0.,0.,-1.));
#9247 = DIRECTION('',(-0.,-1.,0.));
#9248 = PLANE('',#9249);
#9249 = AXIS2_PLACEMENT_3D('',#9250,#9251,#9252);
#9250 = CARTESIAN_POINT('',(0.,0.,0.));
#9251 = DIRECTION('',(0.,0.,1.));
#9252 = DIRECTION('',(1.,0.,-0.));
#9253 = ADVANCED_FACE('',(#9254,#9300,#9311,#9322,#9333,#9344,#9380,
    #9391,#9402,#9413,#9449,#9460,#9471,#9482,#9518,#9529,#9565,#9601,
    #9612,#9648,#9659,#9670,#9681,#9692,#9703,#9714,#9725,#9736,#9747,
    #9758,#9769,#9780,#9791,#9802,#9813,#9824,#9835,#9846,#9857,#9868,
    #9879,#9890,#9901,#9912,#9923,#9934,#9945,#9956,#9967,#9978,#9989,
    #10000,#10011,#10022,#10033,#10044,#10055,#10066,#10077,#10088,
    #10099,#10110,#10121,#10132,#10143,#10154,#10165,#10176,#10187,
    #10198,#10209,#10220,#10231,#10242,#10253,#10264,#10275,#10286,
    #10297,#10308,#10319,#10330,#10341,#10352,#10363,#10374,#10385,
    #10396,#10407,#10418,#10429,#10440,#10451,#10462,#10473,#10484,
    #10495,#10506,#10517,#10528,#10539,#10575,#10611,#10647,#10658,
    #10669,#10680,#10691,#10702,#10713,#10724,#10760,#10771,#10782,
    #10793,#10804,#10815,#10826,#10837,#10873,#10884,#10895),#10906,.T.
  );
#9254 = FACE_BOUND('',#9255,.T.);
#9255 = EDGE_LOOP('',(#9256,#9257,#9258,#9267,#9275,#9284,#9292,#9299));
#9256 = ORIENTED_EDGE('',*,*,#7505,.F.);
#9257 = ORIENTED_EDGE('',*,*,#7547,.F.);
#9258 = ORIENTED_EDGE('',*,*,#9259,.F.);
#9259 = EDGE_CURVE('',#9260,#7540,#9262,.T.);
#9260 = VERTEX_POINT('',#9261);
#9261 = CARTESIAN_POINT('',(63.5,-66.5,1.6));
#9262 = CIRCLE('',#9263,9.999999357669);
#9263 = AXIS2_PLACEMENT_3D('',#9264,#9265,#9266);
#9264 = CARTESIAN_POINT('',(73.499999357669,-66.49999935766,1.6));
#9265 = DIRECTION('',(0.,0.,-1.));
#9266 = DIRECTION('',(-1.,-6.423314275614E-08,-0.));
#9267 = ORIENTED_EDGE('',*,*,#9268,.F.);
#9268 = EDGE_CURVE('',#9269,#9260,#9271,.T.);
#9269 = VERTEX_POINT('',#9270);
#9270 = CARTESIAN_POINT('',(63.5,-151.,1.6));
#9271 = LINE('',#9272,#9273);
#9272 = CARTESIAN_POINT('',(63.5,-151.,1.6));
#9273 = VECTOR('',#9274,1.);
#9274 = DIRECTION('',(0.,1.,0.));
#9275 = ORIENTED_EDGE('',*,*,#9276,.F.);
#9276 = EDGE_CURVE('',#9277,#9269,#9279,.T.);
#9277 = VERTEX_POINT('',#9278);
#9278 = CARTESIAN_POINT('',(73.5,-161.,1.6));
#9279 = CIRCLE('',#9280,9.999999357669);
#9280 = AXIS2_PLACEMENT_3D('',#9281,#9282,#9283);
#9281 = CARTESIAN_POINT('',(73.499999357669,-151.0000006423,1.6));
#9282 = DIRECTION('',(0.,0.,-1.));
#9283 = DIRECTION('',(6.423314275614E-08,-1.,0.));
#9284 = ORIENTED_EDGE('',*,*,#9285,.F.);
#9285 = EDGE_CURVE('',#9286,#9277,#9288,.T.);
#9286 = VERTEX_POINT('',#9287);
#9287 = CARTESIAN_POINT('',(225.5,-161.,1.6));
#9288 = LINE('',#9289,#9290);
#9289 = CARTESIAN_POINT('',(225.5,-161.,1.6));
#9290 = VECTOR('',#9291,1.);
#9291 = DIRECTION('',(-1.,0.,0.));
#9292 = ORIENTED_EDGE('',*,*,#9293,.F.);
#9293 = EDGE_CURVE('',#7570,#9286,#9294,.T.);
#9294 = CIRCLE('',#9295,9.999999357669);
#9295 = AXIS2_PLACEMENT_3D('',#9296,#9297,#9298);
#9296 = CARTESIAN_POINT('',(225.50000064233,-151.0000006423,1.6));
#9297 = DIRECTION('',(0.,0.,-1.));
#9298 = DIRECTION('',(1.,6.423314133505E-08,0.));
#9299 = ORIENTED_EDGE('',*,*,#7569,.F.);
#9300 = FACE_BOUND('',#9301,.T.);
#9301 = EDGE_LOOP('',(#9302));
#9302 = ORIENTED_EDGE('',*,*,#9303,.T.);
#9303 = EDGE_CURVE('',#9304,#9304,#9306,.T.);
#9304 = VERTEX_POINT('',#9305);
#9305 = CARTESIAN_POINT('',(71.,-154.1,1.6));
#9306 = CIRCLE('',#9307,1.1);
#9307 = AXIS2_PLACEMENT_3D('',#9308,#9309,#9310);
#9308 = CARTESIAN_POINT('',(71.,-153.,1.6));
#9309 = DIRECTION('',(-0.,0.,-1.));
#9310 = DIRECTION('',(-0.,-1.,0.));
#9311 = FACE_BOUND('',#9312,.T.);
#9312 = EDGE_LOOP('',(#9313));
#9313 = ORIENTED_EDGE('',*,*,#9314,.T.);
#9314 = EDGE_CURVE('',#9315,#9315,#9317,.T.);
#9315 = VERTEX_POINT('',#9316);
#9316 = CARTESIAN_POINT('',(75.5,-147.6,1.6));
#9317 = CIRCLE('',#9318,0.6);
#9318 = AXIS2_PLACEMENT_3D('',#9319,#9320,#9321);
#9319 = CARTESIAN_POINT('',(75.5,-147.,1.6));
#9320 = DIRECTION('',(-0.,0.,-1.));
#9321 = DIRECTION('',(-0.,-1.,0.));
#9322 = FACE_BOUND('',#9323,.T.);
#9323 = EDGE_LOOP('',(#9324));
#9324 = ORIENTED_EDGE('',*,*,#9325,.T.);
#9325 = EDGE_CURVE('',#9326,#9326,#9328,.T.);
#9326 = VERTEX_POINT('',#9327);
#9327 = CARTESIAN_POINT('',(75.5,-145.1,1.6));
#9328 = CIRCLE('',#9329,0.6);
#9329 = AXIS2_PLACEMENT_3D('',#9330,#9331,#9332);
#9330 = CARTESIAN_POINT('',(75.5,-144.5,1.6));
#9331 = DIRECTION('',(-0.,0.,-1.));
#9332 = DIRECTION('',(-0.,-1.,0.));
#9333 = FACE_BOUND('',#9334,.T.);
#9334 = EDGE_LOOP('',(#9335));
#9335 = ORIENTED_EDGE('',*,*,#9336,.T.);
#9336 = EDGE_CURVE('',#9337,#9337,#9339,.T.);
#9337 = VERTEX_POINT('',#9338);
#9338 = CARTESIAN_POINT('',(85.5,-147.6,1.6));
#9339 = CIRCLE('',#9340,0.6);
#9340 = AXIS2_PLACEMENT_3D('',#9341,#9342,#9343);
#9341 = CARTESIAN_POINT('',(85.5,-147.,1.6));
#9342 = DIRECTION('',(-0.,0.,-1.));
#9343 = DIRECTION('',(-0.,-1.,0.));
#9344 = FACE_BOUND('',#9345,.T.);
#9345 = EDGE_LOOP('',(#9346,#9357,#9365,#9374));
#9346 = ORIENTED_EDGE('',*,*,#9347,.T.);
#9347 = EDGE_CURVE('',#9348,#9350,#9352,.T.);
#9348 = VERTEX_POINT('',#9349);
#9349 = CARTESIAN_POINT('',(81.,-144.3,1.6));
#9350 = VERTEX_POINT('',#9351);
#9351 = CARTESIAN_POINT('',(81.,-144.7,1.6));
#9352 = CIRCLE('',#9353,0.2);
#9353 = AXIS2_PLACEMENT_3D('',#9354,#9355,#9356);
#9354 = CARTESIAN_POINT('',(81.,-144.5,1.6));
#9355 = DIRECTION('',(-0.,0.,-1.));
#9356 = DIRECTION('',(-0.,-1.,0.));
#9357 = ORIENTED_EDGE('',*,*,#9358,.T.);
#9358 = EDGE_CURVE('',#9350,#9359,#9361,.T.);
#9359 = VERTEX_POINT('',#9360);
#9360 = CARTESIAN_POINT('',(80.,-144.7,1.6));
#9361 = LINE('',#9362,#9363);
#9362 = CARTESIAN_POINT('',(40.,-144.7,1.6));
#9363 = VECTOR('',#9364,1.);
#9364 = DIRECTION('',(-1.,0.,0.));
#9365 = ORIENTED_EDGE('',*,*,#9366,.T.);
#9366 = EDGE_CURVE('',#9359,#9367,#9369,.T.);
#9367 = VERTEX_POINT('',#9368);
#9368 = CARTESIAN_POINT('',(80.,-144.3,1.6));
#9369 = CIRCLE('',#9370,0.2);
#9370 = AXIS2_PLACEMENT_3D('',#9371,#9372,#9373);
#9371 = CARTESIAN_POINT('',(80.,-144.5,1.6));
#9372 = DIRECTION('',(-0.,0.,-1.));
#9373 = DIRECTION('',(0.,1.,0.));
#9374 = ORIENTED_EDGE('',*,*,#9375,.T.);
#9375 = EDGE_CURVE('',#9367,#9348,#9376,.T.);
#9376 = LINE('',#9377,#9378);
#9377 = CARTESIAN_POINT('',(40.5,-144.3,1.6));
#9378 = VECTOR('',#9379,1.);
#9379 = DIRECTION('',(1.,0.,-0.));
#9380 = FACE_BOUND('',#9381,.T.);
#9381 = EDGE_LOOP('',(#9382));
#9382 = ORIENTED_EDGE('',*,*,#9383,.T.);
#9383 = EDGE_CURVE('',#9384,#9384,#9386,.T.);
#9384 = VERTEX_POINT('',#9385);
#9385 = CARTESIAN_POINT('',(85.5,-145.1,1.6));
#9386 = CIRCLE('',#9387,0.6);
#9387 = AXIS2_PLACEMENT_3D('',#9388,#9389,#9390);
#9388 = CARTESIAN_POINT('',(85.5,-144.5,1.6));
#9389 = DIRECTION('',(-0.,0.,-1.));
#9390 = DIRECTION('',(-0.,-1.,0.));
#9391 = FACE_BOUND('',#9392,.T.);
#9392 = EDGE_LOOP('',(#9393));
#9393 = ORIENTED_EDGE('',*,*,#9394,.T.);
#9394 = EDGE_CURVE('',#9395,#9395,#9397,.T.);
#9395 = VERTEX_POINT('',#9396);
#9396 = CARTESIAN_POINT('',(90.5,-147.6,1.6));
#9397 = CIRCLE('',#9398,0.6);
#9398 = AXIS2_PLACEMENT_3D('',#9399,#9400,#9401);
#9399 = CARTESIAN_POINT('',(90.5,-147.,1.6));
#9400 = DIRECTION('',(-0.,0.,-1.));
#9401 = DIRECTION('',(-0.,-1.,0.));
#9402 = FACE_BOUND('',#9403,.T.);
#9403 = EDGE_LOOP('',(#9404));
#9404 = ORIENTED_EDGE('',*,*,#9405,.T.);
#9405 = EDGE_CURVE('',#9406,#9406,#9408,.T.);
#9406 = VERTEX_POINT('',#9407);
#9407 = CARTESIAN_POINT('',(90.5,-145.1,1.6));
#9408 = CIRCLE('',#9409,0.6);
#9409 = AXIS2_PLACEMENT_3D('',#9410,#9411,#9412);
#9410 = CARTESIAN_POINT('',(90.5,-144.5,1.6));
#9411 = DIRECTION('',(-0.,0.,-1.));
#9412 = DIRECTION('',(-0.,-1.,0.));
#9413 = FACE_BOUND('',#9414,.T.);
#9414 = EDGE_LOOP('',(#9415,#9426,#9434,#9443));
#9415 = ORIENTED_EDGE('',*,*,#9416,.T.);
#9416 = EDGE_CURVE('',#9417,#9419,#9421,.T.);
#9417 = VERTEX_POINT('',#9418);
#9418 = CARTESIAN_POINT('',(96.,-144.3,1.6));
#9419 = VERTEX_POINT('',#9420);
#9420 = CARTESIAN_POINT('',(96.,-144.7,1.6));
#9421 = CIRCLE('',#9422,0.2);
#9422 = AXIS2_PLACEMENT_3D('',#9423,#9424,#9425);
#9423 = CARTESIAN_POINT('',(96.,-144.5,1.6));
#9424 = DIRECTION('',(-0.,0.,-1.));
#9425 = DIRECTION('',(-0.,-1.,0.));
#9426 = ORIENTED_EDGE('',*,*,#9427,.T.);
#9427 = EDGE_CURVE('',#9419,#9428,#9430,.T.);
#9428 = VERTEX_POINT('',#9429);
#9429 = CARTESIAN_POINT('',(95.,-144.7,1.6));
#9430 = LINE('',#9431,#9432);
#9431 = CARTESIAN_POINT('',(47.5,-144.7,1.6));
#9432 = VECTOR('',#9433,1.);
#9433 = DIRECTION('',(-1.,0.,0.));
#9434 = ORIENTED_EDGE('',*,*,#9435,.T.);
#9435 = EDGE_CURVE('',#9428,#9436,#9438,.T.);
#9436 = VERTEX_POINT('',#9437);
#9437 = CARTESIAN_POINT('',(95.,-144.3,1.6));
#9438 = CIRCLE('',#9439,0.2);
#9439 = AXIS2_PLACEMENT_3D('',#9440,#9441,#9442);
#9440 = CARTESIAN_POINT('',(95.,-144.5,1.6));
#9441 = DIRECTION('',(-0.,0.,-1.));
#9442 = DIRECTION('',(0.,1.,0.));
#9443 = ORIENTED_EDGE('',*,*,#9444,.T.);
#9444 = EDGE_CURVE('',#9436,#9417,#9445,.T.);
#9445 = LINE('',#9446,#9447);
#9446 = CARTESIAN_POINT('',(48.,-144.3,1.6));
#9447 = VECTOR('',#9448,1.);
#9448 = DIRECTION('',(1.,0.,-0.));
#9449 = FACE_BOUND('',#9450,.T.);
#9450 = EDGE_LOOP('',(#9451));
#9451 = ORIENTED_EDGE('',*,*,#9452,.T.);
#9452 = EDGE_CURVE('',#9453,#9453,#9455,.T.);
#9453 = VERTEX_POINT('',#9454);
#9454 = CARTESIAN_POINT('',(100.5,-147.6,1.6));
#9455 = CIRCLE('',#9456,0.6);
#9456 = AXIS2_PLACEMENT_3D('',#9457,#9458,#9459);
#9457 = CARTESIAN_POINT('',(100.5,-147.,1.6));
#9458 = DIRECTION('',(-0.,0.,-1.));
#9459 = DIRECTION('',(-0.,-1.,0.));
#9460 = FACE_BOUND('',#9461,.T.);
#9461 = EDGE_LOOP('',(#9462));
#9462 = ORIENTED_EDGE('',*,*,#9463,.T.);
#9463 = EDGE_CURVE('',#9464,#9464,#9466,.T.);
#9464 = VERTEX_POINT('',#9465);
#9465 = CARTESIAN_POINT('',(100.5,-145.1,1.6));
#9466 = CIRCLE('',#9467,0.6);
#9467 = AXIS2_PLACEMENT_3D('',#9468,#9469,#9470);
#9468 = CARTESIAN_POINT('',(100.5,-144.5,1.6));
#9469 = DIRECTION('',(-0.,0.,-1.));
#9470 = DIRECTION('',(-0.,-1.,0.));
#9471 = FACE_BOUND('',#9472,.T.);
#9472 = EDGE_LOOP('',(#9473));
#9473 = ORIENTED_EDGE('',*,*,#9474,.T.);
#9474 = EDGE_CURVE('',#9475,#9475,#9477,.T.);
#9475 = VERTEX_POINT('',#9476);
#9476 = CARTESIAN_POINT('',(108.66,-146.5,1.6));
#9477 = CIRCLE('',#9478,1.5);
#9478 = AXIS2_PLACEMENT_3D('',#9479,#9480,#9481);
#9479 = CARTESIAN_POINT('',(108.66,-145.,1.6));
#9480 = DIRECTION('',(-0.,0.,-1.));
#9481 = DIRECTION('',(-0.,-1.,0.));
#9482 = FACE_BOUND('',#9483,.T.);
#9483 = EDGE_LOOP('',(#9484,#9495,#9503,#9512));
#9484 = ORIENTED_EDGE('',*,*,#9485,.T.);
#9485 = EDGE_CURVE('',#9486,#9488,#9490,.T.);
#9486 = VERTEX_POINT('',#9487);
#9487 = CARTESIAN_POINT('',(75.7,-140.,1.6));
#9488 = VERTEX_POINT('',#9489);
#9489 = CARTESIAN_POINT('',(75.3,-140.,1.6));
#9490 = CIRCLE('',#9491,0.2);
#9491 = AXIS2_PLACEMENT_3D('',#9492,#9493,#9494);
#9492 = CARTESIAN_POINT('',(75.5,-140.,1.6));
#9493 = DIRECTION('',(-0.,0.,-1.));
#9494 = DIRECTION('',(-1.,0.,0.));
#9495 = ORIENTED_EDGE('',*,*,#9496,.T.);
#9496 = EDGE_CURVE('',#9488,#9497,#9499,.T.);
#9497 = VERTEX_POINT('',#9498);
#9498 = CARTESIAN_POINT('',(75.3,-139.,1.6));
#9499 = LINE('',#9500,#9501);
#9500 = CARTESIAN_POINT('',(75.3,-69.5,1.6));
#9501 = VECTOR('',#9502,1.);
#9502 = DIRECTION('',(-0.,1.,0.));
#9503 = ORIENTED_EDGE('',*,*,#9504,.T.);
#9504 = EDGE_CURVE('',#9497,#9505,#9507,.T.);
#9505 = VERTEX_POINT('',#9506);
#9506 = CARTESIAN_POINT('',(75.7,-139.,1.6));
#9507 = CIRCLE('',#9508,0.2);
#9508 = AXIS2_PLACEMENT_3D('',#9509,#9510,#9511);
#9509 = CARTESIAN_POINT('',(75.5,-139.,1.6));
#9510 = DIRECTION('',(0.,-0.,-1.));
#9511 = DIRECTION('',(1.,0.,-0.));
#9512 = ORIENTED_EDGE('',*,*,#9513,.T.);
#9513 = EDGE_CURVE('',#9505,#9486,#9514,.T.);
#9514 = LINE('',#9515,#9516);
#9515 = CARTESIAN_POINT('',(75.7,-70.,1.6));
#9516 = VECTOR('',#9517,1.);
#9517 = DIRECTION('',(0.,-1.,0.));
#9518 = FACE_BOUND('',#9519,.T.);
#9519 = EDGE_LOOP('',(#9520));
#9520 = ORIENTED_EDGE('',*,*,#9521,.T.);
#9521 = EDGE_CURVE('',#9522,#9522,#9524,.T.);
#9522 = VERTEX_POINT('',#9523);
#9523 = CARTESIAN_POINT('',(80.5,-140.1,1.6));
#9524 = CIRCLE('',#9525,0.6);
#9525 = AXIS2_PLACEMENT_3D('',#9526,#9527,#9528);
#9526 = CARTESIAN_POINT('',(80.5,-139.5,1.6));
#9527 = DIRECTION('',(-0.,0.,-1.));
#9528 = DIRECTION('',(-0.,-1.,0.));
#9529 = FACE_BOUND('',#9530,.T.);
#9530 = EDGE_LOOP('',(#9531,#9542,#9550,#9559));
#9531 = ORIENTED_EDGE('',*,*,#9532,.T.);
#9532 = EDGE_CURVE('',#9533,#9535,#9537,.T.);
#9533 = VERTEX_POINT('',#9534);
#9534 = CARTESIAN_POINT('',(85.3,-139.,1.6));
#9535 = VERTEX_POINT('',#9536);
#9536 = CARTESIAN_POINT('',(85.7,-139.,1.6));
#9537 = CIRCLE('',#9538,0.2);
#9538 = AXIS2_PLACEMENT_3D('',#9539,#9540,#9541);
#9539 = CARTESIAN_POINT('',(85.5,-139.,1.6));
#9540 = DIRECTION('',(0.,-0.,-1.));
#9541 = DIRECTION('',(1.,0.,-0.));
#9542 = ORIENTED_EDGE('',*,*,#9543,.T.);
#9543 = EDGE_CURVE('',#9535,#9544,#9546,.T.);
#9544 = VERTEX_POINT('',#9545);
#9545 = CARTESIAN_POINT('',(85.7,-140.,1.6));
#9546 = LINE('',#9547,#9548);
#9547 = CARTESIAN_POINT('',(85.7,-70.,1.6));
#9548 = VECTOR('',#9549,1.);
#9549 = DIRECTION('',(0.,-1.,0.));
#9550 = ORIENTED_EDGE('',*,*,#9551,.T.);
#9551 = EDGE_CURVE('',#9544,#9552,#9554,.T.);
#9552 = VERTEX_POINT('',#9553);
#9553 = CARTESIAN_POINT('',(85.3,-140.,1.6));
#9554 = CIRCLE('',#9555,0.2);
#9555 = AXIS2_PLACEMENT_3D('',#9556,#9557,#9558);
#9556 = CARTESIAN_POINT('',(85.5,-140.,1.6));
#9557 = DIRECTION('',(-0.,0.,-1.));
#9558 = DIRECTION('',(-1.,0.,0.));
#9559 = ORIENTED_EDGE('',*,*,#9560,.T.);
#9560 = EDGE_CURVE('',#9552,#9533,#9561,.T.);
#9561 = LINE('',#9562,#9563);
#9562 = CARTESIAN_POINT('',(85.3,-69.5,1.6));
#9563 = VECTOR('',#9564,1.);
#9564 = DIRECTION('',(-0.,1.,0.));
#9565 = FACE_BOUND('',#9566,.T.);
#9566 = EDGE_LOOP('',(#9567,#9578,#9586,#9595));
#9567 = ORIENTED_EDGE('',*,*,#9568,.T.);
#9568 = EDGE_CURVE('',#9569,#9571,#9573,.T.);
#9569 = VERTEX_POINT('',#9570);
#9570 = CARTESIAN_POINT('',(90.7,-140.,1.6));
#9571 = VERTEX_POINT('',#9572);
#9572 = CARTESIAN_POINT('',(90.3,-140.,1.6));
#9573 = CIRCLE('',#9574,0.2);
#9574 = AXIS2_PLACEMENT_3D('',#9575,#9576,#9577);
#9575 = CARTESIAN_POINT('',(90.5,-140.,1.6));
#9576 = DIRECTION('',(-0.,0.,-1.));
#9577 = DIRECTION('',(-1.,0.,0.));
#9578 = ORIENTED_EDGE('',*,*,#9579,.T.);
#9579 = EDGE_CURVE('',#9571,#9580,#9582,.T.);
#9580 = VERTEX_POINT('',#9581);
#9581 = CARTESIAN_POINT('',(90.3,-139.,1.6));
#9582 = LINE('',#9583,#9584);
#9583 = CARTESIAN_POINT('',(90.3,-69.5,1.6));
#9584 = VECTOR('',#9585,1.);
#9585 = DIRECTION('',(-0.,1.,0.));
#9586 = ORIENTED_EDGE('',*,*,#9587,.T.);
#9587 = EDGE_CURVE('',#9580,#9588,#9590,.T.);
#9588 = VERTEX_POINT('',#9589);
#9589 = CARTESIAN_POINT('',(90.7,-139.,1.6));
#9590 = CIRCLE('',#9591,0.2);
#9591 = AXIS2_PLACEMENT_3D('',#9592,#9593,#9594);
#9592 = CARTESIAN_POINT('',(90.5,-139.,1.6));
#9593 = DIRECTION('',(0.,-0.,-1.));
#9594 = DIRECTION('',(1.,0.,-0.));
#9595 = ORIENTED_EDGE('',*,*,#9596,.T.);
#9596 = EDGE_CURVE('',#9588,#9569,#9597,.T.);
#9597 = LINE('',#9598,#9599);
#9598 = CARTESIAN_POINT('',(90.7,-70.,1.6));
#9599 = VECTOR('',#9600,1.);
#9600 = DIRECTION('',(0.,-1.,0.));
#9601 = FACE_BOUND('',#9602,.T.);
#9602 = EDGE_LOOP('',(#9603));
#9603 = ORIENTED_EDGE('',*,*,#9604,.T.);
#9604 = EDGE_CURVE('',#9605,#9605,#9607,.T.);
#9605 = VERTEX_POINT('',#9606);
#9606 = CARTESIAN_POINT('',(95.5,-140.1,1.6));
#9607 = CIRCLE('',#9608,0.6);
#9608 = AXIS2_PLACEMENT_3D('',#9609,#9610,#9611);
#9609 = CARTESIAN_POINT('',(95.5,-139.5,1.6));
#9610 = DIRECTION('',(-0.,0.,-1.));
#9611 = DIRECTION('',(-0.,-1.,0.));
#9612 = FACE_BOUND('',#9613,.T.);
#9613 = EDGE_LOOP('',(#9614,#9625,#9633,#9642));
#9614 = ORIENTED_EDGE('',*,*,#9615,.T.);
#9615 = EDGE_CURVE('',#9616,#9618,#9620,.T.);
#9616 = VERTEX_POINT('',#9617);
#9617 = CARTESIAN_POINT('',(100.3,-139.,1.6));
#9618 = VERTEX_POINT('',#9619);
#9619 = CARTESIAN_POINT('',(100.7,-139.,1.6));
#9620 = CIRCLE('',#9621,0.2);
#9621 = AXIS2_PLACEMENT_3D('',#9622,#9623,#9624);
#9622 = CARTESIAN_POINT('',(100.5,-139.,1.6));
#9623 = DIRECTION('',(0.,-0.,-1.));
#9624 = DIRECTION('',(1.,0.,-0.));
#9625 = ORIENTED_EDGE('',*,*,#9626,.T.);
#9626 = EDGE_CURVE('',#9618,#9627,#9629,.T.);
#9627 = VERTEX_POINT('',#9628);
#9628 = CARTESIAN_POINT('',(100.7,-140.,1.6));
#9629 = LINE('',#9630,#9631);
#9630 = CARTESIAN_POINT('',(100.7,-70.,1.6));
#9631 = VECTOR('',#9632,1.);
#9632 = DIRECTION('',(0.,-1.,0.));
#9633 = ORIENTED_EDGE('',*,*,#9634,.T.);
#9634 = EDGE_CURVE('',#9627,#9635,#9637,.T.);
#9635 = VERTEX_POINT('',#9636);
#9636 = CARTESIAN_POINT('',(100.3,-140.,1.6));
#9637 = CIRCLE('',#9638,0.2);
#9638 = AXIS2_PLACEMENT_3D('',#9639,#9640,#9641);
#9639 = CARTESIAN_POINT('',(100.5,-140.,1.6));
#9640 = DIRECTION('',(-0.,0.,-1.));
#9641 = DIRECTION('',(-1.,0.,0.));
#9642 = ORIENTED_EDGE('',*,*,#9643,.T.);
#9643 = EDGE_CURVE('',#9635,#9616,#9644,.T.);
#9644 = LINE('',#9645,#9646);
#9645 = CARTESIAN_POINT('',(100.3,-69.5,1.6));
#9646 = VECTOR('',#9647,1.);
#9647 = DIRECTION('',(-0.,1.,0.));
#9648 = FACE_BOUND('',#9649,.T.);
#9649 = EDGE_LOOP('',(#9650));
#9650 = ORIENTED_EDGE('',*,*,#9651,.T.);
#9651 = EDGE_CURVE('',#9652,#9652,#9654,.T.);
#9652 = VERTEX_POINT('',#9653);
#9653 = CARTESIAN_POINT('',(75.5,-128.,1.6));
#9654 = CIRCLE('',#9655,0.5);
#9655 = AXIS2_PLACEMENT_3D('',#9656,#9657,#9658);
#9656 = CARTESIAN_POINT('',(75.5,-127.5,1.6));
#9657 = DIRECTION('',(-0.,0.,-1.));
#9658 = DIRECTION('',(-0.,-1.,0.));
#9659 = FACE_BOUND('',#9660,.T.);
#9660 = EDGE_LOOP('',(#9661));
#9661 = ORIENTED_EDGE('',*,*,#9662,.T.);
#9662 = EDGE_CURVE('',#9663,#9663,#9665,.T.);
#9663 = VERTEX_POINT('',#9664);
#9664 = CARTESIAN_POINT('',(75.5,-120.,1.6));
#9665 = CIRCLE('',#9666,0.5);
#9666 = AXIS2_PLACEMENT_3D('',#9667,#9668,#9669);
#9667 = CARTESIAN_POINT('',(75.5,-119.5,1.6));
#9668 = DIRECTION('',(-0.,0.,-1.));
#9669 = DIRECTION('',(-0.,-1.,0.));
#9670 = FACE_BOUND('',#9671,.T.);
#9671 = EDGE_LOOP('',(#9672));
#9672 = ORIENTED_EDGE('',*,*,#9673,.T.);
#9673 = EDGE_CURVE('',#9674,#9674,#9676,.T.);
#9674 = VERTEX_POINT('',#9675);
#9675 = CARTESIAN_POINT('',(83.5,-119.9,1.6));
#9676 = CIRCLE('',#9677,0.4);
#9677 = AXIS2_PLACEMENT_3D('',#9678,#9679,#9680);
#9678 = CARTESIAN_POINT('',(83.5,-119.5,1.6));
#9679 = DIRECTION('',(-0.,0.,-1.));
#9680 = DIRECTION('',(-0.,-1.,0.));
#9681 = FACE_BOUND('',#9682,.T.);
#9682 = EDGE_LOOP('',(#9683));
#9683 = ORIENTED_EDGE('',*,*,#9684,.T.);
#9684 = EDGE_CURVE('',#9685,#9685,#9687,.T.);
#9685 = VERTEX_POINT('',#9686);
#9686 = CARTESIAN_POINT('',(89.,-119.98,1.6));
#9687 = CIRCLE('',#9688,0.4);
#9688 = AXIS2_PLACEMENT_3D('',#9689,#9690,#9691);
#9689 = CARTESIAN_POINT('',(89.,-119.58,1.6));
#9690 = DIRECTION('',(-0.,0.,-1.));
#9691 = DIRECTION('',(-0.,-1.,0.));
#9692 = FACE_BOUND('',#9693,.T.);
#9693 = EDGE_LOOP('',(#9694));
#9694 = ORIENTED_EDGE('',*,*,#9695,.T.);
#9695 = EDGE_CURVE('',#9696,#9696,#9698,.T.);
#9696 = VERTEX_POINT('',#9697);
#9697 = CARTESIAN_POINT('',(75.5,-112.,1.6));
#9698 = CIRCLE('',#9699,0.5);
#9699 = AXIS2_PLACEMENT_3D('',#9700,#9701,#9702);
#9700 = CARTESIAN_POINT('',(75.5,-111.5,1.6));
#9701 = DIRECTION('',(-0.,0.,-1.));
#9702 = DIRECTION('',(-0.,-1.,0.));
#9703 = FACE_BOUND('',#9704,.T.);
#9704 = EDGE_LOOP('',(#9705));
#9705 = ORIENTED_EDGE('',*,*,#9706,.T.);
#9706 = EDGE_CURVE('',#9707,#9707,#9709,.T.);
#9707 = VERTEX_POINT('',#9708);
#9708 = CARTESIAN_POINT('',(83.5,-109.74,1.6));
#9709 = CIRCLE('',#9710,0.4);
#9710 = AXIS2_PLACEMENT_3D('',#9711,#9712,#9713);
#9711 = CARTESIAN_POINT('',(83.5,-109.34,1.6));
#9712 = DIRECTION('',(-0.,0.,-1.));
#9713 = DIRECTION('',(-0.,-1.,0.));
#9714 = FACE_BOUND('',#9715,.T.);
#9715 = EDGE_LOOP('',(#9716));
#9716 = ORIENTED_EDGE('',*,*,#9717,.T.);
#9717 = EDGE_CURVE('',#9718,#9718,#9720,.T.);
#9718 = VERTEX_POINT('',#9719);
#9719 = CARTESIAN_POINT('',(89.,-109.82,1.6));
#9720 = CIRCLE('',#9721,0.4);
#9721 = AXIS2_PLACEMENT_3D('',#9722,#9723,#9724);
#9722 = CARTESIAN_POINT('',(89.,-109.42,1.6));
#9723 = DIRECTION('',(-0.,0.,-1.));
#9724 = DIRECTION('',(-0.,-1.,0.));
#9725 = FACE_BOUND('',#9726,.T.);
#9726 = EDGE_LOOP('',(#9727));
#9727 = ORIENTED_EDGE('',*,*,#9728,.T.);
#9728 = EDGE_CURVE('',#9729,#9729,#9731,.T.);
#9729 = VERTEX_POINT('',#9730);
#9730 = CARTESIAN_POINT('',(111.16,-129.565,1.6));
#9731 = CIRCLE('',#9732,0.5);
#9732 = AXIS2_PLACEMENT_3D('',#9733,#9734,#9735);
#9733 = CARTESIAN_POINT('',(111.16,-129.065,1.6));
#9734 = DIRECTION('',(-0.,0.,-1.));
#9735 = DIRECTION('',(-0.,-1.,0.));
#9736 = FACE_BOUND('',#9737,.T.);
#9737 = EDGE_LOOP('',(#9738));
#9738 = ORIENTED_EDGE('',*,*,#9739,.T.);
#9739 = EDGE_CURVE('',#9740,#9740,#9742,.T.);
#9740 = VERTEX_POINT('',#9741);
#9741 = CARTESIAN_POINT('',(111.16,-127.025,1.6));
#9742 = CIRCLE('',#9743,0.5);
#9743 = AXIS2_PLACEMENT_3D('',#9744,#9745,#9746);
#9744 = CARTESIAN_POINT('',(111.16,-126.525,1.6));
#9745 = DIRECTION('',(-0.,0.,-1.));
#9746 = DIRECTION('',(-0.,-1.,0.));
#9747 = FACE_BOUND('',#9748,.T.);
#9748 = EDGE_LOOP('',(#9749));
#9749 = ORIENTED_EDGE('',*,*,#9750,.T.);
#9750 = EDGE_CURVE('',#9751,#9751,#9753,.T.);
#9751 = VERTEX_POINT('',#9752);
#9752 = CARTESIAN_POINT('',(111.16,-124.485,1.6));
#9753 = CIRCLE('',#9754,0.5);
#9754 = AXIS2_PLACEMENT_3D('',#9755,#9756,#9757);
#9755 = CARTESIAN_POINT('',(111.16,-123.985,1.6));
#9756 = DIRECTION('',(-0.,0.,-1.));
#9757 = DIRECTION('',(-0.,-1.,0.));
#9758 = FACE_BOUND('',#9759,.T.);
#9759 = EDGE_LOOP('',(#9760));
#9760 = ORIENTED_EDGE('',*,*,#9761,.T.);
#9761 = EDGE_CURVE('',#9762,#9762,#9764,.T.);
#9762 = VERTEX_POINT('',#9763);
#9763 = CARTESIAN_POINT('',(111.16,-121.945,1.6));
#9764 = CIRCLE('',#9765,0.5);
#9765 = AXIS2_PLACEMENT_3D('',#9766,#9767,#9768);
#9766 = CARTESIAN_POINT('',(111.16,-121.445,1.6));
#9767 = DIRECTION('',(-0.,0.,-1.));
#9768 = DIRECTION('',(-0.,-1.,0.));
#9769 = FACE_BOUND('',#9770,.T.);
#9770 = EDGE_LOOP('',(#9771));
#9771 = ORIENTED_EDGE('',*,*,#9772,.T.);
#9772 = EDGE_CURVE('',#9773,#9773,#9775,.T.);
#9773 = VERTEX_POINT('',#9774);
#9774 = CARTESIAN_POINT('',(111.16,-119.405,1.6));
#9775 = CIRCLE('',#9776,0.5);
#9776 = AXIS2_PLACEMENT_3D('',#9777,#9778,#9779);
#9777 = CARTESIAN_POINT('',(111.16,-118.905,1.6));
#9778 = DIRECTION('',(-0.,0.,-1.));
#9779 = DIRECTION('',(-0.,-1.,0.));
#9780 = FACE_BOUND('',#9781,.T.);
#9781 = EDGE_LOOP('',(#9782));
#9782 = ORIENTED_EDGE('',*,*,#9783,.T.);
#9783 = EDGE_CURVE('',#9784,#9784,#9786,.T.);
#9784 = VERTEX_POINT('',#9785);
#9785 = CARTESIAN_POINT('',(111.16,-116.865,1.6));
#9786 = CIRCLE('',#9787,0.5);
#9787 = AXIS2_PLACEMENT_3D('',#9788,#9789,#9790);
#9788 = CARTESIAN_POINT('',(111.16,-116.365,1.6));
#9789 = DIRECTION('',(-0.,0.,-1.));
#9790 = DIRECTION('',(-0.,-1.,0.));
#9791 = FACE_BOUND('',#9792,.T.);
#9792 = EDGE_LOOP('',(#9793));
#9793 = ORIENTED_EDGE('',*,*,#9794,.T.);
#9794 = EDGE_CURVE('',#9795,#9795,#9797,.T.);
#9795 = VERTEX_POINT('',#9796);
#9796 = CARTESIAN_POINT('',(111.16,-114.325,1.6));
#9797 = CIRCLE('',#9798,0.5);
#9798 = AXIS2_PLACEMENT_3D('',#9799,#9800,#9801);
#9799 = CARTESIAN_POINT('',(111.16,-113.825,1.6));
#9800 = DIRECTION('',(-0.,0.,-1.));
#9801 = DIRECTION('',(-0.,-1.,0.));
#9802 = FACE_BOUND('',#9803,.T.);
#9803 = EDGE_LOOP('',(#9804));
#9804 = ORIENTED_EDGE('',*,*,#9805,.T.);
#9805 = EDGE_CURVE('',#9806,#9806,#9808,.T.);
#9806 = VERTEX_POINT('',#9807);
#9807 = CARTESIAN_POINT('',(111.16,-111.785,1.6));
#9808 = CIRCLE('',#9809,0.5);
#9809 = AXIS2_PLACEMENT_3D('',#9810,#9811,#9812);
#9810 = CARTESIAN_POINT('',(111.16,-111.285,1.6));
#9811 = DIRECTION('',(-0.,0.,-1.));
#9812 = DIRECTION('',(-0.,-1.,0.));
#9813 = FACE_BOUND('',#9814,.T.);
#9814 = EDGE_LOOP('',(#9815));
#9815 = ORIENTED_EDGE('',*,*,#9816,.T.);
#9816 = EDGE_CURVE('',#9817,#9817,#9819,.T.);
#9817 = VERTEX_POINT('',#9818);
#9818 = CARTESIAN_POINT('',(111.16,-109.245,1.6));
#9819 = CIRCLE('',#9820,0.5);
#9820 = AXIS2_PLACEMENT_3D('',#9821,#9822,#9823);
#9821 = CARTESIAN_POINT('',(111.16,-108.745,1.6));
#9822 = DIRECTION('',(-0.,0.,-1.));
#9823 = DIRECTION('',(-0.,-1.,0.));
#9824 = FACE_BOUND('',#9825,.T.);
#9825 = EDGE_LOOP('',(#9826));
#9826 = ORIENTED_EDGE('',*,*,#9827,.T.);
#9827 = EDGE_CURVE('',#9828,#9828,#9830,.T.);
#9828 = VERTEX_POINT('',#9829);
#9829 = CARTESIAN_POINT('',(196.5,-146.5,1.6));
#9830 = CIRCLE('',#9831,1.5);
#9831 = AXIS2_PLACEMENT_3D('',#9832,#9833,#9834);
#9832 = CARTESIAN_POINT('',(196.5,-145.,1.6));
#9833 = DIRECTION('',(-0.,0.,-1.));
#9834 = DIRECTION('',(-0.,-1.,0.));
#9835 = FACE_BOUND('',#9836,.T.);
#9836 = EDGE_LOOP('',(#9837));
#9837 = ORIENTED_EDGE('',*,*,#9838,.T.);
#9838 = EDGE_CURVE('',#9839,#9839,#9841,.T.);
#9839 = VERTEX_POINT('',#9840);
#9840 = CARTESIAN_POINT('',(227.5,-154.6,1.6));
#9841 = CIRCLE('',#9842,1.1);
#9842 = AXIS2_PLACEMENT_3D('',#9843,#9844,#9845);
#9843 = CARTESIAN_POINT('',(227.5,-153.5,1.6));
#9844 = DIRECTION('',(-0.,0.,-1.));
#9845 = DIRECTION('',(-0.,-1.,0.));
#9846 = FACE_BOUND('',#9847,.T.);
#9847 = EDGE_LOOP('',(#9848));
#9848 = ORIENTED_EDGE('',*,*,#9849,.T.);
#9849 = EDGE_CURVE('',#9850,#9850,#9852,.T.);
#9850 = VERTEX_POINT('',#9851);
#9851 = CARTESIAN_POINT('',(213.,-146.48,1.6));
#9852 = CIRCLE('',#9853,0.4);
#9853 = AXIS2_PLACEMENT_3D('',#9854,#9855,#9856);
#9854 = CARTESIAN_POINT('',(213.,-146.08,1.6));
#9855 = DIRECTION('',(-0.,0.,-1.));
#9856 = DIRECTION('',(-0.,-1.,0.));
#9857 = FACE_BOUND('',#9858,.T.);
#9858 = EDGE_LOOP('',(#9859));
#9859 = ORIENTED_EDGE('',*,*,#9860,.T.);
#9860 = EDGE_CURVE('',#9861,#9861,#9863,.T.);
#9861 = VERTEX_POINT('',#9862);
#9862 = CARTESIAN_POINT('',(220.,-144.980002,1.6));
#9863 = CIRCLE('',#9864,0.5);
#9864 = AXIS2_PLACEMENT_3D('',#9865,#9866,#9867);
#9865 = CARTESIAN_POINT('',(220.,-144.480002,1.6));
#9866 = DIRECTION('',(-0.,0.,-1.));
#9867 = DIRECTION('',(-0.,-1.,0.));
#9868 = FACE_BOUND('',#9869,.T.);
#9869 = EDGE_LOOP('',(#9870));
#9870 = ORIENTED_EDGE('',*,*,#9871,.T.);
#9871 = EDGE_CURVE('',#9872,#9872,#9874,.T.);
#9872 = VERTEX_POINT('',#9873);
#9873 = CARTESIAN_POINT('',(213.,-136.32,1.6));
#9874 = CIRCLE('',#9875,0.4);
#9875 = AXIS2_PLACEMENT_3D('',#9876,#9877,#9878);
#9876 = CARTESIAN_POINT('',(213.,-135.92,1.6));
#9877 = DIRECTION('',(-0.,0.,-1.));
#9878 = DIRECTION('',(-0.,-1.,0.));
#9879 = FACE_BOUND('',#9880,.T.);
#9880 = EDGE_LOOP('',(#9881));
#9881 = ORIENTED_EDGE('',*,*,#9882,.T.);
#9882 = EDGE_CURVE('',#9883,#9883,#9885,.T.);
#9883 = VERTEX_POINT('',#9884);
#9884 = CARTESIAN_POINT('',(220.,-136.980002,1.6));
#9885 = CIRCLE('',#9886,0.5);
#9886 = AXIS2_PLACEMENT_3D('',#9887,#9888,#9889);
#9887 = CARTESIAN_POINT('',(220.,-136.480002,1.6));
#9888 = DIRECTION('',(-0.,0.,-1.));
#9889 = DIRECTION('',(-0.,-1.,0.));
#9890 = FACE_BOUND('',#9891,.T.);
#9891 = EDGE_LOOP('',(#9892));
#9892 = ORIENTED_EDGE('',*,*,#9893,.T.);
#9893 = EDGE_CURVE('',#9894,#9894,#9896,.T.);
#9894 = VERTEX_POINT('',#9895);
#9895 = CARTESIAN_POINT('',(222.5,-124.56,1.6));
#9896 = CIRCLE('',#9897,0.4);
#9897 = AXIS2_PLACEMENT_3D('',#9898,#9899,#9900);
#9898 = CARTESIAN_POINT('',(222.5,-124.16,1.6));
#9899 = DIRECTION('',(-0.,0.,-1.));
#9900 = DIRECTION('',(-0.,-1.,0.));
#9901 = FACE_BOUND('',#9902,.T.);
#9902 = EDGE_LOOP('',(#9903));
#9903 = ORIENTED_EDGE('',*,*,#9904,.T.);
#9904 = EDGE_CURVE('',#9905,#9905,#9907,.T.);
#9905 = VERTEX_POINT('',#9906);
#9906 = CARTESIAN_POINT('',(204.2375,-119.65,1.6));
#9907 = CIRCLE('',#9908,0.65);
#9908 = AXIS2_PLACEMENT_3D('',#9909,#9910,#9911);
#9909 = CARTESIAN_POINT('',(204.2375,-119.,1.6));
#9910 = DIRECTION('',(-0.,0.,-1.));
#9911 = DIRECTION('',(-0.,-1.,0.));
#9912 = FACE_BOUND('',#9913,.T.);
#9913 = EDGE_LOOP('',(#9914));
#9914 = ORIENTED_EDGE('',*,*,#9915,.T.);
#9915 = EDGE_CURVE('',#9916,#9916,#9918,.T.);
#9916 = VERTEX_POINT('',#9917);
#9917 = CARTESIAN_POINT('',(204.2375,-114.65,1.6));
#9918 = CIRCLE('',#9919,0.65);
#9919 = AXIS2_PLACEMENT_3D('',#9920,#9921,#9922);
#9920 = CARTESIAN_POINT('',(204.2375,-114.,1.6));
#9921 = DIRECTION('',(-0.,0.,-1.));
#9922 = DIRECTION('',(-0.,-1.,0.));
#9923 = FACE_BOUND('',#9924,.T.);
#9924 = EDGE_LOOP('',(#9925));
#9925 = ORIENTED_EDGE('',*,*,#9926,.T.);
#9926 = EDGE_CURVE('',#9927,#9927,#9929,.T.);
#9927 = VERTEX_POINT('',#9928);
#9928 = CARTESIAN_POINT('',(216.7375,-119.65,1.6));
#9929 = CIRCLE('',#9930,0.65);
#9930 = AXIS2_PLACEMENT_3D('',#9931,#9932,#9933);
#9931 = CARTESIAN_POINT('',(216.7375,-119.,1.6));
#9932 = DIRECTION('',(-0.,0.,-1.));
#9933 = DIRECTION('',(-0.,-1.,0.));
#9934 = FACE_BOUND('',#9935,.T.);
#9935 = EDGE_LOOP('',(#9936));
#9936 = ORIENTED_EDGE('',*,*,#9937,.T.);
#9937 = EDGE_CURVE('',#9938,#9938,#9940,.T.);
#9938 = VERTEX_POINT('',#9939);
#9939 = CARTESIAN_POINT('',(216.7375,-114.65,1.6));
#9940 = CIRCLE('',#9941,0.65);
#9941 = AXIS2_PLACEMENT_3D('',#9942,#9943,#9944);
#9942 = CARTESIAN_POINT('',(216.7375,-114.,1.6));
#9943 = DIRECTION('',(-0.,0.,-1.));
#9944 = DIRECTION('',(-0.,-1.,0.));
#9945 = FACE_BOUND('',#9946,.T.);
#9946 = EDGE_LOOP('',(#9947));
#9947 = ORIENTED_EDGE('',*,*,#9948,.T.);
#9948 = EDGE_CURVE('',#9949,#9949,#9951,.T.);
#9949 = VERTEX_POINT('',#9950);
#9950 = CARTESIAN_POINT('',(222.5,-114.4,1.6));
#9951 = CIRCLE('',#9952,0.4);
#9952 = AXIS2_PLACEMENT_3D('',#9953,#9954,#9955);
#9953 = CARTESIAN_POINT('',(222.5,-114.,1.6));
#9954 = DIRECTION('',(-0.,0.,-1.));
#9955 = DIRECTION('',(-0.,-1.,0.));
#9956 = FACE_BOUND('',#9957,.T.);
#9957 = EDGE_LOOP('',(#9958));
#9958 = ORIENTED_EDGE('',*,*,#9959,.T.);
#9959 = EDGE_CURVE('',#9960,#9960,#9962,.T.);
#9960 = VERTEX_POINT('',#9961);
#9961 = CARTESIAN_POINT('',(222.5,-110.4,1.6));
#9962 = CIRCLE('',#9963,0.4);
#9963 = AXIS2_PLACEMENT_3D('',#9964,#9965,#9966);
#9964 = CARTESIAN_POINT('',(222.5,-110.,1.6));
#9965 = DIRECTION('',(-0.,0.,-1.));
#9966 = DIRECTION('',(-0.,-1.,0.));
#9967 = FACE_BOUND('',#9968,.T.);
#9968 = EDGE_LOOP('',(#9969));
#9969 = ORIENTED_EDGE('',*,*,#9970,.T.);
#9970 = EDGE_CURVE('',#9971,#9971,#9973,.T.);
#9971 = VERTEX_POINT('',#9972);
#9972 = CARTESIAN_POINT('',(227.5,-110.4,1.6));
#9973 = CIRCLE('',#9974,0.4);
#9974 = AXIS2_PLACEMENT_3D('',#9975,#9976,#9977);
#9975 = CARTESIAN_POINT('',(227.5,-110.,1.6));
#9976 = DIRECTION('',(-0.,0.,-1.));
#9977 = DIRECTION('',(-0.,-1.,0.));
#9978 = FACE_BOUND('',#9979,.T.);
#9979 = EDGE_LOOP('',(#9980));
#9980 = ORIENTED_EDGE('',*,*,#9981,.T.);
#9981 = EDGE_CURVE('',#9982,#9982,#9984,.T.);
#9982 = VERTEX_POINT('',#9983);
#9983 = CARTESIAN_POINT('',(75.5,-104.,1.6));
#9984 = CIRCLE('',#9985,0.5);
#9985 = AXIS2_PLACEMENT_3D('',#9986,#9987,#9988);
#9986 = CARTESIAN_POINT('',(75.5,-103.5,1.6));
#9987 = DIRECTION('',(-0.,0.,-1.));
#9988 = DIRECTION('',(-0.,-1.,0.));
#9989 = FACE_BOUND('',#9990,.T.);
#9990 = EDGE_LOOP('',(#9991));
#9991 = ORIENTED_EDGE('',*,*,#9992,.T.);
#9992 = EDGE_CURVE('',#9993,#9993,#9995,.T.);
#9993 = VERTEX_POINT('',#9994);
#9994 = CARTESIAN_POINT('',(108.66,-94.31,1.6));
#9995 = CIRCLE('',#9996,1.5);
#9996 = AXIS2_PLACEMENT_3D('',#9997,#9998,#9999);
#9997 = CARTESIAN_POINT('',(108.66,-92.81,1.6));
#9998 = DIRECTION('',(-0.,0.,-1.));
#9999 = DIRECTION('',(-0.,-1.,0.));
#10000 = FACE_BOUND('',#10001,.T.);
#10001 = EDGE_LOOP('',(#10002));
#10002 = ORIENTED_EDGE('',*,*,#10003,.T.);
#10003 = EDGE_CURVE('',#10004,#10004,#10006,.T.);
#10004 = VERTEX_POINT('',#10005);
#10005 = CARTESIAN_POINT('',(129.816,-86.28,1.6));
#10006 = CIRCLE('',#10007,0.5);
#10007 = AXIS2_PLACEMENT_3D('',#10008,#10009,#10010);
#10008 = CARTESIAN_POINT('',(129.816,-85.78,1.6));
#10009 = DIRECTION('',(-0.,0.,-1.));
#10010 = DIRECTION('',(-0.,-1.,0.));
#10011 = FACE_BOUND('',#10012,.T.);
#10012 = EDGE_LOOP('',(#10013));
#10013 = ORIENTED_EDGE('',*,*,#10014,.T.);
#10014 = EDGE_CURVE('',#10015,#10015,#10017,.T.);
#10015 = VERTEX_POINT('',#10016);
#10016 = CARTESIAN_POINT('',(82.88,-84.34,1.6));
#10017 = CIRCLE('',#10018,0.6);
#10018 = AXIS2_PLACEMENT_3D('',#10019,#10020,#10021);
#10019 = CARTESIAN_POINT('',(82.88,-83.74,1.6));
#10020 = DIRECTION('',(-0.,0.,-1.));
#10021 = DIRECTION('',(-0.,-1.,0.));
#10022 = FACE_BOUND('',#10023,.T.);
#10023 = EDGE_LOOP('',(#10024));
#10024 = ORIENTED_EDGE('',*,*,#10025,.T.);
#10025 = EDGE_CURVE('',#10026,#10026,#10028,.T.);
#10026 = VERTEX_POINT('',#10027);
#10027 = CARTESIAN_POINT('',(85.42,-84.34,1.6));
#10028 = CIRCLE('',#10029,0.6);
#10029 = AXIS2_PLACEMENT_3D('',#10030,#10031,#10032);
#10030 = CARTESIAN_POINT('',(85.42,-83.74,1.6));
#10031 = DIRECTION('',(-0.,0.,-1.));
#10032 = DIRECTION('',(2.368475785867E-14,-1.,-0.));
#10033 = FACE_BOUND('',#10034,.T.);
#10034 = EDGE_LOOP('',(#10035));
#10035 = ORIENTED_EDGE('',*,*,#10036,.T.);
#10036 = EDGE_CURVE('',#10037,#10037,#10039,.T.);
#10037 = VERTEX_POINT('',#10038);
#10038 = CARTESIAN_POINT('',(87.96,-84.34,1.6));
#10039 = CIRCLE('',#10040,0.6);
#10040 = AXIS2_PLACEMENT_3D('',#10041,#10042,#10043);
#10041 = CARTESIAN_POINT('',(87.96,-83.74,1.6));
#10042 = DIRECTION('',(-0.,0.,-1.));
#10043 = DIRECTION('',(-2.368475785867E-14,-1.,0.));
#10044 = FACE_BOUND('',#10045,.T.);
#10045 = EDGE_LOOP('',(#10046));
#10046 = ORIENTED_EDGE('',*,*,#10047,.T.);
#10047 = EDGE_CURVE('',#10048,#10048,#10050,.T.);
#10048 = VERTEX_POINT('',#10049);
#10049 = CARTESIAN_POINT('',(90.5,-84.34,1.6));
#10050 = CIRCLE('',#10051,0.6);
#10051 = AXIS2_PLACEMENT_3D('',#10052,#10053,#10054);
#10052 = CARTESIAN_POINT('',(90.5,-83.74,1.6));
#10053 = DIRECTION('',(-0.,0.,-1.));
#10054 = DIRECTION('',(-0.,-1.,0.));
#10055 = FACE_BOUND('',#10056,.T.);
#10056 = EDGE_LOOP('',(#10057));
#10057 = ORIENTED_EDGE('',*,*,#10058,.T.);
#10058 = EDGE_CURVE('',#10059,#10059,#10061,.T.);
#10059 = VERTEX_POINT('',#10060);
#10060 = CARTESIAN_POINT('',(93.04,-84.34,1.6));
#10061 = CIRCLE('',#10062,0.6);
#10062 = AXIS2_PLACEMENT_3D('',#10063,#10064,#10065);
#10063 = CARTESIAN_POINT('',(93.04,-83.74,1.6));
#10064 = DIRECTION('',(-0.,0.,-1.));
#10065 = DIRECTION('',(2.368475785867E-14,-1.,-0.));
#10066 = FACE_BOUND('',#10067,.T.);
#10067 = EDGE_LOOP('',(#10068));
#10068 = ORIENTED_EDGE('',*,*,#10069,.T.);
#10069 = EDGE_CURVE('',#10070,#10070,#10072,.T.);
#10070 = VERTEX_POINT('',#10071);
#10071 = CARTESIAN_POINT('',(95.58,-84.34,1.6));
#10072 = CIRCLE('',#10073,0.6);
#10073 = AXIS2_PLACEMENT_3D('',#10074,#10075,#10076);
#10074 = CARTESIAN_POINT('',(95.58,-83.74,1.6));
#10075 = DIRECTION('',(-0.,0.,-1.));
#10076 = DIRECTION('',(-2.368475785867E-14,-1.,0.));
#10077 = FACE_BOUND('',#10078,.T.);
#10078 = EDGE_LOOP('',(#10079));
#10079 = ORIENTED_EDGE('',*,*,#10080,.T.);
#10080 = EDGE_CURVE('',#10081,#10081,#10083,.T.);
#10081 = VERTEX_POINT('',#10082);
#10082 = CARTESIAN_POINT('',(98.12,-84.34,1.6));
#10083 = CIRCLE('',#10084,0.6);
#10084 = AXIS2_PLACEMENT_3D('',#10085,#10086,#10087);
#10085 = CARTESIAN_POINT('',(98.12,-83.74,1.6));
#10086 = DIRECTION('',(-0.,0.,-1.));
#10087 = DIRECTION('',(-0.,-1.,0.));
#10088 = FACE_BOUND('',#10089,.T.);
#10089 = EDGE_LOOP('',(#10090));
#10090 = ORIENTED_EDGE('',*,*,#10091,.T.);
#10091 = EDGE_CURVE('',#10092,#10092,#10094,.T.);
#10092 = VERTEX_POINT('',#10093);
#10093 = CARTESIAN_POINT('',(100.66,-84.34,1.6));
#10094 = CIRCLE('',#10095,0.6);
#10095 = AXIS2_PLACEMENT_3D('',#10096,#10097,#10098);
#10096 = CARTESIAN_POINT('',(100.66,-83.74,1.6));
#10097 = DIRECTION('',(-0.,0.,-1.));
#10098 = DIRECTION('',(-0.,-1.,0.));
#10099 = FACE_BOUND('',#10100,.T.);
#10100 = EDGE_LOOP('',(#10101));
#10101 = ORIENTED_EDGE('',*,*,#10102,.T.);
#10102 = EDGE_CURVE('',#10103,#10103,#10105,.T.);
#10103 = VERTEX_POINT('',#10104);
#10104 = CARTESIAN_POINT('',(103.2,-84.34,1.6));
#10105 = CIRCLE('',#10106,0.6);
#10106 = AXIS2_PLACEMENT_3D('',#10107,#10108,#10109);
#10107 = CARTESIAN_POINT('',(103.2,-83.74,1.6));
#10108 = DIRECTION('',(-0.,0.,-1.));
#10109 = DIRECTION('',(2.368475785867E-14,-1.,-0.));
#10110 = FACE_BOUND('',#10111,.T.);
#10111 = EDGE_LOOP('',(#10112));
#10112 = ORIENTED_EDGE('',*,*,#10113,.T.);
#10113 = EDGE_CURVE('',#10114,#10114,#10116,.T.);
#10114 = VERTEX_POINT('',#10115);
#10115 = CARTESIAN_POINT('',(105.74,-84.34,1.6));
#10116 = CIRCLE('',#10117,0.6);
#10117 = AXIS2_PLACEMENT_3D('',#10118,#10119,#10120);
#10118 = CARTESIAN_POINT('',(105.74,-83.74,1.6));
#10119 = DIRECTION('',(-0.,0.,-1.));
#10120 = DIRECTION('',(-2.368475785867E-14,-1.,0.));
#10121 = FACE_BOUND('',#10122,.T.);
#10122 = EDGE_LOOP('',(#10123));
#10123 = ORIENTED_EDGE('',*,*,#10124,.T.);
#10124 = EDGE_CURVE('',#10125,#10125,#10127,.T.);
#10125 = VERTEX_POINT('',#10126);
#10126 = CARTESIAN_POINT('',(108.28,-84.34,1.6));
#10127 = CIRCLE('',#10128,0.6);
#10128 = AXIS2_PLACEMENT_3D('',#10129,#10130,#10131);
#10129 = CARTESIAN_POINT('',(108.28,-83.74,1.6));
#10130 = DIRECTION('',(-0.,0.,-1.));
#10131 = DIRECTION('',(-0.,-1.,0.));
#10132 = FACE_BOUND('',#10133,.T.);
#10133 = EDGE_LOOP('',(#10134));
#10134 = ORIENTED_EDGE('',*,*,#10135,.T.);
#10135 = EDGE_CURVE('',#10136,#10136,#10138,.T.);
#10136 = VERTEX_POINT('',#10137);
#10137 = CARTESIAN_POINT('',(77.8,-71.64,1.6));
#10138 = CIRCLE('',#10139,0.6);
#10139 = AXIS2_PLACEMENT_3D('',#10140,#10141,#10142);
#10140 = CARTESIAN_POINT('',(77.8,-71.04,1.6));
#10141 = DIRECTION('',(-0.,0.,-1.));
#10142 = DIRECTION('',(-2.368475785867E-14,-1.,0.));
#10143 = FACE_BOUND('',#10144,.T.);
#10144 = EDGE_LOOP('',(#10145));
#10145 = ORIENTED_EDGE('',*,*,#10146,.T.);
#10146 = EDGE_CURVE('',#10147,#10147,#10149,.T.);
#10147 = VERTEX_POINT('',#10148);
#10148 = CARTESIAN_POINT('',(75.26,-69.1,1.6));
#10149 = CIRCLE('',#10150,0.6);
#10150 = AXIS2_PLACEMENT_3D('',#10151,#10152,#10153);
#10151 = CARTESIAN_POINT('',(75.26,-68.5,1.6));
#10152 = DIRECTION('',(-0.,0.,-1.));
#10153 = DIRECTION('',(2.368475785867E-14,-1.,-0.));
#10154 = FACE_BOUND('',#10155,.T.);
#10155 = EDGE_LOOP('',(#10156));
#10156 = ORIENTED_EDGE('',*,*,#10157,.T.);
#10157 = EDGE_CURVE('',#10158,#10158,#10160,.T.);
#10158 = VERTEX_POINT('',#10159);
#10159 = CARTESIAN_POINT('',(77.8,-69.1,1.6));
#10160 = CIRCLE('',#10161,0.6);
#10161 = AXIS2_PLACEMENT_3D('',#10162,#10163,#10164);
#10162 = CARTESIAN_POINT('',(77.8,-68.5,1.6));
#10163 = DIRECTION('',(-0.,0.,-1.));
#10164 = DIRECTION('',(-2.368475785867E-14,-1.,0.));
#10165 = FACE_BOUND('',#10166,.T.);
#10166 = EDGE_LOOP('',(#10167));
#10167 = ORIENTED_EDGE('',*,*,#10168,.T.);
#10168 = EDGE_CURVE('',#10169,#10169,#10171,.T.);
#10169 = VERTEX_POINT('',#10170);
#10170 = CARTESIAN_POINT('',(80.34,-69.1,1.6));
#10171 = CIRCLE('',#10172,0.6);
#10172 = AXIS2_PLACEMENT_3D('',#10173,#10174,#10175);
#10173 = CARTESIAN_POINT('',(80.34,-68.5,1.6));
#10174 = DIRECTION('',(-0.,0.,-1.));
#10175 = DIRECTION('',(-0.,-1.,0.));
#10176 = FACE_BOUND('',#10177,.T.);
#10177 = EDGE_LOOP('',(#10178));
#10178 = ORIENTED_EDGE('',*,*,#10179,.T.);
#10179 = EDGE_CURVE('',#10180,#10180,#10182,.T.);
#10180 = VERTEX_POINT('',#10181);
#10181 = CARTESIAN_POINT('',(82.88,-69.1,1.6));
#10182 = CIRCLE('',#10183,0.6);
#10183 = AXIS2_PLACEMENT_3D('',#10184,#10185,#10186);
#10184 = CARTESIAN_POINT('',(82.88,-68.5,1.6));
#10185 = DIRECTION('',(-0.,0.,-1.));
#10186 = DIRECTION('',(-0.,-1.,0.));
#10187 = FACE_BOUND('',#10188,.T.);
#10188 = EDGE_LOOP('',(#10189));
#10189 = ORIENTED_EDGE('',*,*,#10190,.T.);
#10190 = EDGE_CURVE('',#10191,#10191,#10193,.T.);
#10191 = VERTEX_POINT('',#10192);
#10192 = CARTESIAN_POINT('',(85.42,-69.1,1.6));
#10193 = CIRCLE('',#10194,0.6);
#10194 = AXIS2_PLACEMENT_3D('',#10195,#10196,#10197);
#10195 = CARTESIAN_POINT('',(85.42,-68.5,1.6));
#10196 = DIRECTION('',(-0.,0.,-1.));
#10197 = DIRECTION('',(2.368475785867E-14,-1.,-0.));
#10198 = FACE_BOUND('',#10199,.T.);
#10199 = EDGE_LOOP('',(#10200));
#10200 = ORIENTED_EDGE('',*,*,#10201,.T.);
#10201 = EDGE_CURVE('',#10202,#10202,#10204,.T.);
#10202 = VERTEX_POINT('',#10203);
#10203 = CARTESIAN_POINT('',(87.96,-69.1,1.6));
#10204 = CIRCLE('',#10205,0.6);
#10205 = AXIS2_PLACEMENT_3D('',#10206,#10207,#10208);
#10206 = CARTESIAN_POINT('',(87.96,-68.5,1.6));
#10207 = DIRECTION('',(-0.,0.,-1.));
#10208 = DIRECTION('',(-2.368475785867E-14,-1.,0.));
#10209 = FACE_BOUND('',#10210,.T.);
#10210 = EDGE_LOOP('',(#10211));
#10211 = ORIENTED_EDGE('',*,*,#10212,.T.);
#10212 = EDGE_CURVE('',#10213,#10213,#10215,.T.);
#10213 = VERTEX_POINT('',#10214);
#10214 = CARTESIAN_POINT('',(70.5,-64.6,1.6));
#10215 = CIRCLE('',#10216,1.1);
#10216 = AXIS2_PLACEMENT_3D('',#10217,#10218,#10219);
#10217 = CARTESIAN_POINT('',(70.5,-63.5,1.6));
#10218 = DIRECTION('',(-0.,0.,-1.));
#10219 = DIRECTION('',(-0.,-1.,0.));
#10220 = FACE_BOUND('',#10221,.T.);
#10221 = EDGE_LOOP('',(#10222));
#10222 = ORIENTED_EDGE('',*,*,#10223,.T.);
#10223 = EDGE_CURVE('',#10224,#10224,#10226,.T.);
#10224 = VERTEX_POINT('',#10225);
#10225 = CARTESIAN_POINT('',(90.5,-69.1,1.6));
#10226 = CIRCLE('',#10227,0.6);
#10227 = AXIS2_PLACEMENT_3D('',#10228,#10229,#10230);
#10228 = CARTESIAN_POINT('',(90.5,-68.5,1.6));
#10229 = DIRECTION('',(-0.,0.,-1.));
#10230 = DIRECTION('',(-0.,-1.,0.));
#10231 = FACE_BOUND('',#10232,.T.);
#10232 = EDGE_LOOP('',(#10233));
#10233 = ORIENTED_EDGE('',*,*,#10234,.T.);
#10234 = EDGE_CURVE('',#10235,#10235,#10237,.T.);
#10235 = VERTEX_POINT('',#10236);
#10236 = CARTESIAN_POINT('',(93.04,-69.1,1.6));
#10237 = CIRCLE('',#10238,0.6);
#10238 = AXIS2_PLACEMENT_3D('',#10239,#10240,#10241);
#10239 = CARTESIAN_POINT('',(93.04,-68.5,1.6));
#10240 = DIRECTION('',(-0.,0.,-1.));
#10241 = DIRECTION('',(2.368475785867E-14,-1.,-0.));
#10242 = FACE_BOUND('',#10243,.T.);
#10243 = EDGE_LOOP('',(#10244));
#10244 = ORIENTED_EDGE('',*,*,#10245,.T.);
#10245 = EDGE_CURVE('',#10246,#10246,#10248,.T.);
#10246 = VERTEX_POINT('',#10247);
#10247 = CARTESIAN_POINT('',(95.58,-69.1,1.6));
#10248 = CIRCLE('',#10249,0.6);
#10249 = AXIS2_PLACEMENT_3D('',#10250,#10251,#10252);
#10250 = CARTESIAN_POINT('',(95.58,-68.5,1.6));
#10251 = DIRECTION('',(-0.,0.,-1.));
#10252 = DIRECTION('',(-2.368475785867E-14,-1.,0.));
#10253 = FACE_BOUND('',#10254,.T.);
#10254 = EDGE_LOOP('',(#10255));
#10255 = ORIENTED_EDGE('',*,*,#10256,.T.);
#10256 = EDGE_CURVE('',#10257,#10257,#10259,.T.);
#10257 = VERTEX_POINT('',#10258);
#10258 = CARTESIAN_POINT('',(98.12,-69.1,1.6));
#10259 = CIRCLE('',#10260,0.6);
#10260 = AXIS2_PLACEMENT_3D('',#10261,#10262,#10263);
#10261 = CARTESIAN_POINT('',(98.12,-68.5,1.6));
#10262 = DIRECTION('',(-0.,0.,-1.));
#10263 = DIRECTION('',(-0.,-1.,0.));
#10264 = FACE_BOUND('',#10265,.T.);
#10265 = EDGE_LOOP('',(#10266));
#10266 = ORIENTED_EDGE('',*,*,#10267,.T.);
#10267 = EDGE_CURVE('',#10268,#10268,#10270,.T.);
#10268 = VERTEX_POINT('',#10269);
#10269 = CARTESIAN_POINT('',(100.66,-69.1,1.6));
#10270 = CIRCLE('',#10271,0.6);
#10271 = AXIS2_PLACEMENT_3D('',#10272,#10273,#10274);
#10272 = CARTESIAN_POINT('',(100.66,-68.5,1.6));
#10273 = DIRECTION('',(-0.,0.,-1.));
#10274 = DIRECTION('',(-0.,-1.,0.));
#10275 = FACE_BOUND('',#10276,.T.);
#10276 = EDGE_LOOP('',(#10277));
#10277 = ORIENTED_EDGE('',*,*,#10278,.T.);
#10278 = EDGE_CURVE('',#10279,#10279,#10281,.T.);
#10279 = VERTEX_POINT('',#10280);
#10280 = CARTESIAN_POINT('',(103.2,-69.1,1.6));
#10281 = CIRCLE('',#10282,0.6);
#10282 = AXIS2_PLACEMENT_3D('',#10283,#10284,#10285);
#10283 = CARTESIAN_POINT('',(103.2,-68.5,1.6));
#10284 = DIRECTION('',(-0.,0.,-1.));
#10285 = DIRECTION('',(2.368475785867E-14,-1.,-0.));
#10286 = FACE_BOUND('',#10287,.T.);
#10287 = EDGE_LOOP('',(#10288));
#10288 = ORIENTED_EDGE('',*,*,#10289,.T.);
#10289 = EDGE_CURVE('',#10290,#10290,#10292,.T.);
#10290 = VERTEX_POINT('',#10291);
#10291 = CARTESIAN_POINT('',(105.74,-69.1,1.6));
#10292 = CIRCLE('',#10293,0.6);
#10293 = AXIS2_PLACEMENT_3D('',#10294,#10295,#10296);
#10294 = CARTESIAN_POINT('',(105.74,-68.5,1.6));
#10295 = DIRECTION('',(-0.,0.,-1.));
#10296 = DIRECTION('',(-2.368475785867E-14,-1.,0.));
#10297 = FACE_BOUND('',#10298,.T.);
#10298 = EDGE_LOOP('',(#10299));
#10299 = ORIENTED_EDGE('',*,*,#10300,.T.);
#10300 = EDGE_CURVE('',#10301,#10301,#10303,.T.);
#10301 = VERTEX_POINT('',#10302);
#10302 = CARTESIAN_POINT('',(108.28,-69.1,1.6));
#10303 = CIRCLE('',#10304,0.6);
#10304 = AXIS2_PLACEMENT_3D('',#10305,#10306,#10307);
#10305 = CARTESIAN_POINT('',(108.28,-68.5,1.6));
#10306 = DIRECTION('',(-0.,0.,-1.));
#10307 = DIRECTION('',(-0.,-1.,0.));
#10308 = FACE_BOUND('',#10309,.T.);
#10309 = EDGE_LOOP('',(#10310));
#10310 = ORIENTED_EDGE('',*,*,#10311,.T.);
#10311 = EDGE_CURVE('',#10312,#10312,#10314,.T.);
#10312 = VERTEX_POINT('',#10313);
#10313 = CARTESIAN_POINT('',(110.82,-84.34,1.6));
#10314 = CIRCLE('',#10315,0.6);
#10315 = AXIS2_PLACEMENT_3D('',#10316,#10317,#10318);
#10316 = CARTESIAN_POINT('',(110.82,-83.74,1.6));
#10317 = DIRECTION('',(-0.,0.,-1.));
#10318 = DIRECTION('',(-0.,-1.,0.));
#10319 = FACE_BOUND('',#10320,.T.);
#10320 = EDGE_LOOP('',(#10321));
#10321 = ORIENTED_EDGE('',*,*,#10322,.T.);
#10322 = EDGE_CURVE('',#10323,#10323,#10325,.T.);
#10323 = VERTEX_POINT('',#10324);
#10324 = CARTESIAN_POINT('',(113.36,-84.34,1.6));
#10325 = CIRCLE('',#10326,0.6);
#10326 = AXIS2_PLACEMENT_3D('',#10327,#10328,#10329);
#10327 = CARTESIAN_POINT('',(113.36,-83.74,1.6));
#10328 = DIRECTION('',(-0.,0.,-1.));
#10329 = DIRECTION('',(-0.,-1.,0.));
#10330 = FACE_BOUND('',#10331,.T.);
#10331 = EDGE_LOOP('',(#10332));
#10332 = ORIENTED_EDGE('',*,*,#10333,.T.);
#10333 = EDGE_CURVE('',#10334,#10334,#10336,.T.);
#10334 = VERTEX_POINT('',#10335);
#10335 = CARTESIAN_POINT('',(115.9,-84.34,1.6));
#10336 = CIRCLE('',#10337,0.6);
#10337 = AXIS2_PLACEMENT_3D('',#10338,#10339,#10340);
#10338 = CARTESIAN_POINT('',(115.9,-83.74,1.6));
#10339 = DIRECTION('',(-0.,0.,-1.));
#10340 = DIRECTION('',(-0.,-1.,0.));
#10341 = FACE_BOUND('',#10342,.T.);
#10342 = EDGE_LOOP('',(#10343));
#10343 = ORIENTED_EDGE('',*,*,#10344,.T.);
#10344 = EDGE_CURVE('',#10345,#10345,#10347,.T.);
#10345 = VERTEX_POINT('',#10346);
#10346 = CARTESIAN_POINT('',(118.44,-84.34,1.6));
#10347 = CIRCLE('',#10348,0.6);
#10348 = AXIS2_PLACEMENT_3D('',#10349,#10350,#10351);
#10349 = CARTESIAN_POINT('',(118.44,-83.74,1.6));
#10350 = DIRECTION('',(-0.,0.,-1.));
#10351 = DIRECTION('',(-0.,-1.,0.));
#10352 = FACE_BOUND('',#10353,.T.);
#10353 = EDGE_LOOP('',(#10354));
#10354 = ORIENTED_EDGE('',*,*,#10355,.T.);
#10355 = EDGE_CURVE('',#10356,#10356,#10358,.T.);
#10356 = VERTEX_POINT('',#10357);
#10357 = CARTESIAN_POINT('',(110.82,-69.1,1.6));
#10358 = CIRCLE('',#10359,0.6);
#10359 = AXIS2_PLACEMENT_3D('',#10360,#10361,#10362);
#10360 = CARTESIAN_POINT('',(110.82,-68.5,1.6));
#10361 = DIRECTION('',(-0.,0.,-1.));
#10362 = DIRECTION('',(-0.,-1.,0.));
#10363 = FACE_BOUND('',#10364,.T.);
#10364 = EDGE_LOOP('',(#10365));
#10365 = ORIENTED_EDGE('',*,*,#10366,.T.);
#10366 = EDGE_CURVE('',#10367,#10367,#10369,.T.);
#10367 = VERTEX_POINT('',#10368);
#10368 = CARTESIAN_POINT('',(113.36,-69.1,1.6));
#10369 = CIRCLE('',#10370,0.6);
#10370 = AXIS2_PLACEMENT_3D('',#10371,#10372,#10373);
#10371 = CARTESIAN_POINT('',(113.36,-68.5,1.6));
#10372 = DIRECTION('',(-0.,0.,-1.));
#10373 = DIRECTION('',(-0.,-1.,0.));
#10374 = FACE_BOUND('',#10375,.T.);
#10375 = EDGE_LOOP('',(#10376));
#10376 = ORIENTED_EDGE('',*,*,#10377,.T.);
#10377 = EDGE_CURVE('',#10378,#10378,#10380,.T.);
#10378 = VERTEX_POINT('',#10379);
#10379 = CARTESIAN_POINT('',(115.9,-69.1,1.6));
#10380 = CIRCLE('',#10381,0.6);
#10381 = AXIS2_PLACEMENT_3D('',#10382,#10383,#10384);
#10382 = CARTESIAN_POINT('',(115.9,-68.5,1.6));
#10383 = DIRECTION('',(-0.,0.,-1.));
#10384 = DIRECTION('',(-0.,-1.,0.));
#10385 = FACE_BOUND('',#10386,.T.);
#10386 = EDGE_LOOP('',(#10387));
#10387 = ORIENTED_EDGE('',*,*,#10388,.T.);
#10388 = EDGE_CURVE('',#10389,#10389,#10391,.T.);
#10389 = VERTEX_POINT('',#10390);
#10390 = CARTESIAN_POINT('',(118.44,-69.1,1.6));
#10391 = CIRCLE('',#10392,0.6);
#10392 = AXIS2_PLACEMENT_3D('',#10393,#10394,#10395);
#10393 = CARTESIAN_POINT('',(118.44,-68.5,1.6));
#10394 = DIRECTION('',(-0.,0.,-1.));
#10395 = DIRECTION('',(-0.,-1.,0.));
#10396 = FACE_BOUND('',#10397,.T.);
#10397 = EDGE_LOOP('',(#10398));
#10398 = ORIENTED_EDGE('',*,*,#10399,.T.);
#10399 = EDGE_CURVE('',#10400,#10400,#10402,.T.);
#10400 = VERTEX_POINT('',#10401);
#10401 = CARTESIAN_POINT('',(129.816,-68.5,1.6));
#10402 = CIRCLE('',#10403,0.5);
#10403 = AXIS2_PLACEMENT_3D('',#10404,#10405,#10406);
#10404 = CARTESIAN_POINT('',(129.816,-68.,1.6));
#10405 = DIRECTION('',(-0.,0.,-1.));
#10406 = DIRECTION('',(-0.,-1.,0.));
#10407 = FACE_BOUND('',#10408,.T.);
#10408 = EDGE_LOOP('',(#10409));
#10409 = ORIENTED_EDGE('',*,*,#10410,.T.);
#10410 = EDGE_CURVE('',#10411,#10411,#10413,.T.);
#10411 = VERTEX_POINT('',#10412);
#10412 = CARTESIAN_POINT('',(170.456,-86.28,1.6));
#10413 = CIRCLE('',#10414,0.5);
#10414 = AXIS2_PLACEMENT_3D('',#10415,#10416,#10417);
#10415 = CARTESIAN_POINT('',(170.456,-85.78,1.6));
#10416 = DIRECTION('',(-0.,0.,-1.));
#10417 = DIRECTION('',(-0.,-1.,0.));
#10418 = FACE_BOUND('',#10419,.T.);
#10419 = EDGE_LOOP('',(#10420));
#10420 = ORIENTED_EDGE('',*,*,#10421,.T.);
#10421 = EDGE_CURVE('',#10422,#10422,#10424,.T.);
#10422 = VERTEX_POINT('',#10423);
#10423 = CARTESIAN_POINT('',(204.2375,-100.65,1.6));
#10424 = CIRCLE('',#10425,0.65);
#10425 = AXIS2_PLACEMENT_3D('',#10426,#10427,#10428);
#10426 = CARTESIAN_POINT('',(204.2375,-100.,1.6));
#10427 = DIRECTION('',(-0.,0.,-1.));
#10428 = DIRECTION('',(-0.,-1.,0.));
#10429 = FACE_BOUND('',#10430,.T.);
#10430 = EDGE_LOOP('',(#10431));
#10431 = ORIENTED_EDGE('',*,*,#10432,.T.);
#10432 = EDGE_CURVE('',#10433,#10433,#10435,.T.);
#10433 = VERTEX_POINT('',#10434);
#10434 = CARTESIAN_POINT('',(222.,-105.56,1.6));
#10435 = CIRCLE('',#10436,0.4);
#10436 = AXIS2_PLACEMENT_3D('',#10437,#10438,#10439);
#10437 = CARTESIAN_POINT('',(222.,-105.16,1.6));
#10438 = DIRECTION('',(-0.,0.,-1.));
#10439 = DIRECTION('',(-0.,-1.,0.));
#10440 = FACE_BOUND('',#10441,.T.);
#10441 = EDGE_LOOP('',(#10442));
#10442 = ORIENTED_EDGE('',*,*,#10443,.T.);
#10443 = EDGE_CURVE('',#10444,#10444,#10446,.T.);
#10444 = VERTEX_POINT('',#10445);
#10445 = CARTESIAN_POINT('',(216.7375,-100.65,1.6));
#10446 = CIRCLE('',#10447,0.65);
#10447 = AXIS2_PLACEMENT_3D('',#10448,#10449,#10450);
#10448 = CARTESIAN_POINT('',(216.7375,-100.,1.6));
#10449 = DIRECTION('',(-0.,0.,-1.));
#10450 = DIRECTION('',(-0.,-1.,0.));
#10451 = FACE_BOUND('',#10452,.T.);
#10452 = EDGE_LOOP('',(#10453));
#10453 = ORIENTED_EDGE('',*,*,#10454,.T.);
#10454 = EDGE_CURVE('',#10455,#10455,#10457,.T.);
#10455 = VERTEX_POINT('',#10456);
#10456 = CARTESIAN_POINT('',(226.,-100.4,1.6));
#10457 = CIRCLE('',#10458,0.4);
#10458 = AXIS2_PLACEMENT_3D('',#10459,#10460,#10461);
#10459 = CARTESIAN_POINT('',(226.,-100.,1.6));
#10460 = DIRECTION('',(-0.,0.,-1.));
#10461 = DIRECTION('',(-0.,-1.,0.));
#10462 = FACE_BOUND('',#10463,.T.);
#10463 = EDGE_LOOP('',(#10464));
#10464 = ORIENTED_EDGE('',*,*,#10465,.T.);
#10465 = EDGE_CURVE('',#10466,#10466,#10468,.T.);
#10466 = VERTEX_POINT('',#10467);
#10467 = CARTESIAN_POINT('',(196.5,-94.31,1.6));
#10468 = CIRCLE('',#10469,1.5);
#10469 = AXIS2_PLACEMENT_3D('',#10470,#10471,#10472);
#10470 = CARTESIAN_POINT('',(196.5,-92.81,1.6));
#10471 = DIRECTION('',(-0.,0.,-1.));
#10472 = DIRECTION('',(-0.,-1.,0.));
#10473 = FACE_BOUND('',#10474,.T.);
#10474 = EDGE_LOOP('',(#10475));
#10475 = ORIENTED_EDGE('',*,*,#10476,.T.);
#10476 = EDGE_CURVE('',#10477,#10477,#10479,.T.);
#10477 = VERTEX_POINT('',#10478);
#10478 = CARTESIAN_POINT('',(204.2375,-95.65,1.6));
#10479 = CIRCLE('',#10480,0.65);
#10480 = AXIS2_PLACEMENT_3D('',#10481,#10482,#10483);
#10481 = CARTESIAN_POINT('',(204.2375,-95.,1.6));
#10482 = DIRECTION('',(-0.,0.,-1.));
#10483 = DIRECTION('',(-0.,-1.,0.));
#10484 = FACE_BOUND('',#10485,.T.);
#10485 = EDGE_LOOP('',(#10486));
#10486 = ORIENTED_EDGE('',*,*,#10487,.T.);
#10487 = EDGE_CURVE('',#10488,#10488,#10490,.T.);
#10488 = VERTEX_POINT('',#10489);
#10489 = CARTESIAN_POINT('',(216.7375,-95.65,1.6));
#10490 = CIRCLE('',#10491,0.65);
#10491 = AXIS2_PLACEMENT_3D('',#10492,#10493,#10494);
#10492 = CARTESIAN_POINT('',(216.7375,-95.,1.6));
#10493 = DIRECTION('',(-0.,0.,-1.));
#10494 = DIRECTION('',(-0.,-1.,0.));
#10495 = FACE_BOUND('',#10496,.T.);
#10496 = EDGE_LOOP('',(#10497));
#10497 = ORIENTED_EDGE('',*,*,#10498,.T.);
#10498 = EDGE_CURVE('',#10499,#10499,#10501,.T.);
#10499 = VERTEX_POINT('',#10500);
#10500 = CARTESIAN_POINT('',(222.,-95.4,1.6));
#10501 = CIRCLE('',#10502,0.4);
#10502 = AXIS2_PLACEMENT_3D('',#10503,#10504,#10505);
#10503 = CARTESIAN_POINT('',(222.,-95.,1.6));
#10504 = DIRECTION('',(-0.,0.,-1.));
#10505 = DIRECTION('',(-0.,-1.,0.));
#10506 = FACE_BOUND('',#10507,.T.);
#10507 = EDGE_LOOP('',(#10508));
#10508 = ORIENTED_EDGE('',*,*,#10509,.T.);
#10509 = EDGE_CURVE('',#10510,#10510,#10512,.T.);
#10510 = VERTEX_POINT('',#10511);
#10511 = CARTESIAN_POINT('',(226.,-95.4,1.6));
#10512 = CIRCLE('',#10513,0.4);
#10513 = AXIS2_PLACEMENT_3D('',#10514,#10515,#10516);
#10514 = CARTESIAN_POINT('',(226.,-95.,1.6));
#10515 = DIRECTION('',(-0.,0.,-1.));
#10516 = DIRECTION('',(-0.,-1.,0.));
#10517 = FACE_BOUND('',#10518,.T.);
#10518 = EDGE_LOOP('',(#10519));
#10519 = ORIENTED_EDGE('',*,*,#10520,.T.);
#10520 = EDGE_CURVE('',#10521,#10521,#10523,.T.);
#10521 = VERTEX_POINT('',#10522);
#10522 = CARTESIAN_POINT('',(222.,-91.46,1.6));
#10523 = CIRCLE('',#10524,0.4);
#10524 = AXIS2_PLACEMENT_3D('',#10525,#10526,#10527);
#10525 = CARTESIAN_POINT('',(222.,-91.06,1.6));
#10526 = DIRECTION('',(-0.,0.,-1.));
#10527 = DIRECTION('',(-0.,-1.,0.));
#10528 = FACE_BOUND('',#10529,.T.);
#10529 = EDGE_LOOP('',(#10530));
#10530 = ORIENTED_EDGE('',*,*,#10531,.T.);
#10531 = EDGE_CURVE('',#10532,#10532,#10534,.T.);
#10532 = VERTEX_POINT('',#10533);
#10533 = CARTESIAN_POINT('',(226.,-86.3,1.6));
#10534 = CIRCLE('',#10535,0.4);
#10535 = AXIS2_PLACEMENT_3D('',#10536,#10537,#10538);
#10536 = CARTESIAN_POINT('',(226.,-85.9,1.6));
#10537 = DIRECTION('',(-0.,0.,-1.));
#10538 = DIRECTION('',(-0.,-1.,0.));
#10539 = FACE_BOUND('',#10540,.T.);
#10540 = EDGE_LOOP('',(#10541,#10552,#10560,#10569));
#10541 = ORIENTED_EDGE('',*,*,#10542,.T.);
#10542 = EDGE_CURVE('',#10543,#10545,#10547,.T.);
#10543 = VERTEX_POINT('',#10544);
#10544 = CARTESIAN_POINT('',(176.3935,-77.,1.6));
#10545 = VERTEX_POINT('',#10546);
#10546 = CARTESIAN_POINT('',(175.3935,-77.,1.6));
#10547 = CIRCLE('',#10548,0.5);
#10548 = AXIS2_PLACEMENT_3D('',#10549,#10550,#10551);
#10549 = CARTESIAN_POINT('',(175.8935,-77.,1.6));
#10550 = DIRECTION('',(-0.,0.,-1.));
#10551 = DIRECTION('',(-1.,0.,0.));
#10552 = ORIENTED_EDGE('',*,*,#10553,.T.);
#10553 = EDGE_CURVE('',#10545,#10554,#10556,.T.);
#10554 = VERTEX_POINT('',#10555);
#10555 = CARTESIAN_POINT('',(175.3935,-75.,1.6));
#10556 = LINE('',#10557,#10558);
#10557 = CARTESIAN_POINT('',(175.3935,-37.5,1.6));
#10558 = VECTOR('',#10559,1.);
#10559 = DIRECTION('',(-0.,1.,0.));
#10560 = ORIENTED_EDGE('',*,*,#10561,.T.);
#10561 = EDGE_CURVE('',#10554,#10562,#10564,.T.);
#10562 = VERTEX_POINT('',#10563);
#10563 = CARTESIAN_POINT('',(176.3935,-75.,1.6));
#10564 = CIRCLE('',#10565,0.5);
#10565 = AXIS2_PLACEMENT_3D('',#10566,#10567,#10568);
#10566 = CARTESIAN_POINT('',(175.8935,-75.,1.6));
#10567 = DIRECTION('',(0.,-0.,-1.));
#10568 = DIRECTION('',(1.,0.,-0.));
#10569 = ORIENTED_EDGE('',*,*,#10570,.T.);
#10570 = EDGE_CURVE('',#10562,#10543,#10571,.T.);
#10571 = LINE('',#10572,#10573);
#10572 = CARTESIAN_POINT('',(176.3935,-38.5,1.6));
#10573 = VECTOR('',#10574,1.);
#10574 = DIRECTION('',(0.,-1.,0.));
#10575 = FACE_BOUND('',#10576,.T.);
#10576 = EDGE_LOOP('',(#10577,#10588,#10596,#10605));
#10577 = ORIENTED_EDGE('',*,*,#10578,.T.);
#10578 = EDGE_CURVE('',#10579,#10581,#10583,.T.);
#10579 = VERTEX_POINT('',#10580);
#10580 = CARTESIAN_POINT('',(179.5935,-79.5,1.6));
#10581 = VERTEX_POINT('',#10582);
#10582 = CARTESIAN_POINT('',(179.5935,-78.5,1.6));
#10583 = CIRCLE('',#10584,0.5);
#10584 = AXIS2_PLACEMENT_3D('',#10585,#10586,#10587);
#10585 = CARTESIAN_POINT('',(179.5935,-79.,1.6));
#10586 = DIRECTION('',(-0.,0.,-1.));
#10587 = DIRECTION('',(0.,1.,0.));
#10588 = ORIENTED_EDGE('',*,*,#10589,.T.);
#10589 = EDGE_CURVE('',#10581,#10590,#10592,.T.);
#10590 = VERTEX_POINT('',#10591);
#10591 = CARTESIAN_POINT('',(181.5935,-78.5,1.6));
#10592 = LINE('',#10593,#10594);
#10593 = CARTESIAN_POINT('',(90.79675,-78.5,1.6));
#10594 = VECTOR('',#10595,1.);
#10595 = DIRECTION('',(1.,0.,-0.));
#10596 = ORIENTED_EDGE('',*,*,#10597,.T.);
#10597 = EDGE_CURVE('',#10590,#10598,#10600,.T.);
#10598 = VERTEX_POINT('',#10599);
#10599 = CARTESIAN_POINT('',(181.5935,-79.5,1.6));
#10600 = CIRCLE('',#10601,0.5);
#10601 = AXIS2_PLACEMENT_3D('',#10602,#10603,#10604);
#10602 = CARTESIAN_POINT('',(181.5935,-79.,1.6));
#10603 = DIRECTION('',(-0.,0.,-1.));
#10604 = DIRECTION('',(-0.,-1.,0.));
#10605 = ORIENTED_EDGE('',*,*,#10606,.T.);
#10606 = EDGE_CURVE('',#10598,#10579,#10607,.T.);
#10607 = LINE('',#10608,#10609);
#10608 = CARTESIAN_POINT('',(89.79675,-79.5,1.6));
#10609 = VECTOR('',#10610,1.);
#10610 = DIRECTION('',(-1.,0.,0.));
#10611 = FACE_BOUND('',#10612,.T.);
#10612 = EDGE_LOOP('',(#10613,#10624,#10632,#10641));
#10613 = ORIENTED_EDGE('',*,*,#10614,.T.);
#10614 = EDGE_CURVE('',#10615,#10617,#10619,.T.);
#10615 = VERTEX_POINT('',#10616);
#10616 = CARTESIAN_POINT('',(179.5935,-73.5,1.6));
#10617 = VERTEX_POINT('',#10618);
#10618 = CARTESIAN_POINT('',(179.5935,-72.5,1.6));
#10619 = CIRCLE('',#10620,0.5);
#10620 = AXIS2_PLACEMENT_3D('',#10621,#10622,#10623);
#10621 = CARTESIAN_POINT('',(179.5935,-73.,1.6));
#10622 = DIRECTION('',(-0.,0.,-1.));
#10623 = DIRECTION('',(0.,1.,0.));
#10624 = ORIENTED_EDGE('',*,*,#10625,.T.);
#10625 = EDGE_CURVE('',#10617,#10626,#10628,.T.);
#10626 = VERTEX_POINT('',#10627);
#10627 = CARTESIAN_POINT('',(181.5935,-72.5,1.6));
#10628 = LINE('',#10629,#10630);
#10629 = CARTESIAN_POINT('',(90.79675,-72.5,1.6));
#10630 = VECTOR('',#10631,1.);
#10631 = DIRECTION('',(1.,0.,-0.));
#10632 = ORIENTED_EDGE('',*,*,#10633,.T.);
#10633 = EDGE_CURVE('',#10626,#10634,#10636,.T.);
#10634 = VERTEX_POINT('',#10635);
#10635 = CARTESIAN_POINT('',(181.5935,-73.5,1.6));
#10636 = CIRCLE('',#10637,0.5);
#10637 = AXIS2_PLACEMENT_3D('',#10638,#10639,#10640);
#10638 = CARTESIAN_POINT('',(181.5935,-73.,1.6));
#10639 = DIRECTION('',(-0.,0.,-1.));
#10640 = DIRECTION('',(-0.,-1.,0.));
#10641 = ORIENTED_EDGE('',*,*,#10642,.T.);
#10642 = EDGE_CURVE('',#10634,#10615,#10643,.T.);
#10643 = LINE('',#10644,#10645);
#10644 = CARTESIAN_POINT('',(89.79675,-73.5,1.6));
#10645 = VECTOR('',#10646,1.);
#10646 = DIRECTION('',(-1.,0.,0.));
#10647 = FACE_BOUND('',#10648,.T.);
#10648 = EDGE_LOOP('',(#10649));
#10649 = ORIENTED_EDGE('',*,*,#10650,.T.);
#10650 = EDGE_CURVE('',#10651,#10651,#10653,.T.);
#10651 = VERTEX_POINT('',#10652);
#10652 = CARTESIAN_POINT('',(170.456,-68.5,1.6));
#10653 = CIRCLE('',#10654,0.5);
#10654 = AXIS2_PLACEMENT_3D('',#10655,#10656,#10657);
#10655 = CARTESIAN_POINT('',(170.456,-68.,1.6));
#10656 = DIRECTION('',(-0.,0.,-1.));
#10657 = DIRECTION('',(-0.,-1.,0.));
#10658 = FACE_BOUND('',#10659,.T.);
#10659 = EDGE_LOOP('',(#10660));
#10660 = ORIENTED_EDGE('',*,*,#10661,.T.);
#10661 = EDGE_CURVE('',#10662,#10662,#10664,.T.);
#10662 = VERTEX_POINT('',#10663);
#10663 = CARTESIAN_POINT('',(188.92,-81.3,1.6));
#10664 = CIRCLE('',#10665,0.4);
#10665 = AXIS2_PLACEMENT_3D('',#10666,#10667,#10668);
#10666 = CARTESIAN_POINT('',(188.92,-80.9,1.6));
#10667 = DIRECTION('',(-0.,0.,-1.));
#10668 = DIRECTION('',(-7.105427357601E-14,-1.,0.));
#10669 = FACE_BOUND('',#10670,.T.);
#10670 = EDGE_LOOP('',(#10671));
#10671 = ORIENTED_EDGE('',*,*,#10672,.T.);
#10672 = EDGE_CURVE('',#10673,#10673,#10675,.T.);
#10673 = VERTEX_POINT('',#10674);
#10674 = CARTESIAN_POINT('',(199.08,-81.3,1.6));
#10675 = CIRCLE('',#10676,0.4);
#10676 = AXIS2_PLACEMENT_3D('',#10677,#10678,#10679);
#10677 = CARTESIAN_POINT('',(199.08,-80.9,1.6));
#10678 = DIRECTION('',(-0.,0.,-1.));
#10679 = DIRECTION('',(7.105427357601E-14,-1.,-0.));
#10680 = FACE_BOUND('',#10681,.T.);
#10681 = EDGE_LOOP('',(#10682));
#10682 = ORIENTED_EDGE('',*,*,#10683,.T.);
#10683 = EDGE_CURVE('',#10684,#10684,#10686,.T.);
#10684 = VERTEX_POINT('',#10685);
#10685 = CARTESIAN_POINT('',(203.5,-81.5,1.6));
#10686 = CIRCLE('',#10687,0.6);
#10687 = AXIS2_PLACEMENT_3D('',#10688,#10689,#10690);
#10688 = CARTESIAN_POINT('',(203.5,-80.9,1.6));
#10689 = DIRECTION('',(-0.,0.,-1.));
#10690 = DIRECTION('',(-0.,-1.,0.));
#10691 = FACE_BOUND('',#10692,.T.);
#10692 = EDGE_LOOP('',(#10693));
#10693 = ORIENTED_EDGE('',*,*,#10694,.T.);
#10694 = EDGE_CURVE('',#10695,#10695,#10697,.T.);
#10695 = VERTEX_POINT('',#10696);
#10696 = CARTESIAN_POINT('',(194.08,-77.4,1.6));
#10697 = CIRCLE('',#10698,0.4);
#10698 = AXIS2_PLACEMENT_3D('',#10699,#10700,#10701);
#10699 = CARTESIAN_POINT('',(194.08,-77.,1.6));
#10700 = DIRECTION('',(-0.,0.,-1.));
#10701 = DIRECTION('',(7.105427357601E-14,-1.,-0.));
#10702 = FACE_BOUND('',#10703,.T.);
#10703 = EDGE_LOOP('',(#10704));
#10704 = ORIENTED_EDGE('',*,*,#10705,.T.);
#10705 = EDGE_CURVE('',#10706,#10706,#10708,.T.);
#10706 = VERTEX_POINT('',#10707);
#10707 = CARTESIAN_POINT('',(199.08,-77.4,1.6));
#10708 = CIRCLE('',#10709,0.4);
#10709 = AXIS2_PLACEMENT_3D('',#10710,#10711,#10712);
#10710 = CARTESIAN_POINT('',(199.08,-77.,1.6));
#10711 = DIRECTION('',(-0.,0.,-1.));
#10712 = DIRECTION('',(7.105427357601E-14,-1.,-0.));
#10713 = FACE_BOUND('',#10714,.T.);
#10714 = EDGE_LOOP('',(#10715));
#10715 = ORIENTED_EDGE('',*,*,#10716,.T.);
#10716 = EDGE_CURVE('',#10717,#10717,#10719,.T.);
#10717 = VERTEX_POINT('',#10718);
#10718 = CARTESIAN_POINT('',(203.5,-76.5,1.6));
#10719 = CIRCLE('',#10720,0.6);
#10720 = AXIS2_PLACEMENT_3D('',#10721,#10722,#10723);
#10721 = CARTESIAN_POINT('',(203.5,-75.9,1.6));
#10722 = DIRECTION('',(-0.,0.,-1.));
#10723 = DIRECTION('',(-0.,-1.,0.));
#10724 = FACE_BOUND('',#10725,.T.);
#10725 = EDGE_LOOP('',(#10726,#10737,#10745,#10754));
#10726 = ORIENTED_EDGE('',*,*,#10727,.T.);
#10727 = EDGE_CURVE('',#10728,#10730,#10732,.T.);
#10728 = VERTEX_POINT('',#10729);
#10729 = CARTESIAN_POINT('',(210.65,-83.,1.6));
#10730 = VERTEX_POINT('',#10731);
#10731 = CARTESIAN_POINT('',(210.65,-85.,1.6));
#10732 = CIRCLE('',#10733,1.);
#10733 = AXIS2_PLACEMENT_3D('',#10734,#10735,#10736);
#10734 = CARTESIAN_POINT('',(210.65,-84.,1.6));
#10735 = DIRECTION('',(-0.,0.,-1.));
#10736 = DIRECTION('',(-0.,-1.,0.));
#10737 = ORIENTED_EDGE('',*,*,#10738,.T.);
#10738 = EDGE_CURVE('',#10730,#10739,#10741,.T.);
#10739 = VERTEX_POINT('',#10740);
#10740 = CARTESIAN_POINT('',(210.35,-85.,1.6));
#10741 = LINE('',#10742,#10743);
#10742 = CARTESIAN_POINT('',(105.175,-85.,1.6));
#10743 = VECTOR('',#10744,1.);
#10744 = DIRECTION('',(-1.,0.,0.));
#10745 = ORIENTED_EDGE('',*,*,#10746,.T.);
#10746 = EDGE_CURVE('',#10739,#10747,#10749,.T.);
#10747 = VERTEX_POINT('',#10748);
#10748 = CARTESIAN_POINT('',(210.35,-83.,1.6));
#10749 = CIRCLE('',#10750,1.);
#10750 = AXIS2_PLACEMENT_3D('',#10751,#10752,#10753);
#10751 = CARTESIAN_POINT('',(210.35,-84.,1.6));
#10752 = DIRECTION('',(-0.,0.,-1.));
#10753 = DIRECTION('',(0.,1.,0.));
#10754 = ORIENTED_EDGE('',*,*,#10755,.T.);
#10755 = EDGE_CURVE('',#10747,#10728,#10756,.T.);
#10756 = LINE('',#10757,#10758);
#10757 = CARTESIAN_POINT('',(105.325,-83.,1.6));
#10758 = VECTOR('',#10759,1.);
#10759 = DIRECTION('',(1.,0.,-0.));
#10760 = FACE_BOUND('',#10761,.T.);
#10761 = EDGE_LOOP('',(#10762));
#10762 = ORIENTED_EDGE('',*,*,#10763,.T.);
#10763 = EDGE_CURVE('',#10764,#10764,#10766,.T.);
#10764 = VERTEX_POINT('',#10765);
#10765 = CARTESIAN_POINT('',(218.,-81.5,1.6));
#10766 = CIRCLE('',#10767,0.6);
#10767 = AXIS2_PLACEMENT_3D('',#10768,#10769,#10770);
#10768 = CARTESIAN_POINT('',(218.,-80.9,1.6));
#10769 = DIRECTION('',(-0.,0.,-1.));
#10770 = DIRECTION('',(-0.,-1.,0.));
#10771 = FACE_BOUND('',#10772,.T.);
#10772 = EDGE_LOOP('',(#10773));
#10773 = ORIENTED_EDGE('',*,*,#10774,.T.);
#10774 = EDGE_CURVE('',#10775,#10775,#10777,.T.);
#10775 = VERTEX_POINT('',#10776);
#10776 = CARTESIAN_POINT('',(222.,-81.3,1.6));
#10777 = CIRCLE('',#10778,0.4);
#10778 = AXIS2_PLACEMENT_3D('',#10779,#10780,#10781);
#10779 = CARTESIAN_POINT('',(222.,-80.9,1.6));
#10780 = DIRECTION('',(-0.,0.,-1.));
#10781 = DIRECTION('',(-0.,-1.,0.));
#10782 = FACE_BOUND('',#10783,.T.);
#10783 = EDGE_LOOP('',(#10784));
#10784 = ORIENTED_EDGE('',*,*,#10785,.T.);
#10785 = EDGE_CURVE('',#10786,#10786,#10788,.T.);
#10786 = VERTEX_POINT('',#10787);
#10787 = CARTESIAN_POINT('',(226.,-81.3,1.6));
#10788 = CIRCLE('',#10789,0.4);
#10789 = AXIS2_PLACEMENT_3D('',#10790,#10791,#10792);
#10790 = CARTESIAN_POINT('',(226.,-80.9,1.6));
#10791 = DIRECTION('',(-0.,0.,-1.));
#10792 = DIRECTION('',(-0.,-1.,0.));
#10793 = FACE_BOUND('',#10794,.T.);
#10794 = EDGE_LOOP('',(#10795));
#10795 = ORIENTED_EDGE('',*,*,#10796,.T.);
#10796 = EDGE_CURVE('',#10797,#10797,#10799,.T.);
#10797 = VERTEX_POINT('',#10798);
#10798 = CARTESIAN_POINT('',(218.,-79.,1.6));
#10799 = CIRCLE('',#10800,0.6);
#10800 = AXIS2_PLACEMENT_3D('',#10801,#10802,#10803);
#10801 = CARTESIAN_POINT('',(218.,-78.4,1.6));
#10802 = DIRECTION('',(-0.,0.,-1.));
#10803 = DIRECTION('',(-0.,-1.,0.));
#10804 = FACE_BOUND('',#10805,.T.);
#10805 = EDGE_LOOP('',(#10806));
#10806 = ORIENTED_EDGE('',*,*,#10807,.T.);
#10807 = EDGE_CURVE('',#10808,#10808,#10810,.T.);
#10808 = VERTEX_POINT('',#10809);
#10809 = CARTESIAN_POINT('',(218.,-76.5,1.6));
#10810 = CIRCLE('',#10811,0.6);
#10811 = AXIS2_PLACEMENT_3D('',#10812,#10813,#10814);
#10812 = CARTESIAN_POINT('',(218.,-75.9,1.6));
#10813 = DIRECTION('',(-0.,0.,-1.));
#10814 = DIRECTION('',(-0.,-1.,0.));
#10815 = FACE_BOUND('',#10816,.T.);
#10816 = EDGE_LOOP('',(#10817));
#10817 = ORIENTED_EDGE('',*,*,#10818,.T.);
#10818 = EDGE_CURVE('',#10819,#10819,#10821,.T.);
#10819 = VERTEX_POINT('',#10820);
#10820 = CARTESIAN_POINT('',(222.,-76.3,1.6));
#10821 = CIRCLE('',#10822,0.4);
#10822 = AXIS2_PLACEMENT_3D('',#10823,#10824,#10825);
#10823 = CARTESIAN_POINT('',(222.,-75.9,1.6));
#10824 = DIRECTION('',(-0.,0.,-1.));
#10825 = DIRECTION('',(-0.,-1.,0.));
#10826 = FACE_BOUND('',#10827,.T.);
#10827 = EDGE_LOOP('',(#10828));
#10828 = ORIENTED_EDGE('',*,*,#10829,.T.);
#10829 = EDGE_CURVE('',#10830,#10830,#10832,.T.);
#10830 = VERTEX_POINT('',#10831);
#10831 = CARTESIAN_POINT('',(226.,-76.3,1.6));
#10832 = CIRCLE('',#10833,0.4);
#10833 = AXIS2_PLACEMENT_3D('',#10834,#10835,#10836);
#10834 = CARTESIAN_POINT('',(226.,-75.9,1.6));
#10835 = DIRECTION('',(-0.,0.,-1.));
#10836 = DIRECTION('',(-0.,-1.,0.));
#10837 = FACE_BOUND('',#10838,.T.);
#10838 = EDGE_LOOP('',(#10839,#10850,#10858,#10867));
#10839 = ORIENTED_EDGE('',*,*,#10840,.T.);
#10840 = EDGE_CURVE('',#10841,#10843,#10845,.T.);
#10841 = VERTEX_POINT('',#10842);
#10842 = CARTESIAN_POINT('',(210.65,-71.8,1.6));
#10843 = VERTEX_POINT('',#10844);
#10844 = CARTESIAN_POINT('',(210.65,-73.8,1.6));
#10845 = CIRCLE('',#10846,1.);
#10846 = AXIS2_PLACEMENT_3D('',#10847,#10848,#10849);
#10847 = CARTESIAN_POINT('',(210.65,-72.8,1.6));
#10848 = DIRECTION('',(-0.,0.,-1.));
#10849 = DIRECTION('',(-0.,-1.,0.));
#10850 = ORIENTED_EDGE('',*,*,#10851,.T.);
#10851 = EDGE_CURVE('',#10843,#10852,#10854,.T.);
#10852 = VERTEX_POINT('',#10853);
#10853 = CARTESIAN_POINT('',(210.35,-73.8,1.6));
#10854 = LINE('',#10855,#10856);
#10855 = CARTESIAN_POINT('',(105.175,-73.8,1.6));
#10856 = VECTOR('',#10857,1.);
#10857 = DIRECTION('',(-1.,0.,0.));
#10858 = ORIENTED_EDGE('',*,*,#10859,.T.);
#10859 = EDGE_CURVE('',#10852,#10860,#10862,.T.);
#10860 = VERTEX_POINT('',#10861);
#10861 = CARTESIAN_POINT('',(210.35,-71.8,1.6));
#10862 = CIRCLE('',#10863,1.);
#10863 = AXIS2_PLACEMENT_3D('',#10864,#10865,#10866);
#10864 = CARTESIAN_POINT('',(210.35,-72.8,1.6));
#10865 = DIRECTION('',(-0.,0.,-1.));
#10866 = DIRECTION('',(0.,1.,0.));
#10867 = ORIENTED_EDGE('',*,*,#10868,.T.);
#10868 = EDGE_CURVE('',#10860,#10841,#10869,.T.);
#10869 = LINE('',#10870,#10871);
#10870 = CARTESIAN_POINT('',(105.325,-71.8,1.6));
#10871 = VECTOR('',#10872,1.);
#10872 = DIRECTION('',(1.,0.,-0.));
#10873 = FACE_BOUND('',#10874,.T.);
#10874 = EDGE_LOOP('',(#10875));
#10875 = ORIENTED_EDGE('',*,*,#10876,.T.);
#10876 = EDGE_CURVE('',#10877,#10877,#10879,.T.);
#10877 = VERTEX_POINT('',#10878);
#10878 = CARTESIAN_POINT('',(226.,-71.3,1.6));
#10879 = CIRCLE('',#10880,0.4);
#10880 = AXIS2_PLACEMENT_3D('',#10881,#10882,#10883);
#10881 = CARTESIAN_POINT('',(226.,-70.9,1.6));
#10882 = DIRECTION('',(-0.,0.,-1.));
#10883 = DIRECTION('',(-0.,-1.,0.));
#10884 = FACE_BOUND('',#10885,.T.);
#10885 = EDGE_LOOP('',(#10886));
#10886 = ORIENTED_EDGE('',*,*,#10887,.T.);
#10887 = EDGE_CURVE('',#10888,#10888,#10890,.T.);
#10888 = VERTEX_POINT('',#10889);
#10889 = CARTESIAN_POINT('',(222.,-66.14,1.6));
#10890 = CIRCLE('',#10891,0.4);
#10891 = AXIS2_PLACEMENT_3D('',#10892,#10893,#10894);
#10892 = CARTESIAN_POINT('',(222.,-65.74,1.6));
#10893 = DIRECTION('',(-0.,0.,-1.));
#10894 = DIRECTION('',(-0.,-1.,0.));
#10895 = FACE_BOUND('',#10896,.T.);
#10896 = EDGE_LOOP('',(#10897));
#10897 = ORIENTED_EDGE('',*,*,#10898,.T.);
#10898 = EDGE_CURVE('',#10899,#10899,#10901,.T.);
#10899 = VERTEX_POINT('',#10900);
#10900 = CARTESIAN_POINT('',(227.5,-64.6,1.6));
#10901 = CIRCLE('',#10902,1.1);
#10902 = AXIS2_PLACEMENT_3D('',#10903,#10904,#10905);
#10903 = CARTESIAN_POINT('',(227.5,-63.5,1.6));
#10904 = DIRECTION('',(-0.,0.,-1.));
#10905 = DIRECTION('',(-0.,-1.,0.));
#10906 = PLANE('',#10907);
#10907 = AXIS2_PLACEMENT_3D('',#10908,#10909,#10910);
#10908 = CARTESIAN_POINT('',(0.,0.,1.6));
#10909 = DIRECTION('',(0.,0.,1.));
#10910 = DIRECTION('',(1.,0.,-0.));
#10911 = ADVANCED_FACE('',(#10912),#10923,.T.);
#10912 = FACE_BOUND('',#10913,.T.);
#10913 = EDGE_LOOP('',(#10914,#10920,#10921,#10922));
#10914 = ORIENTED_EDGE('',*,*,#10915,.T.);
#10915 = EDGE_CURVE('',#7602,#9260,#10916,.T.);
#10916 = LINE('',#10917,#10918);
#10917 = CARTESIAN_POINT('',(63.5,-66.5,0.));
#10918 = VECTOR('',#10919,1.);
#10919 = DIRECTION('',(0.,0.,1.));
#10920 = ORIENTED_EDGE('',*,*,#9259,.T.);
#10921 = ORIENTED_EDGE('',*,*,#7537,.F.);
#10922 = ORIENTED_EDGE('',*,*,#7601,.F.);
#10923 = CYLINDRICAL_SURFACE('',#10924,9.999999357669);
#10924 = AXIS2_PLACEMENT_3D('',#10925,#10926,#10927);
#10925 = CARTESIAN_POINT('',(73.499999357669,-66.49999935766,0.));
#10926 = DIRECTION('',(0.,0.,-1.));
#10927 = DIRECTION('',(-1.,-6.423314275614E-08,-0.));
#10928 = ADVANCED_FACE('',(#10929),#10940,.T.);
#10929 = FACE_BOUND('',#10930,.T.);
#10930 = EDGE_LOOP('',(#10931,#10932,#10933,#10939));
#10931 = ORIENTED_EDGE('',*,*,#7577,.T.);
#10932 = ORIENTED_EDGE('',*,*,#9293,.T.);
#10933 = ORIENTED_EDGE('',*,*,#10934,.F.);
#10934 = EDGE_CURVE('',#7628,#9286,#10935,.T.);
#10935 = LINE('',#10936,#10937);
#10936 = CARTESIAN_POINT('',(225.5,-161.,0.));
#10937 = VECTOR('',#10938,1.);
#10938 = DIRECTION('',(0.,0.,1.));
#10939 = ORIENTED_EDGE('',*,*,#7635,.F.);
#10940 = CYLINDRICAL_SURFACE('',#10941,9.999999357669);
#10941 = AXIS2_PLACEMENT_3D('',#10942,#10943,#10944);
#10942 = CARTESIAN_POINT('',(225.50000064233,-151.0000006423,0.));
#10943 = DIRECTION('',(0.,0.,-1.));
#10944 = DIRECTION('',(1.,6.423314133505E-08,0.));
#10945 = ADVANCED_FACE('',(#10946),#10957,.T.);
#10946 = FACE_BOUND('',#10947,.T.);
#10947 = EDGE_LOOP('',(#10948,#10954,#10955,#10956));
#10948 = ORIENTED_EDGE('',*,*,#10949,.T.);
#10949 = EDGE_CURVE('',#7611,#9269,#10950,.T.);
#10950 = LINE('',#10951,#10952);
#10951 = CARTESIAN_POINT('',(63.5,-151.,0.));
#10952 = VECTOR('',#10953,1.);
#10953 = DIRECTION('',(0.,0.,1.));
#10954 = ORIENTED_EDGE('',*,*,#9268,.T.);
#10955 = ORIENTED_EDGE('',*,*,#10915,.F.);
#10956 = ORIENTED_EDGE('',*,*,#7610,.F.);
#10957 = PLANE('',#10958);
#10958 = AXIS2_PLACEMENT_3D('',#10959,#10960,#10961);
#10959 = CARTESIAN_POINT('',(63.5,-151.,0.));
#10960 = DIRECTION('',(-1.,0.,0.));
#10961 = DIRECTION('',(0.,1.,0.));
#10962 = ADVANCED_FACE('',(#10963),#10974,.T.);
#10963 = FACE_BOUND('',#10964,.T.);
#10964 = EDGE_LOOP('',(#10965,#10966,#10967,#10973));
#10965 = ORIENTED_EDGE('',*,*,#10934,.T.);
#10966 = ORIENTED_EDGE('',*,*,#9285,.T.);
#10967 = ORIENTED_EDGE('',*,*,#10968,.F.);
#10968 = EDGE_CURVE('',#7619,#9277,#10969,.T.);
#10969 = LINE('',#10970,#10971);
#10970 = CARTESIAN_POINT('',(73.5,-161.,0.));
#10971 = VECTOR('',#10972,1.);
#10972 = DIRECTION('',(0.,0.,1.));
#10973 = ORIENTED_EDGE('',*,*,#7627,.F.);
#10974 = PLANE('',#10975);
#10975 = AXIS2_PLACEMENT_3D('',#10976,#10977,#10978);
#10976 = CARTESIAN_POINT('',(225.5,-161.,0.));
#10977 = DIRECTION('',(0.,-1.,0.));
#10978 = DIRECTION('',(-1.,0.,0.));
#10979 = ADVANCED_FACE('',(#10980),#10986,.T.);
#10980 = FACE_BOUND('',#10981,.T.);
#10981 = EDGE_LOOP('',(#10982,#10983,#10984,#10985));
#10982 = ORIENTED_EDGE('',*,*,#10968,.T.);
#10983 = ORIENTED_EDGE('',*,*,#9276,.T.);
#10984 = ORIENTED_EDGE('',*,*,#10949,.F.);
#10985 = ORIENTED_EDGE('',*,*,#7618,.F.);
#10986 = CYLINDRICAL_SURFACE('',#10987,9.999999357669);
#10987 = AXIS2_PLACEMENT_3D('',#10988,#10989,#10990);
#10988 = CARTESIAN_POINT('',(73.499999357669,-151.0000006423,0.));
#10989 = DIRECTION('',(0.,0.,-1.));
#10990 = DIRECTION('',(6.423314275614E-08,-1.,0.));
#10991 = ADVANCED_FACE('',(#10992),#11003,.F.);
#10992 = FACE_BOUND('',#10993,.T.);
#10993 = EDGE_LOOP('',(#10994,#10995,#11001,#11002));
#10994 = ORIENTED_EDGE('',*,*,#7645,.T.);
#10995 = ORIENTED_EDGE('',*,*,#10996,.T.);
#10996 = EDGE_CURVE('',#7646,#9304,#10997,.T.);
#10997 = LINE('',#10998,#10999);
#10998 = CARTESIAN_POINT('',(71.,-154.1,-4.5E-02));
#10999 = VECTOR('',#11000,1.);
#11000 = DIRECTION('',(0.,0.,1.));
#11001 = ORIENTED_EDGE('',*,*,#9303,.F.);
#11002 = ORIENTED_EDGE('',*,*,#10996,.F.);
#11003 = CYLINDRICAL_SURFACE('',#11004,1.1);
#11004 = AXIS2_PLACEMENT_3D('',#11005,#11006,#11007);
#11005 = CARTESIAN_POINT('',(71.,-153.,-4.5E-02));
#11006 = DIRECTION('',(-0.,-0.,-1.));
#11007 = DIRECTION('',(-0.,-1.,0.));
#11008 = ADVANCED_FACE('',(#11009),#11020,.F.);
#11009 = FACE_BOUND('',#11010,.T.);
#11010 = EDGE_LOOP('',(#11011,#11012,#11018,#11019));
#11011 = ORIENTED_EDGE('',*,*,#7656,.T.);
#11012 = ORIENTED_EDGE('',*,*,#11013,.T.);
#11013 = EDGE_CURVE('',#7657,#9315,#11014,.T.);
#11014 = LINE('',#11015,#11016);
#11015 = CARTESIAN_POINT('',(75.5,-147.6,-4.5E-02));
#11016 = VECTOR('',#11017,1.);
#11017 = DIRECTION('',(0.,0.,1.));
#11018 = ORIENTED_EDGE('',*,*,#9314,.F.);
#11019 = ORIENTED_EDGE('',*,*,#11013,.F.);
#11020 = CYLINDRICAL_SURFACE('',#11021,0.6);
#11021 = AXIS2_PLACEMENT_3D('',#11022,#11023,#11024);
#11022 = CARTESIAN_POINT('',(75.5,-147.,-4.5E-02));
#11023 = DIRECTION('',(-0.,-0.,-1.));
#11024 = DIRECTION('',(-0.,-1.,0.));
#11025 = ADVANCED_FACE('',(#11026),#11037,.F.);
#11026 = FACE_BOUND('',#11027,.T.);
#11027 = EDGE_LOOP('',(#11028,#11029,#11035,#11036));
#11028 = ORIENTED_EDGE('',*,*,#7667,.T.);
#11029 = ORIENTED_EDGE('',*,*,#11030,.T.);
#11030 = EDGE_CURVE('',#7668,#9326,#11031,.T.);
#11031 = LINE('',#11032,#11033);
#11032 = CARTESIAN_POINT('',(75.5,-145.1,-4.5E-02));
#11033 = VECTOR('',#11034,1.);
#11034 = DIRECTION('',(0.,0.,1.));
#11035 = ORIENTED_EDGE('',*,*,#9325,.F.);
#11036 = ORIENTED_EDGE('',*,*,#11030,.F.);
#11037 = CYLINDRICAL_SURFACE('',#11038,0.6);
#11038 = AXIS2_PLACEMENT_3D('',#11039,#11040,#11041);
#11039 = CARTESIAN_POINT('',(75.5,-144.5,-4.5E-02));
#11040 = DIRECTION('',(-0.,-0.,-1.));
#11041 = DIRECTION('',(-0.,-1.,0.));
#11042 = ADVANCED_FACE('',(#11043),#11054,.F.);
#11043 = FACE_BOUND('',#11044,.T.);
#11044 = EDGE_LOOP('',(#11045,#11046,#11052,#11053));
#11045 = ORIENTED_EDGE('',*,*,#7678,.T.);
#11046 = ORIENTED_EDGE('',*,*,#11047,.T.);
#11047 = EDGE_CURVE('',#7679,#9337,#11048,.T.);
#11048 = LINE('',#11049,#11050);
#11049 = CARTESIAN_POINT('',(85.5,-147.6,-4.5E-02));
#11050 = VECTOR('',#11051,1.);
#11051 = DIRECTION('',(0.,0.,1.));
#11052 = ORIENTED_EDGE('',*,*,#9336,.F.);
#11053 = ORIENTED_EDGE('',*,*,#11047,.F.);
#11054 = CYLINDRICAL_SURFACE('',#11055,0.6);
#11055 = AXIS2_PLACEMENT_3D('',#11056,#11057,#11058);
#11056 = CARTESIAN_POINT('',(85.5,-147.,-4.5E-02));
#11057 = DIRECTION('',(-0.,-0.,-1.));
#11058 = DIRECTION('',(-0.,-1.,0.));
#11059 = ADVANCED_FACE('',(#11060),#11076,.F.);
#11060 = FACE_BOUND('',#11061,.T.);
#11061 = EDGE_LOOP('',(#11062,#11063,#11069,#11070));
#11062 = ORIENTED_EDGE('',*,*,#7689,.T.);
#11063 = ORIENTED_EDGE('',*,*,#11064,.T.);
#11064 = EDGE_CURVE('',#7692,#9350,#11065,.T.);
#11065 = LINE('',#11066,#11067);
#11066 = CARTESIAN_POINT('',(81.,-144.7,-4.5E-02));
#11067 = VECTOR('',#11068,1.);
#11068 = DIRECTION('',(0.,0.,1.));
#11069 = ORIENTED_EDGE('',*,*,#9347,.F.);
#11070 = ORIENTED_EDGE('',*,*,#11071,.F.);
#11071 = EDGE_CURVE('',#7690,#9348,#11072,.T.);
#11072 = LINE('',#11073,#11074);
#11073 = CARTESIAN_POINT('',(81.,-144.3,-4.5E-02));
#11074 = VECTOR('',#11075,1.);
#11075 = DIRECTION('',(0.,0.,1.));
#11076 = CYLINDRICAL_SURFACE('',#11077,0.2);
#11077 = AXIS2_PLACEMENT_3D('',#11078,#11079,#11080);
#11078 = CARTESIAN_POINT('',(81.,-144.5,-4.5E-02));
#11079 = DIRECTION('',(-0.,-0.,-1.));
#11080 = DIRECTION('',(-0.,-1.,0.));
#11081 = ADVANCED_FACE('',(#11082),#11093,.T.);
#11082 = FACE_BOUND('',#11083,.T.);
#11083 = EDGE_LOOP('',(#11084,#11085,#11086,#11087));
#11084 = ORIENTED_EDGE('',*,*,#7717,.T.);
#11085 = ORIENTED_EDGE('',*,*,#11071,.T.);
#11086 = ORIENTED_EDGE('',*,*,#9375,.F.);
#11087 = ORIENTED_EDGE('',*,*,#11088,.F.);
#11088 = EDGE_CURVE('',#7709,#9367,#11089,.T.);
#11089 = LINE('',#11090,#11091);
#11090 = CARTESIAN_POINT('',(80.,-144.3,-4.5E-02));
#11091 = VECTOR('',#11092,1.);
#11092 = DIRECTION('',(0.,0.,1.));
#11093 = PLANE('',#11094);
#11094 = AXIS2_PLACEMENT_3D('',#11095,#11096,#11097);
#11095 = CARTESIAN_POINT('',(81.,-144.3,-4.5E-02));
#11096 = DIRECTION('',(0.,-1.,0.));
#11097 = DIRECTION('',(-1.,0.,0.));
#11098 = ADVANCED_FACE('',(#11099),#11110,.F.);
#11099 = FACE_BOUND('',#11100,.T.);
#11100 = EDGE_LOOP('',(#11101,#11102,#11103,#11104));
#11101 = ORIENTED_EDGE('',*,*,#7708,.T.);
#11102 = ORIENTED_EDGE('',*,*,#11088,.T.);
#11103 = ORIENTED_EDGE('',*,*,#9366,.F.);
#11104 = ORIENTED_EDGE('',*,*,#11105,.F.);
#11105 = EDGE_CURVE('',#7701,#9359,#11106,.T.);
#11106 = LINE('',#11107,#11108);
#11107 = CARTESIAN_POINT('',(80.,-144.7,-4.5E-02));
#11108 = VECTOR('',#11109,1.);
#11109 = DIRECTION('',(0.,0.,1.));
#11110 = CYLINDRICAL_SURFACE('',#11111,0.2);
#11111 = AXIS2_PLACEMENT_3D('',#11112,#11113,#11114);
#11112 = CARTESIAN_POINT('',(80.,-144.5,-4.5E-02));
#11113 = DIRECTION('',(-0.,0.,-1.));
#11114 = DIRECTION('',(0.,1.,0.));
#11115 = ADVANCED_FACE('',(#11116),#11122,.T.);
#11116 = FACE_BOUND('',#11117,.T.);
#11117 = EDGE_LOOP('',(#11118,#11119,#11120,#11121));
#11118 = ORIENTED_EDGE('',*,*,#7700,.T.);
#11119 = ORIENTED_EDGE('',*,*,#11105,.T.);
#11120 = ORIENTED_EDGE('',*,*,#9358,.F.);
#11121 = ORIENTED_EDGE('',*,*,#11064,.F.);
#11122 = PLANE('',#11123);
#11123 = AXIS2_PLACEMENT_3D('',#11124,#11125,#11126);
#11124 = CARTESIAN_POINT('',(80.,-144.7,-4.5E-02));
#11125 = DIRECTION('',(0.,1.,0.));
#11126 = DIRECTION('',(1.,0.,0.));
#11127 = ADVANCED_FACE('',(#11128),#11139,.F.);
#11128 = FACE_BOUND('',#11129,.T.);
#11129 = EDGE_LOOP('',(#11130,#11131,#11137,#11138));
#11130 = ORIENTED_EDGE('',*,*,#7725,.T.);
#11131 = ORIENTED_EDGE('',*,*,#11132,.T.);
#11132 = EDGE_CURVE('',#7726,#9384,#11133,.T.);
#11133 = LINE('',#11134,#11135);
#11134 = CARTESIAN_POINT('',(85.5,-145.1,-4.5E-02));
#11135 = VECTOR('',#11136,1.);
#11136 = DIRECTION('',(0.,0.,1.));
#11137 = ORIENTED_EDGE('',*,*,#9383,.F.);
#11138 = ORIENTED_EDGE('',*,*,#11132,.F.);
#11139 = CYLINDRICAL_SURFACE('',#11140,0.6);
#11140 = AXIS2_PLACEMENT_3D('',#11141,#11142,#11143);
#11141 = CARTESIAN_POINT('',(85.5,-144.5,-4.5E-02));
#11142 = DIRECTION('',(-0.,-0.,-1.));
#11143 = DIRECTION('',(-0.,-1.,0.));
#11144 = ADVANCED_FACE('',(#11145),#11156,.F.);
#11145 = FACE_BOUND('',#11146,.T.);
#11146 = EDGE_LOOP('',(#11147,#11148,#11154,#11155));
#11147 = ORIENTED_EDGE('',*,*,#7736,.T.);
#11148 = ORIENTED_EDGE('',*,*,#11149,.T.);
#11149 = EDGE_CURVE('',#7737,#9395,#11150,.T.);
#11150 = LINE('',#11151,#11152);
#11151 = CARTESIAN_POINT('',(90.5,-147.6,-4.5E-02));
#11152 = VECTOR('',#11153,1.);
#11153 = DIRECTION('',(0.,0.,1.));
#11154 = ORIENTED_EDGE('',*,*,#9394,.F.);
#11155 = ORIENTED_EDGE('',*,*,#11149,.F.);
#11156 = CYLINDRICAL_SURFACE('',#11157,0.6);
#11157 = AXIS2_PLACEMENT_3D('',#11158,#11159,#11160);
#11158 = CARTESIAN_POINT('',(90.5,-147.,-4.5E-02));
#11159 = DIRECTION('',(-0.,-0.,-1.));
#11160 = DIRECTION('',(-0.,-1.,0.));
#11161 = ADVANCED_FACE('',(#11162),#11173,.F.);
#11162 = FACE_BOUND('',#11163,.T.);
#11163 = EDGE_LOOP('',(#11164,#11165,#11171,#11172));
#11164 = ORIENTED_EDGE('',*,*,#7747,.T.);
#11165 = ORIENTED_EDGE('',*,*,#11166,.T.);
#11166 = EDGE_CURVE('',#7748,#9406,#11167,.T.);
#11167 = LINE('',#11168,#11169);
#11168 = CARTESIAN_POINT('',(90.5,-145.1,-4.5E-02));
#11169 = VECTOR('',#11170,1.);
#11170 = DIRECTION('',(0.,0.,1.));
#11171 = ORIENTED_EDGE('',*,*,#9405,.F.);
#11172 = ORIENTED_EDGE('',*,*,#11166,.F.);
#11173 = CYLINDRICAL_SURFACE('',#11174,0.6);
#11174 = AXIS2_PLACEMENT_3D('',#11175,#11176,#11177);
#11175 = CARTESIAN_POINT('',(90.5,-144.5,-4.5E-02));
#11176 = DIRECTION('',(-0.,-0.,-1.));
#11177 = DIRECTION('',(-0.,-1.,0.));
#11178 = ADVANCED_FACE('',(#11179),#11195,.F.);
#11179 = FACE_BOUND('',#11180,.T.);
#11180 = EDGE_LOOP('',(#11181,#11182,#11188,#11189));
#11181 = ORIENTED_EDGE('',*,*,#7758,.T.);
#11182 = ORIENTED_EDGE('',*,*,#11183,.T.);
#11183 = EDGE_CURVE('',#7761,#9419,#11184,.T.);
#11184 = LINE('',#11185,#11186);
#11185 = CARTESIAN_POINT('',(96.,-144.7,-4.5E-02));
#11186 = VECTOR('',#11187,1.);
#11187 = DIRECTION('',(0.,0.,1.));
#11188 = ORIENTED_EDGE('',*,*,#9416,.F.);
#11189 = ORIENTED_EDGE('',*,*,#11190,.F.);
#11190 = EDGE_CURVE('',#7759,#9417,#11191,.T.);
#11191 = LINE('',#11192,#11193);
#11192 = CARTESIAN_POINT('',(96.,-144.3,-4.5E-02));
#11193 = VECTOR('',#11194,1.);
#11194 = DIRECTION('',(0.,0.,1.));
#11195 = CYLINDRICAL_SURFACE('',#11196,0.2);
#11196 = AXIS2_PLACEMENT_3D('',#11197,#11198,#11199);
#11197 = CARTESIAN_POINT('',(96.,-144.5,-4.5E-02));
#11198 = DIRECTION('',(-0.,-0.,-1.));
#11199 = DIRECTION('',(-0.,-1.,0.));
#11200 = ADVANCED_FACE('',(#11201),#11212,.T.);
#11201 = FACE_BOUND('',#11202,.T.);
#11202 = EDGE_LOOP('',(#11203,#11204,#11205,#11206));
#11203 = ORIENTED_EDGE('',*,*,#7786,.T.);
#11204 = ORIENTED_EDGE('',*,*,#11190,.T.);
#11205 = ORIENTED_EDGE('',*,*,#9444,.F.);
#11206 = ORIENTED_EDGE('',*,*,#11207,.F.);
#11207 = EDGE_CURVE('',#7778,#9436,#11208,.T.);
#11208 = LINE('',#11209,#11210);
#11209 = CARTESIAN_POINT('',(95.,-144.3,-4.5E-02));
#11210 = VECTOR('',#11211,1.);
#11211 = DIRECTION('',(0.,0.,1.));
#11212 = PLANE('',#11213);
#11213 = AXIS2_PLACEMENT_3D('',#11214,#11215,#11216);
#11214 = CARTESIAN_POINT('',(96.,-144.3,-4.5E-02));
#11215 = DIRECTION('',(0.,-1.,0.));
#11216 = DIRECTION('',(-1.,0.,0.));
#11217 = ADVANCED_FACE('',(#11218),#11229,.F.);
#11218 = FACE_BOUND('',#11219,.T.);
#11219 = EDGE_LOOP('',(#11220,#11221,#11222,#11223));
#11220 = ORIENTED_EDGE('',*,*,#7777,.T.);
#11221 = ORIENTED_EDGE('',*,*,#11207,.T.);
#11222 = ORIENTED_EDGE('',*,*,#9435,.F.);
#11223 = ORIENTED_EDGE('',*,*,#11224,.F.);
#11224 = EDGE_CURVE('',#7770,#9428,#11225,.T.);
#11225 = LINE('',#11226,#11227);
#11226 = CARTESIAN_POINT('',(95.,-144.7,-4.5E-02));
#11227 = VECTOR('',#11228,1.);
#11228 = DIRECTION('',(0.,0.,1.));
#11229 = CYLINDRICAL_SURFACE('',#11230,0.2);
#11230 = AXIS2_PLACEMENT_3D('',#11231,#11232,#11233);
#11231 = CARTESIAN_POINT('',(95.,-144.5,-4.5E-02));
#11232 = DIRECTION('',(-0.,0.,-1.));
#11233 = DIRECTION('',(0.,1.,0.));
#11234 = ADVANCED_FACE('',(#11235),#11241,.T.);
#11235 = FACE_BOUND('',#11236,.T.);
#11236 = EDGE_LOOP('',(#11237,#11238,#11239,#11240));
#11237 = ORIENTED_EDGE('',*,*,#7769,.T.);
#11238 = ORIENTED_EDGE('',*,*,#11224,.T.);
#11239 = ORIENTED_EDGE('',*,*,#9427,.F.);
#11240 = ORIENTED_EDGE('',*,*,#11183,.F.);
#11241 = PLANE('',#11242);
#11242 = AXIS2_PLACEMENT_3D('',#11243,#11244,#11245);
#11243 = CARTESIAN_POINT('',(95.,-144.7,-4.5E-02));
#11244 = DIRECTION('',(0.,1.,0.));
#11245 = DIRECTION('',(1.,0.,0.));
#11246 = ADVANCED_FACE('',(#11247),#11258,.F.);
#11247 = FACE_BOUND('',#11248,.T.);
#11248 = EDGE_LOOP('',(#11249,#11250,#11256,#11257));
#11249 = ORIENTED_EDGE('',*,*,#7794,.T.);
#11250 = ORIENTED_EDGE('',*,*,#11251,.T.);
#11251 = EDGE_CURVE('',#7795,#9453,#11252,.T.);
#11252 = LINE('',#11253,#11254);
#11253 = CARTESIAN_POINT('',(100.5,-147.6,-4.5E-02));
#11254 = VECTOR('',#11255,1.);
#11255 = DIRECTION('',(0.,0.,1.));
#11256 = ORIENTED_EDGE('',*,*,#9452,.F.);
#11257 = ORIENTED_EDGE('',*,*,#11251,.F.);
#11258 = CYLINDRICAL_SURFACE('',#11259,0.6);
#11259 = AXIS2_PLACEMENT_3D('',#11260,#11261,#11262);
#11260 = CARTESIAN_POINT('',(100.5,-147.,-4.5E-02));
#11261 = DIRECTION('',(-0.,-0.,-1.));
#11262 = DIRECTION('',(-0.,-1.,0.));
#11263 = ADVANCED_FACE('',(#11264),#11275,.F.);
#11264 = FACE_BOUND('',#11265,.T.);
#11265 = EDGE_LOOP('',(#11266,#11267,#11273,#11274));
#11266 = ORIENTED_EDGE('',*,*,#7805,.T.);
#11267 = ORIENTED_EDGE('',*,*,#11268,.T.);
#11268 = EDGE_CURVE('',#7806,#9464,#11269,.T.);
#11269 = LINE('',#11270,#11271);
#11270 = CARTESIAN_POINT('',(100.5,-145.1,-4.5E-02));
#11271 = VECTOR('',#11272,1.);
#11272 = DIRECTION('',(0.,0.,1.));
#11273 = ORIENTED_EDGE('',*,*,#9463,.F.);
#11274 = ORIENTED_EDGE('',*,*,#11268,.F.);
#11275 = CYLINDRICAL_SURFACE('',#11276,0.6);
#11276 = AXIS2_PLACEMENT_3D('',#11277,#11278,#11279);
#11277 = CARTESIAN_POINT('',(100.5,-144.5,-4.5E-02));
#11278 = DIRECTION('',(-0.,-0.,-1.));
#11279 = DIRECTION('',(-0.,-1.,0.));
#11280 = ADVANCED_FACE('',(#11281),#11292,.F.);
#11281 = FACE_BOUND('',#11282,.T.);
#11282 = EDGE_LOOP('',(#11283,#11284,#11290,#11291));
#11283 = ORIENTED_EDGE('',*,*,#7816,.T.);
#11284 = ORIENTED_EDGE('',*,*,#11285,.T.);
#11285 = EDGE_CURVE('',#7817,#9475,#11286,.T.);
#11286 = LINE('',#11287,#11288);
#11287 = CARTESIAN_POINT('',(108.66,-146.5,-4.5E-02));
#11288 = VECTOR('',#11289,1.);
#11289 = DIRECTION('',(0.,0.,1.));
#11290 = ORIENTED_EDGE('',*,*,#9474,.F.);
#11291 = ORIENTED_EDGE('',*,*,#11285,.F.);
#11292 = CYLINDRICAL_SURFACE('',#11293,1.5);
#11293 = AXIS2_PLACEMENT_3D('',#11294,#11295,#11296);
#11294 = CARTESIAN_POINT('',(108.66,-145.,-4.5E-02));
#11295 = DIRECTION('',(-0.,-0.,-1.));
#11296 = DIRECTION('',(-0.,-1.,0.));
#11297 = ADVANCED_FACE('',(#11298),#11314,.F.);
#11298 = FACE_BOUND('',#11299,.T.);
#11299 = EDGE_LOOP('',(#11300,#11301,#11307,#11308));
#11300 = ORIENTED_EDGE('',*,*,#7827,.T.);
#11301 = ORIENTED_EDGE('',*,*,#11302,.T.);
#11302 = EDGE_CURVE('',#7830,#9488,#11303,.T.);
#11303 = LINE('',#11304,#11305);
#11304 = CARTESIAN_POINT('',(75.3,-140.,-4.5E-02));
#11305 = VECTOR('',#11306,1.);
#11306 = DIRECTION('',(0.,0.,1.));
#11307 = ORIENTED_EDGE('',*,*,#9485,.F.);
#11308 = ORIENTED_EDGE('',*,*,#11309,.F.);
#11309 = EDGE_CURVE('',#7828,#9486,#11310,.T.);
#11310 = LINE('',#11311,#11312);
#11311 = CARTESIAN_POINT('',(75.7,-140.,-4.5E-02));
#11312 = VECTOR('',#11313,1.);
#11313 = DIRECTION('',(0.,0.,1.));
#11314 = CYLINDRICAL_SURFACE('',#11315,0.2);
#11315 = AXIS2_PLACEMENT_3D('',#11316,#11317,#11318);
#11316 = CARTESIAN_POINT('',(75.5,-140.,-4.5E-02));
#11317 = DIRECTION('',(-0.,-0.,-1.));
#11318 = DIRECTION('',(-1.,0.,-0.));
#11319 = ADVANCED_FACE('',(#11320),#11331,.T.);
#11320 = FACE_BOUND('',#11321,.T.);
#11321 = EDGE_LOOP('',(#11322,#11323,#11324,#11325));
#11322 = ORIENTED_EDGE('',*,*,#7855,.T.);
#11323 = ORIENTED_EDGE('',*,*,#11309,.T.);
#11324 = ORIENTED_EDGE('',*,*,#9513,.F.);
#11325 = ORIENTED_EDGE('',*,*,#11326,.F.);
#11326 = EDGE_CURVE('',#7847,#9505,#11327,.T.);
#11327 = LINE('',#11328,#11329);
#11328 = CARTESIAN_POINT('',(75.7,-139.,-4.5E-02));
#11329 = VECTOR('',#11330,1.);
#11330 = DIRECTION('',(0.,0.,1.));
#11331 = PLANE('',#11332);
#11332 = AXIS2_PLACEMENT_3D('',#11333,#11334,#11335);
#11333 = CARTESIAN_POINT('',(75.7,-140.,-4.5E-02));
#11334 = DIRECTION('',(-1.,0.,0.));
#11335 = DIRECTION('',(0.,1.,0.));
#11336 = ADVANCED_FACE('',(#11337),#11348,.F.);
#11337 = FACE_BOUND('',#11338,.T.);
#11338 = EDGE_LOOP('',(#11339,#11340,#11341,#11342));
#11339 = ORIENTED_EDGE('',*,*,#7846,.T.);
#11340 = ORIENTED_EDGE('',*,*,#11326,.T.);
#11341 = ORIENTED_EDGE('',*,*,#9504,.F.);
#11342 = ORIENTED_EDGE('',*,*,#11343,.F.);
#11343 = EDGE_CURVE('',#7839,#9497,#11344,.T.);
#11344 = LINE('',#11345,#11346);
#11345 = CARTESIAN_POINT('',(75.3,-139.,-4.5E-02));
#11346 = VECTOR('',#11347,1.);
#11347 = DIRECTION('',(0.,0.,1.));
#11348 = CYLINDRICAL_SURFACE('',#11349,0.2);
#11349 = AXIS2_PLACEMENT_3D('',#11350,#11351,#11352);
#11350 = CARTESIAN_POINT('',(75.5,-139.,-4.5E-02));
#11351 = DIRECTION('',(-0.,-0.,-1.));
#11352 = DIRECTION('',(1.,0.,-0.));
#11353 = ADVANCED_FACE('',(#11354),#11360,.T.);
#11354 = FACE_BOUND('',#11355,.T.);
#11355 = EDGE_LOOP('',(#11356,#11357,#11358,#11359));
#11356 = ORIENTED_EDGE('',*,*,#7838,.T.);
#11357 = ORIENTED_EDGE('',*,*,#11343,.T.);
#11358 = ORIENTED_EDGE('',*,*,#9496,.F.);
#11359 = ORIENTED_EDGE('',*,*,#11302,.F.);
#11360 = PLANE('',#11361);
#11361 = AXIS2_PLACEMENT_3D('',#11362,#11363,#11364);
#11362 = CARTESIAN_POINT('',(75.3,-139.,-4.5E-02));
#11363 = DIRECTION('',(1.,0.,-0.));
#11364 = DIRECTION('',(0.,-1.,0.));
#11365 = ADVANCED_FACE('',(#11366),#11377,.F.);
#11366 = FACE_BOUND('',#11367,.T.);
#11367 = EDGE_LOOP('',(#11368,#11369,#11375,#11376));
#11368 = ORIENTED_EDGE('',*,*,#7863,.T.);
#11369 = ORIENTED_EDGE('',*,*,#11370,.T.);
#11370 = EDGE_CURVE('',#7864,#9522,#11371,.T.);
#11371 = LINE('',#11372,#11373);
#11372 = CARTESIAN_POINT('',(80.5,-140.1,-4.5E-02));
#11373 = VECTOR('',#11374,1.);
#11374 = DIRECTION('',(0.,0.,1.));
#11375 = ORIENTED_EDGE('',*,*,#9521,.F.);
#11376 = ORIENTED_EDGE('',*,*,#11370,.F.);
#11377 = CYLINDRICAL_SURFACE('',#11378,0.6);
#11378 = AXIS2_PLACEMENT_3D('',#11379,#11380,#11381);
#11379 = CARTESIAN_POINT('',(80.5,-139.5,-4.5E-02));
#11380 = DIRECTION('',(-0.,-0.,-1.));
#11381 = DIRECTION('',(-0.,-1.,0.));
#11382 = ADVANCED_FACE('',(#11383),#11399,.F.);
#11383 = FACE_BOUND('',#11384,.T.);
#11384 = EDGE_LOOP('',(#11385,#11386,#11392,#11393));
#11385 = ORIENTED_EDGE('',*,*,#7874,.T.);
#11386 = ORIENTED_EDGE('',*,*,#11387,.T.);
#11387 = EDGE_CURVE('',#7877,#9535,#11388,.T.);
#11388 = LINE('',#11389,#11390);
#11389 = CARTESIAN_POINT('',(85.7,-139.,-4.5E-02));
#11390 = VECTOR('',#11391,1.);
#11391 = DIRECTION('',(0.,0.,1.));
#11392 = ORIENTED_EDGE('',*,*,#9532,.F.);
#11393 = ORIENTED_EDGE('',*,*,#11394,.F.);
#11394 = EDGE_CURVE('',#7875,#9533,#11395,.T.);
#11395 = LINE('',#11396,#11397);
#11396 = CARTESIAN_POINT('',(85.3,-139.,-4.5E-02));
#11397 = VECTOR('',#11398,1.);
#11398 = DIRECTION('',(0.,0.,1.));
#11399 = CYLINDRICAL_SURFACE('',#11400,0.2);
#11400 = AXIS2_PLACEMENT_3D('',#11401,#11402,#11403);
#11401 = CARTESIAN_POINT('',(85.5,-139.,-4.5E-02));
#11402 = DIRECTION('',(-0.,-0.,-1.));
#11403 = DIRECTION('',(1.,0.,-0.));
#11404 = ADVANCED_FACE('',(#11405),#11416,.T.);
#11405 = FACE_BOUND('',#11406,.T.);
#11406 = EDGE_LOOP('',(#11407,#11408,#11409,#11410));
#11407 = ORIENTED_EDGE('',*,*,#7902,.T.);
#11408 = ORIENTED_EDGE('',*,*,#11394,.T.);
#11409 = ORIENTED_EDGE('',*,*,#9560,.F.);
#11410 = ORIENTED_EDGE('',*,*,#11411,.F.);
#11411 = EDGE_CURVE('',#7894,#9552,#11412,.T.);
#11412 = LINE('',#11413,#11414);
#11413 = CARTESIAN_POINT('',(85.3,-140.,-4.5E-02));
#11414 = VECTOR('',#11415,1.);
#11415 = DIRECTION('',(0.,0.,1.));
#11416 = PLANE('',#11417);
#11417 = AXIS2_PLACEMENT_3D('',#11418,#11419,#11420);
#11418 = CARTESIAN_POINT('',(85.3,-139.,-4.5E-02));
#11419 = DIRECTION('',(1.,0.,-0.));
#11420 = DIRECTION('',(0.,-1.,0.));
#11421 = ADVANCED_FACE('',(#11422),#11433,.F.);
#11422 = FACE_BOUND('',#11423,.T.);
#11423 = EDGE_LOOP('',(#11424,#11425,#11426,#11427));
#11424 = ORIENTED_EDGE('',*,*,#7893,.T.);
#11425 = ORIENTED_EDGE('',*,*,#11411,.T.);
#11426 = ORIENTED_EDGE('',*,*,#9551,.F.);
#11427 = ORIENTED_EDGE('',*,*,#11428,.F.);
#11428 = EDGE_CURVE('',#7886,#9544,#11429,.T.);
#11429 = LINE('',#11430,#11431);
#11430 = CARTESIAN_POINT('',(85.7,-140.,-4.5E-02));
#11431 = VECTOR('',#11432,1.);
#11432 = DIRECTION('',(0.,0.,1.));
#11433 = CYLINDRICAL_SURFACE('',#11434,0.2);
#11434 = AXIS2_PLACEMENT_3D('',#11435,#11436,#11437);
#11435 = CARTESIAN_POINT('',(85.5,-140.,-4.5E-02));
#11436 = DIRECTION('',(-0.,-0.,-1.));
#11437 = DIRECTION('',(-1.,0.,-0.));
#11438 = ADVANCED_FACE('',(#11439),#11445,.T.);
#11439 = FACE_BOUND('',#11440,.T.);
#11440 = EDGE_LOOP('',(#11441,#11442,#11443,#11444));
#11441 = ORIENTED_EDGE('',*,*,#7885,.T.);
#11442 = ORIENTED_EDGE('',*,*,#11428,.T.);
#11443 = ORIENTED_EDGE('',*,*,#9543,.F.);
#11444 = ORIENTED_EDGE('',*,*,#11387,.F.);
#11445 = PLANE('',#11446);
#11446 = AXIS2_PLACEMENT_3D('',#11447,#11448,#11449);
#11447 = CARTESIAN_POINT('',(85.7,-140.,-4.5E-02));
#11448 = DIRECTION('',(-1.,0.,0.));
#11449 = DIRECTION('',(0.,1.,0.));
#11450 = ADVANCED_FACE('',(#11451),#11467,.F.);
#11451 = FACE_BOUND('',#11452,.T.);
#11452 = EDGE_LOOP('',(#11453,#11454,#11460,#11461));
#11453 = ORIENTED_EDGE('',*,*,#7910,.T.);
#11454 = ORIENTED_EDGE('',*,*,#11455,.T.);
#11455 = EDGE_CURVE('',#7913,#9571,#11456,.T.);
#11456 = LINE('',#11457,#11458);
#11457 = CARTESIAN_POINT('',(90.3,-140.,-4.5E-02));
#11458 = VECTOR('',#11459,1.);
#11459 = DIRECTION('',(0.,0.,1.));
#11460 = ORIENTED_EDGE('',*,*,#9568,.F.);
#11461 = ORIENTED_EDGE('',*,*,#11462,.F.);
#11462 = EDGE_CURVE('',#7911,#9569,#11463,.T.);
#11463 = LINE('',#11464,#11465);
#11464 = CARTESIAN_POINT('',(90.7,-140.,-4.5E-02));
#11465 = VECTOR('',#11466,1.);
#11466 = DIRECTION('',(0.,0.,1.));
#11467 = CYLINDRICAL_SURFACE('',#11468,0.2);
#11468 = AXIS2_PLACEMENT_3D('',#11469,#11470,#11471);
#11469 = CARTESIAN_POINT('',(90.5,-140.,-4.5E-02));
#11470 = DIRECTION('',(-0.,-0.,-1.));
#11471 = DIRECTION('',(-1.,0.,-0.));
#11472 = ADVANCED_FACE('',(#11473),#11484,.T.);
#11473 = FACE_BOUND('',#11474,.T.);
#11474 = EDGE_LOOP('',(#11475,#11476,#11477,#11478));
#11475 = ORIENTED_EDGE('',*,*,#7938,.T.);
#11476 = ORIENTED_EDGE('',*,*,#11462,.T.);
#11477 = ORIENTED_EDGE('',*,*,#9596,.F.);
#11478 = ORIENTED_EDGE('',*,*,#11479,.F.);
#11479 = EDGE_CURVE('',#7930,#9588,#11480,.T.);
#11480 = LINE('',#11481,#11482);
#11481 = CARTESIAN_POINT('',(90.7,-139.,-4.5E-02));
#11482 = VECTOR('',#11483,1.);
#11483 = DIRECTION('',(0.,0.,1.));
#11484 = PLANE('',#11485);
#11485 = AXIS2_PLACEMENT_3D('',#11486,#11487,#11488);
#11486 = CARTESIAN_POINT('',(90.7,-140.,-4.5E-02));
#11487 = DIRECTION('',(-1.,0.,0.));
#11488 = DIRECTION('',(0.,1.,0.));
#11489 = ADVANCED_FACE('',(#11490),#11501,.F.);
#11490 = FACE_BOUND('',#11491,.T.);
#11491 = EDGE_LOOP('',(#11492,#11493,#11494,#11495));
#11492 = ORIENTED_EDGE('',*,*,#7929,.T.);
#11493 = ORIENTED_EDGE('',*,*,#11479,.T.);
#11494 = ORIENTED_EDGE('',*,*,#9587,.F.);
#11495 = ORIENTED_EDGE('',*,*,#11496,.F.);
#11496 = EDGE_CURVE('',#7922,#9580,#11497,.T.);
#11497 = LINE('',#11498,#11499);
#11498 = CARTESIAN_POINT('',(90.3,-139.,-4.5E-02));
#11499 = VECTOR('',#11500,1.);
#11500 = DIRECTION('',(0.,0.,1.));
#11501 = CYLINDRICAL_SURFACE('',#11502,0.2);
#11502 = AXIS2_PLACEMENT_3D('',#11503,#11504,#11505);
#11503 = CARTESIAN_POINT('',(90.5,-139.,-4.5E-02));
#11504 = DIRECTION('',(-0.,-0.,-1.));
#11505 = DIRECTION('',(1.,0.,-0.));
#11506 = ADVANCED_FACE('',(#11507),#11513,.T.);
#11507 = FACE_BOUND('',#11508,.T.);
#11508 = EDGE_LOOP('',(#11509,#11510,#11511,#11512));
#11509 = ORIENTED_EDGE('',*,*,#7921,.T.);
#11510 = ORIENTED_EDGE('',*,*,#11496,.T.);
#11511 = ORIENTED_EDGE('',*,*,#9579,.F.);
#11512 = ORIENTED_EDGE('',*,*,#11455,.F.);
#11513 = PLANE('',#11514);
#11514 = AXIS2_PLACEMENT_3D('',#11515,#11516,#11517);
#11515 = CARTESIAN_POINT('',(90.3,-139.,-4.5E-02));
#11516 = DIRECTION('',(1.,0.,-0.));
#11517 = DIRECTION('',(0.,-1.,0.));
#11518 = ADVANCED_FACE('',(#11519),#11530,.F.);
#11519 = FACE_BOUND('',#11520,.T.);
#11520 = EDGE_LOOP('',(#11521,#11522,#11528,#11529));
#11521 = ORIENTED_EDGE('',*,*,#7946,.T.);
#11522 = ORIENTED_EDGE('',*,*,#11523,.T.);
#11523 = EDGE_CURVE('',#7947,#9605,#11524,.T.);
#11524 = LINE('',#11525,#11526);
#11525 = CARTESIAN_POINT('',(95.5,-140.1,-4.5E-02));
#11526 = VECTOR('',#11527,1.);
#11527 = DIRECTION('',(0.,0.,1.));
#11528 = ORIENTED_EDGE('',*,*,#9604,.F.);
#11529 = ORIENTED_EDGE('',*,*,#11523,.F.);
#11530 = CYLINDRICAL_SURFACE('',#11531,0.6);
#11531 = AXIS2_PLACEMENT_3D('',#11532,#11533,#11534);
#11532 = CARTESIAN_POINT('',(95.5,-139.5,-4.5E-02));
#11533 = DIRECTION('',(-0.,-0.,-1.));
#11534 = DIRECTION('',(-0.,-1.,0.));
#11535 = ADVANCED_FACE('',(#11536),#11552,.F.);
#11536 = FACE_BOUND('',#11537,.T.);
#11537 = EDGE_LOOP('',(#11538,#11539,#11545,#11546));
#11538 = ORIENTED_EDGE('',*,*,#7957,.T.);
#11539 = ORIENTED_EDGE('',*,*,#11540,.T.);
#11540 = EDGE_CURVE('',#7960,#9618,#11541,.T.);
#11541 = LINE('',#11542,#11543);
#11542 = CARTESIAN_POINT('',(100.7,-139.,-4.5E-02));
#11543 = VECTOR('',#11544,1.);
#11544 = DIRECTION('',(0.,0.,1.));
#11545 = ORIENTED_EDGE('',*,*,#9615,.F.);
#11546 = ORIENTED_EDGE('',*,*,#11547,.F.);
#11547 = EDGE_CURVE('',#7958,#9616,#11548,.T.);
#11548 = LINE('',#11549,#11550);
#11549 = CARTESIAN_POINT('',(100.3,-139.,-4.5E-02));
#11550 = VECTOR('',#11551,1.);
#11551 = DIRECTION('',(0.,0.,1.));
#11552 = CYLINDRICAL_SURFACE('',#11553,0.2);
#11553 = AXIS2_PLACEMENT_3D('',#11554,#11555,#11556);
#11554 = CARTESIAN_POINT('',(100.5,-139.,-4.5E-02));
#11555 = DIRECTION('',(-0.,-0.,-1.));
#11556 = DIRECTION('',(1.,0.,-0.));
#11557 = ADVANCED_FACE('',(#11558),#11569,.T.);
#11558 = FACE_BOUND('',#11559,.T.);
#11559 = EDGE_LOOP('',(#11560,#11561,#11562,#11563));
#11560 = ORIENTED_EDGE('',*,*,#7985,.T.);
#11561 = ORIENTED_EDGE('',*,*,#11547,.T.);
#11562 = ORIENTED_EDGE('',*,*,#9643,.F.);
#11563 = ORIENTED_EDGE('',*,*,#11564,.F.);
#11564 = EDGE_CURVE('',#7977,#9635,#11565,.T.);
#11565 = LINE('',#11566,#11567);
#11566 = CARTESIAN_POINT('',(100.3,-140.,-4.5E-02));
#11567 = VECTOR('',#11568,1.);
#11568 = DIRECTION('',(0.,0.,1.));
#11569 = PLANE('',#11570);
#11570 = AXIS2_PLACEMENT_3D('',#11571,#11572,#11573);
#11571 = CARTESIAN_POINT('',(100.3,-139.,-4.5E-02));
#11572 = DIRECTION('',(1.,0.,-0.));
#11573 = DIRECTION('',(0.,-1.,0.));
#11574 = ADVANCED_FACE('',(#11575),#11586,.F.);
#11575 = FACE_BOUND('',#11576,.T.);
#11576 = EDGE_LOOP('',(#11577,#11578,#11579,#11580));
#11577 = ORIENTED_EDGE('',*,*,#7976,.T.);
#11578 = ORIENTED_EDGE('',*,*,#11564,.T.);
#11579 = ORIENTED_EDGE('',*,*,#9634,.F.);
#11580 = ORIENTED_EDGE('',*,*,#11581,.F.);
#11581 = EDGE_CURVE('',#7969,#9627,#11582,.T.);
#11582 = LINE('',#11583,#11584);
#11583 = CARTESIAN_POINT('',(100.7,-140.,-4.5E-02));
#11584 = VECTOR('',#11585,1.);
#11585 = DIRECTION('',(0.,0.,1.));
#11586 = CYLINDRICAL_SURFACE('',#11587,0.2);
#11587 = AXIS2_PLACEMENT_3D('',#11588,#11589,#11590);
#11588 = CARTESIAN_POINT('',(100.5,-140.,-4.5E-02));
#11589 = DIRECTION('',(-0.,-0.,-1.));
#11590 = DIRECTION('',(-1.,0.,-0.));
#11591 = ADVANCED_FACE('',(#11592),#11598,.T.);
#11592 = FACE_BOUND('',#11593,.T.);
#11593 = EDGE_LOOP('',(#11594,#11595,#11596,#11597));
#11594 = ORIENTED_EDGE('',*,*,#7968,.T.);
#11595 = ORIENTED_EDGE('',*,*,#11581,.T.);
#11596 = ORIENTED_EDGE('',*,*,#9626,.F.);
#11597 = ORIENTED_EDGE('',*,*,#11540,.F.);
#11598 = PLANE('',#11599);
#11599 = AXIS2_PLACEMENT_3D('',#11600,#11601,#11602);
#11600 = CARTESIAN_POINT('',(100.7,-140.,-4.5E-02));
#11601 = DIRECTION('',(-1.,0.,0.));
#11602 = DIRECTION('',(0.,1.,0.));
#11603 = ADVANCED_FACE('',(#11604),#11615,.F.);
#11604 = FACE_BOUND('',#11605,.T.);
#11605 = EDGE_LOOP('',(#11606,#11607,#11613,#11614));
#11606 = ORIENTED_EDGE('',*,*,#7993,.T.);
#11607 = ORIENTED_EDGE('',*,*,#11608,.T.);
#11608 = EDGE_CURVE('',#7994,#9652,#11609,.T.);
#11609 = LINE('',#11610,#11611);
#11610 = CARTESIAN_POINT('',(75.5,-128.,-4.5E-02));
#11611 = VECTOR('',#11612,1.);
#11612 = DIRECTION('',(0.,0.,1.));
#11613 = ORIENTED_EDGE('',*,*,#9651,.F.);
#11614 = ORIENTED_EDGE('',*,*,#11608,.F.);
#11615 = CYLINDRICAL_SURFACE('',#11616,0.5);
#11616 = AXIS2_PLACEMENT_3D('',#11617,#11618,#11619);
#11617 = CARTESIAN_POINT('',(75.5,-127.5,-4.5E-02));
#11618 = DIRECTION('',(-0.,-0.,-1.));
#11619 = DIRECTION('',(-0.,-1.,0.));
#11620 = ADVANCED_FACE('',(#11621),#11632,.F.);
#11621 = FACE_BOUND('',#11622,.T.);
#11622 = EDGE_LOOP('',(#11623,#11624,#11630,#11631));
#11623 = ORIENTED_EDGE('',*,*,#8004,.T.);
#11624 = ORIENTED_EDGE('',*,*,#11625,.T.);
#11625 = EDGE_CURVE('',#8005,#9663,#11626,.T.);
#11626 = LINE('',#11627,#11628);
#11627 = CARTESIAN_POINT('',(75.5,-120.,-4.5E-02));
#11628 = VECTOR('',#11629,1.);
#11629 = DIRECTION('',(0.,0.,1.));
#11630 = ORIENTED_EDGE('',*,*,#9662,.F.);
#11631 = ORIENTED_EDGE('',*,*,#11625,.F.);
#11632 = CYLINDRICAL_SURFACE('',#11633,0.5);
#11633 = AXIS2_PLACEMENT_3D('',#11634,#11635,#11636);
#11634 = CARTESIAN_POINT('',(75.5,-119.5,-4.5E-02));
#11635 = DIRECTION('',(-0.,-0.,-1.));
#11636 = DIRECTION('',(-0.,-1.,0.));
#11637 = ADVANCED_FACE('',(#11638),#11649,.F.);
#11638 = FACE_BOUND('',#11639,.T.);
#11639 = EDGE_LOOP('',(#11640,#11641,#11647,#11648));
#11640 = ORIENTED_EDGE('',*,*,#8015,.T.);
#11641 = ORIENTED_EDGE('',*,*,#11642,.T.);
#11642 = EDGE_CURVE('',#8016,#9674,#11643,.T.);
#11643 = LINE('',#11644,#11645);
#11644 = CARTESIAN_POINT('',(83.5,-119.9,-4.5E-02));
#11645 = VECTOR('',#11646,1.);
#11646 = DIRECTION('',(0.,0.,1.));
#11647 = ORIENTED_EDGE('',*,*,#9673,.F.);
#11648 = ORIENTED_EDGE('',*,*,#11642,.F.);
#11649 = CYLINDRICAL_SURFACE('',#11650,0.4);
#11650 = AXIS2_PLACEMENT_3D('',#11651,#11652,#11653);
#11651 = CARTESIAN_POINT('',(83.5,-119.5,-4.5E-02));
#11652 = DIRECTION('',(-0.,-0.,-1.));
#11653 = DIRECTION('',(-0.,-1.,0.));
#11654 = ADVANCED_FACE('',(#11655),#11666,.F.);
#11655 = FACE_BOUND('',#11656,.T.);
#11656 = EDGE_LOOP('',(#11657,#11658,#11664,#11665));
#11657 = ORIENTED_EDGE('',*,*,#8026,.T.);
#11658 = ORIENTED_EDGE('',*,*,#11659,.T.);
#11659 = EDGE_CURVE('',#8027,#9685,#11660,.T.);
#11660 = LINE('',#11661,#11662);
#11661 = CARTESIAN_POINT('',(89.,-119.98,-4.5E-02));
#11662 = VECTOR('',#11663,1.);
#11663 = DIRECTION('',(0.,0.,1.));
#11664 = ORIENTED_EDGE('',*,*,#9684,.F.);
#11665 = ORIENTED_EDGE('',*,*,#11659,.F.);
#11666 = CYLINDRICAL_SURFACE('',#11667,0.4);
#11667 = AXIS2_PLACEMENT_3D('',#11668,#11669,#11670);
#11668 = CARTESIAN_POINT('',(89.,-119.58,-4.5E-02));
#11669 = DIRECTION('',(-0.,-0.,-1.));
#11670 = DIRECTION('',(-0.,-1.,0.));
#11671 = ADVANCED_FACE('',(#11672),#11683,.F.);
#11672 = FACE_BOUND('',#11673,.T.);
#11673 = EDGE_LOOP('',(#11674,#11675,#11681,#11682));
#11674 = ORIENTED_EDGE('',*,*,#8037,.T.);
#11675 = ORIENTED_EDGE('',*,*,#11676,.T.);
#11676 = EDGE_CURVE('',#8038,#9696,#11677,.T.);
#11677 = LINE('',#11678,#11679);
#11678 = CARTESIAN_POINT('',(75.5,-112.,-4.5E-02));
#11679 = VECTOR('',#11680,1.);
#11680 = DIRECTION('',(0.,0.,1.));
#11681 = ORIENTED_EDGE('',*,*,#9695,.F.);
#11682 = ORIENTED_EDGE('',*,*,#11676,.F.);
#11683 = CYLINDRICAL_SURFACE('',#11684,0.5);
#11684 = AXIS2_PLACEMENT_3D('',#11685,#11686,#11687);
#11685 = CARTESIAN_POINT('',(75.5,-111.5,-4.5E-02));
#11686 = DIRECTION('',(-0.,-0.,-1.));
#11687 = DIRECTION('',(-0.,-1.,0.));
#11688 = ADVANCED_FACE('',(#11689),#11700,.F.);
#11689 = FACE_BOUND('',#11690,.T.);
#11690 = EDGE_LOOP('',(#11691,#11692,#11698,#11699));
#11691 = ORIENTED_EDGE('',*,*,#8048,.T.);
#11692 = ORIENTED_EDGE('',*,*,#11693,.T.);
#11693 = EDGE_CURVE('',#8049,#9707,#11694,.T.);
#11694 = LINE('',#11695,#11696);
#11695 = CARTESIAN_POINT('',(83.5,-109.74,-4.5E-02));
#11696 = VECTOR('',#11697,1.);
#11697 = DIRECTION('',(0.,0.,1.));
#11698 = ORIENTED_EDGE('',*,*,#9706,.F.);
#11699 = ORIENTED_EDGE('',*,*,#11693,.F.);
#11700 = CYLINDRICAL_SURFACE('',#11701,0.4);
#11701 = AXIS2_PLACEMENT_3D('',#11702,#11703,#11704);
#11702 = CARTESIAN_POINT('',(83.5,-109.34,-4.5E-02));
#11703 = DIRECTION('',(-0.,-0.,-1.));
#11704 = DIRECTION('',(-0.,-1.,0.));
#11705 = ADVANCED_FACE('',(#11706),#11717,.F.);
#11706 = FACE_BOUND('',#11707,.T.);
#11707 = EDGE_LOOP('',(#11708,#11709,#11715,#11716));
#11708 = ORIENTED_EDGE('',*,*,#8059,.T.);
#11709 = ORIENTED_EDGE('',*,*,#11710,.T.);
#11710 = EDGE_CURVE('',#8060,#9718,#11711,.T.);
#11711 = LINE('',#11712,#11713);
#11712 = CARTESIAN_POINT('',(89.,-109.82,-4.5E-02));
#11713 = VECTOR('',#11714,1.);
#11714 = DIRECTION('',(0.,0.,1.));
#11715 = ORIENTED_EDGE('',*,*,#9717,.F.);
#11716 = ORIENTED_EDGE('',*,*,#11710,.F.);
#11717 = CYLINDRICAL_SURFACE('',#11718,0.4);
#11718 = AXIS2_PLACEMENT_3D('',#11719,#11720,#11721);
#11719 = CARTESIAN_POINT('',(89.,-109.42,-4.5E-02));
#11720 = DIRECTION('',(-0.,-0.,-1.));
#11721 = DIRECTION('',(-0.,-1.,0.));
#11722 = ADVANCED_FACE('',(#11723),#11734,.F.);
#11723 = FACE_BOUND('',#11724,.T.);
#11724 = EDGE_LOOP('',(#11725,#11726,#11732,#11733));
#11725 = ORIENTED_EDGE('',*,*,#8070,.T.);
#11726 = ORIENTED_EDGE('',*,*,#11727,.T.);
#11727 = EDGE_CURVE('',#8071,#9729,#11728,.T.);
#11728 = LINE('',#11729,#11730);
#11729 = CARTESIAN_POINT('',(111.16,-129.565,-4.5E-02));
#11730 = VECTOR('',#11731,1.);
#11731 = DIRECTION('',(0.,0.,1.));
#11732 = ORIENTED_EDGE('',*,*,#9728,.F.);
#11733 = ORIENTED_EDGE('',*,*,#11727,.F.);
#11734 = CYLINDRICAL_SURFACE('',#11735,0.5);
#11735 = AXIS2_PLACEMENT_3D('',#11736,#11737,#11738);
#11736 = CARTESIAN_POINT('',(111.16,-129.065,-4.5E-02));
#11737 = DIRECTION('',(-0.,-0.,-1.));
#11738 = DIRECTION('',(-0.,-1.,0.));
#11739 = ADVANCED_FACE('',(#11740),#11751,.F.);
#11740 = FACE_BOUND('',#11741,.T.);
#11741 = EDGE_LOOP('',(#11742,#11743,#11749,#11750));
#11742 = ORIENTED_EDGE('',*,*,#8081,.T.);
#11743 = ORIENTED_EDGE('',*,*,#11744,.T.);
#11744 = EDGE_CURVE('',#8082,#9740,#11745,.T.);
#11745 = LINE('',#11746,#11747);
#11746 = CARTESIAN_POINT('',(111.16,-127.025,-4.5E-02));
#11747 = VECTOR('',#11748,1.);
#11748 = DIRECTION('',(0.,0.,1.));
#11749 = ORIENTED_EDGE('',*,*,#9739,.F.);
#11750 = ORIENTED_EDGE('',*,*,#11744,.F.);
#11751 = CYLINDRICAL_SURFACE('',#11752,0.5);
#11752 = AXIS2_PLACEMENT_3D('',#11753,#11754,#11755);
#11753 = CARTESIAN_POINT('',(111.16,-126.525,-4.5E-02));
#11754 = DIRECTION('',(-0.,-0.,-1.));
#11755 = DIRECTION('',(-0.,-1.,0.));
#11756 = ADVANCED_FACE('',(#11757),#11768,.F.);
#11757 = FACE_BOUND('',#11758,.T.);
#11758 = EDGE_LOOP('',(#11759,#11760,#11766,#11767));
#11759 = ORIENTED_EDGE('',*,*,#8092,.T.);
#11760 = ORIENTED_EDGE('',*,*,#11761,.T.);
#11761 = EDGE_CURVE('',#8093,#9751,#11762,.T.);
#11762 = LINE('',#11763,#11764);
#11763 = CARTESIAN_POINT('',(111.16,-124.485,-4.5E-02));
#11764 = VECTOR('',#11765,1.);
#11765 = DIRECTION('',(0.,0.,1.));
#11766 = ORIENTED_EDGE('',*,*,#9750,.F.);
#11767 = ORIENTED_EDGE('',*,*,#11761,.F.);
#11768 = CYLINDRICAL_SURFACE('',#11769,0.5);
#11769 = AXIS2_PLACEMENT_3D('',#11770,#11771,#11772);
#11770 = CARTESIAN_POINT('',(111.16,-123.985,-4.5E-02));
#11771 = DIRECTION('',(-0.,-0.,-1.));
#11772 = DIRECTION('',(-0.,-1.,0.));
#11773 = ADVANCED_FACE('',(#11774),#11785,.F.);
#11774 = FACE_BOUND('',#11775,.T.);
#11775 = EDGE_LOOP('',(#11776,#11777,#11783,#11784));
#11776 = ORIENTED_EDGE('',*,*,#8103,.T.);
#11777 = ORIENTED_EDGE('',*,*,#11778,.T.);
#11778 = EDGE_CURVE('',#8104,#9762,#11779,.T.);
#11779 = LINE('',#11780,#11781);
#11780 = CARTESIAN_POINT('',(111.16,-121.945,-4.5E-02));
#11781 = VECTOR('',#11782,1.);
#11782 = DIRECTION('',(0.,0.,1.));
#11783 = ORIENTED_EDGE('',*,*,#9761,.F.);
#11784 = ORIENTED_EDGE('',*,*,#11778,.F.);
#11785 = CYLINDRICAL_SURFACE('',#11786,0.5);
#11786 = AXIS2_PLACEMENT_3D('',#11787,#11788,#11789);
#11787 = CARTESIAN_POINT('',(111.16,-121.445,-4.5E-02));
#11788 = DIRECTION('',(-0.,-0.,-1.));
#11789 = DIRECTION('',(-0.,-1.,0.));
#11790 = ADVANCED_FACE('',(#11791),#11802,.F.);
#11791 = FACE_BOUND('',#11792,.T.);
#11792 = EDGE_LOOP('',(#11793,#11794,#11800,#11801));
#11793 = ORIENTED_EDGE('',*,*,#8114,.T.);
#11794 = ORIENTED_EDGE('',*,*,#11795,.T.);
#11795 = EDGE_CURVE('',#8115,#9773,#11796,.T.);
#11796 = LINE('',#11797,#11798);
#11797 = CARTESIAN_POINT('',(111.16,-119.405,-4.5E-02));
#11798 = VECTOR('',#11799,1.);
#11799 = DIRECTION('',(0.,0.,1.));
#11800 = ORIENTED_EDGE('',*,*,#9772,.F.);
#11801 = ORIENTED_EDGE('',*,*,#11795,.F.);
#11802 = CYLINDRICAL_SURFACE('',#11803,0.5);
#11803 = AXIS2_PLACEMENT_3D('',#11804,#11805,#11806);
#11804 = CARTESIAN_POINT('',(111.16,-118.905,-4.5E-02));
#11805 = DIRECTION('',(-0.,-0.,-1.));
#11806 = DIRECTION('',(-0.,-1.,0.));
#11807 = ADVANCED_FACE('',(#11808),#11819,.F.);
#11808 = FACE_BOUND('',#11809,.T.);
#11809 = EDGE_LOOP('',(#11810,#11811,#11817,#11818));
#11810 = ORIENTED_EDGE('',*,*,#8125,.T.);
#11811 = ORIENTED_EDGE('',*,*,#11812,.T.);
#11812 = EDGE_CURVE('',#8126,#9784,#11813,.T.);
#11813 = LINE('',#11814,#11815);
#11814 = CARTESIAN_POINT('',(111.16,-116.865,-4.5E-02));
#11815 = VECTOR('',#11816,1.);
#11816 = DIRECTION('',(0.,0.,1.));
#11817 = ORIENTED_EDGE('',*,*,#9783,.F.);
#11818 = ORIENTED_EDGE('',*,*,#11812,.F.);
#11819 = CYLINDRICAL_SURFACE('',#11820,0.5);
#11820 = AXIS2_PLACEMENT_3D('',#11821,#11822,#11823);
#11821 = CARTESIAN_POINT('',(111.16,-116.365,-4.5E-02));
#11822 = DIRECTION('',(-0.,-0.,-1.));
#11823 = DIRECTION('',(-0.,-1.,0.));
#11824 = ADVANCED_FACE('',(#11825),#11836,.F.);
#11825 = FACE_BOUND('',#11826,.T.);
#11826 = EDGE_LOOP('',(#11827,#11828,#11834,#11835));
#11827 = ORIENTED_EDGE('',*,*,#8136,.T.);
#11828 = ORIENTED_EDGE('',*,*,#11829,.T.);
#11829 = EDGE_CURVE('',#8137,#9795,#11830,.T.);
#11830 = LINE('',#11831,#11832);
#11831 = CARTESIAN_POINT('',(111.16,-114.325,-4.5E-02));
#11832 = VECTOR('',#11833,1.);
#11833 = DIRECTION('',(0.,0.,1.));
#11834 = ORIENTED_EDGE('',*,*,#9794,.F.);
#11835 = ORIENTED_EDGE('',*,*,#11829,.F.);
#11836 = CYLINDRICAL_SURFACE('',#11837,0.5);
#11837 = AXIS2_PLACEMENT_3D('',#11838,#11839,#11840);
#11838 = CARTESIAN_POINT('',(111.16,-113.825,-4.5E-02));
#11839 = DIRECTION('',(-0.,-0.,-1.));
#11840 = DIRECTION('',(-0.,-1.,0.));
#11841 = ADVANCED_FACE('',(#11842),#11853,.F.);
#11842 = FACE_BOUND('',#11843,.T.);
#11843 = EDGE_LOOP('',(#11844,#11845,#11851,#11852));
#11844 = ORIENTED_EDGE('',*,*,#8147,.T.);
#11845 = ORIENTED_EDGE('',*,*,#11846,.T.);
#11846 = EDGE_CURVE('',#8148,#9806,#11847,.T.);
#11847 = LINE('',#11848,#11849);
#11848 = CARTESIAN_POINT('',(111.16,-111.785,-4.5E-02));
#11849 = VECTOR('',#11850,1.);
#11850 = DIRECTION('',(0.,0.,1.));
#11851 = ORIENTED_EDGE('',*,*,#9805,.F.);
#11852 = ORIENTED_EDGE('',*,*,#11846,.F.);
#11853 = CYLINDRICAL_SURFACE('',#11854,0.5);
#11854 = AXIS2_PLACEMENT_3D('',#11855,#11856,#11857);
#11855 = CARTESIAN_POINT('',(111.16,-111.285,-4.5E-02));
#11856 = DIRECTION('',(-0.,-0.,-1.));
#11857 = DIRECTION('',(-0.,-1.,0.));
#11858 = ADVANCED_FACE('',(#11859),#11870,.F.);
#11859 = FACE_BOUND('',#11860,.T.);
#11860 = EDGE_LOOP('',(#11861,#11862,#11868,#11869));
#11861 = ORIENTED_EDGE('',*,*,#8158,.T.);
#11862 = ORIENTED_EDGE('',*,*,#11863,.T.);
#11863 = EDGE_CURVE('',#8159,#9817,#11864,.T.);
#11864 = LINE('',#11865,#11866);
#11865 = CARTESIAN_POINT('',(111.16,-109.245,-4.5E-02));
#11866 = VECTOR('',#11867,1.);
#11867 = DIRECTION('',(0.,0.,1.));
#11868 = ORIENTED_EDGE('',*,*,#9816,.F.);
#11869 = ORIENTED_EDGE('',*,*,#11863,.F.);
#11870 = CYLINDRICAL_SURFACE('',#11871,0.5);
#11871 = AXIS2_PLACEMENT_3D('',#11872,#11873,#11874);
#11872 = CARTESIAN_POINT('',(111.16,-108.745,-4.5E-02));
#11873 = DIRECTION('',(-0.,-0.,-1.));
#11874 = DIRECTION('',(-0.,-1.,0.));
#11875 = ADVANCED_FACE('',(#11876),#11887,.F.);
#11876 = FACE_BOUND('',#11877,.T.);
#11877 = EDGE_LOOP('',(#11878,#11879,#11885,#11886));
#11878 = ORIENTED_EDGE('',*,*,#8169,.T.);
#11879 = ORIENTED_EDGE('',*,*,#11880,.T.);
#11880 = EDGE_CURVE('',#8170,#9828,#11881,.T.);
#11881 = LINE('',#11882,#11883);
#11882 = CARTESIAN_POINT('',(196.5,-146.5,-4.5E-02));
#11883 = VECTOR('',#11884,1.);
#11884 = DIRECTION('',(0.,0.,1.));
#11885 = ORIENTED_EDGE('',*,*,#9827,.F.);
#11886 = ORIENTED_EDGE('',*,*,#11880,.F.);
#11887 = CYLINDRICAL_SURFACE('',#11888,1.5);
#11888 = AXIS2_PLACEMENT_3D('',#11889,#11890,#11891);
#11889 = CARTESIAN_POINT('',(196.5,-145.,-4.5E-02));
#11890 = DIRECTION('',(-0.,-0.,-1.));
#11891 = DIRECTION('',(-0.,-1.,0.));
#11892 = ADVANCED_FACE('',(#11893),#11904,.F.);
#11893 = FACE_BOUND('',#11894,.T.);
#11894 = EDGE_LOOP('',(#11895,#11896,#11902,#11903));
#11895 = ORIENTED_EDGE('',*,*,#8180,.T.);
#11896 = ORIENTED_EDGE('',*,*,#11897,.T.);
#11897 = EDGE_CURVE('',#8181,#9839,#11898,.T.);
#11898 = LINE('',#11899,#11900);
#11899 = CARTESIAN_POINT('',(227.5,-154.6,-4.5E-02));
#11900 = VECTOR('',#11901,1.);
#11901 = DIRECTION('',(0.,0.,1.));
#11902 = ORIENTED_EDGE('',*,*,#9838,.F.);
#11903 = ORIENTED_EDGE('',*,*,#11897,.F.);
#11904 = CYLINDRICAL_SURFACE('',#11905,1.1);
#11905 = AXIS2_PLACEMENT_3D('',#11906,#11907,#11908);
#11906 = CARTESIAN_POINT('',(227.5,-153.5,-4.5E-02));
#11907 = DIRECTION('',(-0.,-0.,-1.));
#11908 = DIRECTION('',(-0.,-1.,0.));
#11909 = ADVANCED_FACE('',(#11910),#11921,.F.);
#11910 = FACE_BOUND('',#11911,.T.);
#11911 = EDGE_LOOP('',(#11912,#11913,#11919,#11920));
#11912 = ORIENTED_EDGE('',*,*,#8191,.T.);
#11913 = ORIENTED_EDGE('',*,*,#11914,.T.);
#11914 = EDGE_CURVE('',#8192,#9850,#11915,.T.);
#11915 = LINE('',#11916,#11917);
#11916 = CARTESIAN_POINT('',(213.,-146.48,-4.5E-02));
#11917 = VECTOR('',#11918,1.);
#11918 = DIRECTION('',(0.,0.,1.));
#11919 = ORIENTED_EDGE('',*,*,#9849,.F.);
#11920 = ORIENTED_EDGE('',*,*,#11914,.F.);
#11921 = CYLINDRICAL_SURFACE('',#11922,0.4);
#11922 = AXIS2_PLACEMENT_3D('',#11923,#11924,#11925);
#11923 = CARTESIAN_POINT('',(213.,-146.08,-4.5E-02));
#11924 = DIRECTION('',(-0.,-0.,-1.));
#11925 = DIRECTION('',(-0.,-1.,0.));
#11926 = ADVANCED_FACE('',(#11927),#11938,.F.);
#11927 = FACE_BOUND('',#11928,.T.);
#11928 = EDGE_LOOP('',(#11929,#11930,#11936,#11937));
#11929 = ORIENTED_EDGE('',*,*,#8202,.T.);
#11930 = ORIENTED_EDGE('',*,*,#11931,.T.);
#11931 = EDGE_CURVE('',#8203,#9861,#11932,.T.);
#11932 = LINE('',#11933,#11934);
#11933 = CARTESIAN_POINT('',(220.,-144.980002,-4.5E-02));
#11934 = VECTOR('',#11935,1.);
#11935 = DIRECTION('',(0.,0.,1.));
#11936 = ORIENTED_EDGE('',*,*,#9860,.F.);
#11937 = ORIENTED_EDGE('',*,*,#11931,.F.);
#11938 = CYLINDRICAL_SURFACE('',#11939,0.5);
#11939 = AXIS2_PLACEMENT_3D('',#11940,#11941,#11942);
#11940 = CARTESIAN_POINT('',(220.,-144.480002,-4.5E-02));
#11941 = DIRECTION('',(-0.,-0.,-1.));
#11942 = DIRECTION('',(-0.,-1.,0.));
#11943 = ADVANCED_FACE('',(#11944),#11955,.F.);
#11944 = FACE_BOUND('',#11945,.T.);
#11945 = EDGE_LOOP('',(#11946,#11947,#11953,#11954));
#11946 = ORIENTED_EDGE('',*,*,#8213,.T.);
#11947 = ORIENTED_EDGE('',*,*,#11948,.T.);
#11948 = EDGE_CURVE('',#8214,#9872,#11949,.T.);
#11949 = LINE('',#11950,#11951);
#11950 = CARTESIAN_POINT('',(213.,-136.32,-4.5E-02));
#11951 = VECTOR('',#11952,1.);
#11952 = DIRECTION('',(0.,0.,1.));
#11953 = ORIENTED_EDGE('',*,*,#9871,.F.);
#11954 = ORIENTED_EDGE('',*,*,#11948,.F.);
#11955 = CYLINDRICAL_SURFACE('',#11956,0.4);
#11956 = AXIS2_PLACEMENT_3D('',#11957,#11958,#11959);
#11957 = CARTESIAN_POINT('',(213.,-135.92,-4.5E-02));
#11958 = DIRECTION('',(-0.,-0.,-1.));
#11959 = DIRECTION('',(-0.,-1.,0.));
#11960 = ADVANCED_FACE('',(#11961),#11972,.F.);
#11961 = FACE_BOUND('',#11962,.T.);
#11962 = EDGE_LOOP('',(#11963,#11964,#11970,#11971));
#11963 = ORIENTED_EDGE('',*,*,#8224,.T.);
#11964 = ORIENTED_EDGE('',*,*,#11965,.T.);
#11965 = EDGE_CURVE('',#8225,#9883,#11966,.T.);
#11966 = LINE('',#11967,#11968);
#11967 = CARTESIAN_POINT('',(220.,-136.980002,-4.5E-02));
#11968 = VECTOR('',#11969,1.);
#11969 = DIRECTION('',(0.,0.,1.));
#11970 = ORIENTED_EDGE('',*,*,#9882,.F.);
#11971 = ORIENTED_EDGE('',*,*,#11965,.F.);
#11972 = CYLINDRICAL_SURFACE('',#11973,0.5);
#11973 = AXIS2_PLACEMENT_3D('',#11974,#11975,#11976);
#11974 = CARTESIAN_POINT('',(220.,-136.480002,-4.5E-02));
#11975 = DIRECTION('',(-0.,-0.,-1.));
#11976 = DIRECTION('',(-0.,-1.,0.));
#11977 = ADVANCED_FACE('',(#11978),#11989,.F.);
#11978 = FACE_BOUND('',#11979,.T.);
#11979 = EDGE_LOOP('',(#11980,#11981,#11987,#11988));
#11980 = ORIENTED_EDGE('',*,*,#8235,.T.);
#11981 = ORIENTED_EDGE('',*,*,#11982,.T.);
#11982 = EDGE_CURVE('',#8236,#9894,#11983,.T.);
#11983 = LINE('',#11984,#11985);
#11984 = CARTESIAN_POINT('',(222.5,-124.56,-4.5E-02));
#11985 = VECTOR('',#11986,1.);
#11986 = DIRECTION('',(0.,0.,1.));
#11987 = ORIENTED_EDGE('',*,*,#9893,.F.);
#11988 = ORIENTED_EDGE('',*,*,#11982,.F.);
#11989 = CYLINDRICAL_SURFACE('',#11990,0.4);
#11990 = AXIS2_PLACEMENT_3D('',#11991,#11992,#11993);
#11991 = CARTESIAN_POINT('',(222.5,-124.16,-4.5E-02));
#11992 = DIRECTION('',(-0.,-0.,-1.));
#11993 = DIRECTION('',(-0.,-1.,0.));
#11994 = ADVANCED_FACE('',(#11995),#12006,.F.);
#11995 = FACE_BOUND('',#11996,.T.);
#11996 = EDGE_LOOP('',(#11997,#11998,#12004,#12005));
#11997 = ORIENTED_EDGE('',*,*,#8246,.T.);
#11998 = ORIENTED_EDGE('',*,*,#11999,.T.);
#11999 = EDGE_CURVE('',#8247,#9905,#12000,.T.);
#12000 = LINE('',#12001,#12002);
#12001 = CARTESIAN_POINT('',(204.2375,-119.65,-4.5E-02));
#12002 = VECTOR('',#12003,1.);
#12003 = DIRECTION('',(0.,0.,1.));
#12004 = ORIENTED_EDGE('',*,*,#9904,.F.);
#12005 = ORIENTED_EDGE('',*,*,#11999,.F.);
#12006 = CYLINDRICAL_SURFACE('',#12007,0.65);
#12007 = AXIS2_PLACEMENT_3D('',#12008,#12009,#12010);
#12008 = CARTESIAN_POINT('',(204.2375,-119.,-4.5E-02));
#12009 = DIRECTION('',(-0.,-0.,-1.));
#12010 = DIRECTION('',(-0.,-1.,0.));
#12011 = ADVANCED_FACE('',(#12012),#12023,.F.);
#12012 = FACE_BOUND('',#12013,.T.);
#12013 = EDGE_LOOP('',(#12014,#12015,#12021,#12022));
#12014 = ORIENTED_EDGE('',*,*,#8257,.T.);
#12015 = ORIENTED_EDGE('',*,*,#12016,.T.);
#12016 = EDGE_CURVE('',#8258,#9916,#12017,.T.);
#12017 = LINE('',#12018,#12019);
#12018 = CARTESIAN_POINT('',(204.2375,-114.65,-4.5E-02));
#12019 = VECTOR('',#12020,1.);
#12020 = DIRECTION('',(0.,0.,1.));
#12021 = ORIENTED_EDGE('',*,*,#9915,.F.);
#12022 = ORIENTED_EDGE('',*,*,#12016,.F.);
#12023 = CYLINDRICAL_SURFACE('',#12024,0.65);
#12024 = AXIS2_PLACEMENT_3D('',#12025,#12026,#12027);
#12025 = CARTESIAN_POINT('',(204.2375,-114.,-4.5E-02));
#12026 = DIRECTION('',(-0.,-0.,-1.));
#12027 = DIRECTION('',(-0.,-1.,0.));
#12028 = ADVANCED_FACE('',(#12029),#12040,.F.);
#12029 = FACE_BOUND('',#12030,.T.);
#12030 = EDGE_LOOP('',(#12031,#12032,#12038,#12039));
#12031 = ORIENTED_EDGE('',*,*,#8268,.T.);
#12032 = ORIENTED_EDGE('',*,*,#12033,.T.);
#12033 = EDGE_CURVE('',#8269,#9927,#12034,.T.);
#12034 = LINE('',#12035,#12036);
#12035 = CARTESIAN_POINT('',(216.7375,-119.65,-4.5E-02));
#12036 = VECTOR('',#12037,1.);
#12037 = DIRECTION('',(0.,0.,1.));
#12038 = ORIENTED_EDGE('',*,*,#9926,.F.);
#12039 = ORIENTED_EDGE('',*,*,#12033,.F.);
#12040 = CYLINDRICAL_SURFACE('',#12041,0.65);
#12041 = AXIS2_PLACEMENT_3D('',#12042,#12043,#12044);
#12042 = CARTESIAN_POINT('',(216.7375,-119.,-4.5E-02));
#12043 = DIRECTION('',(-0.,-0.,-1.));
#12044 = DIRECTION('',(-0.,-1.,0.));
#12045 = ADVANCED_FACE('',(#12046),#12057,.F.);
#12046 = FACE_BOUND('',#12047,.T.);
#12047 = EDGE_LOOP('',(#12048,#12049,#12055,#12056));
#12048 = ORIENTED_EDGE('',*,*,#8279,.T.);
#12049 = ORIENTED_EDGE('',*,*,#12050,.T.);
#12050 = EDGE_CURVE('',#8280,#9938,#12051,.T.);
#12051 = LINE('',#12052,#12053);
#12052 = CARTESIAN_POINT('',(216.7375,-114.65,-4.5E-02));
#12053 = VECTOR('',#12054,1.);
#12054 = DIRECTION('',(0.,0.,1.));
#12055 = ORIENTED_EDGE('',*,*,#9937,.F.);
#12056 = ORIENTED_EDGE('',*,*,#12050,.F.);
#12057 = CYLINDRICAL_SURFACE('',#12058,0.65);
#12058 = AXIS2_PLACEMENT_3D('',#12059,#12060,#12061);
#12059 = CARTESIAN_POINT('',(216.7375,-114.,-4.5E-02));
#12060 = DIRECTION('',(-0.,-0.,-1.));
#12061 = DIRECTION('',(-0.,-1.,0.));
#12062 = ADVANCED_FACE('',(#12063),#12074,.F.);
#12063 = FACE_BOUND('',#12064,.T.);
#12064 = EDGE_LOOP('',(#12065,#12066,#12072,#12073));
#12065 = ORIENTED_EDGE('',*,*,#8290,.T.);
#12066 = ORIENTED_EDGE('',*,*,#12067,.T.);
#12067 = EDGE_CURVE('',#8291,#9949,#12068,.T.);
#12068 = LINE('',#12069,#12070);
#12069 = CARTESIAN_POINT('',(222.5,-114.4,-4.5E-02));
#12070 = VECTOR('',#12071,1.);
#12071 = DIRECTION('',(0.,0.,1.));
#12072 = ORIENTED_EDGE('',*,*,#9948,.F.);
#12073 = ORIENTED_EDGE('',*,*,#12067,.F.);
#12074 = CYLINDRICAL_SURFACE('',#12075,0.4);
#12075 = AXIS2_PLACEMENT_3D('',#12076,#12077,#12078);
#12076 = CARTESIAN_POINT('',(222.5,-114.,-4.5E-02));
#12077 = DIRECTION('',(-0.,-0.,-1.));
#12078 = DIRECTION('',(-0.,-1.,0.));
#12079 = ADVANCED_FACE('',(#12080),#12091,.F.);
#12080 = FACE_BOUND('',#12081,.T.);
#12081 = EDGE_LOOP('',(#12082,#12083,#12089,#12090));
#12082 = ORIENTED_EDGE('',*,*,#8301,.T.);
#12083 = ORIENTED_EDGE('',*,*,#12084,.T.);
#12084 = EDGE_CURVE('',#8302,#9960,#12085,.T.);
#12085 = LINE('',#12086,#12087);
#12086 = CARTESIAN_POINT('',(222.5,-110.4,-4.5E-02));
#12087 = VECTOR('',#12088,1.);
#12088 = DIRECTION('',(0.,0.,1.));
#12089 = ORIENTED_EDGE('',*,*,#9959,.F.);
#12090 = ORIENTED_EDGE('',*,*,#12084,.F.);
#12091 = CYLINDRICAL_SURFACE('',#12092,0.4);
#12092 = AXIS2_PLACEMENT_3D('',#12093,#12094,#12095);
#12093 = CARTESIAN_POINT('',(222.5,-110.,-4.5E-02));
#12094 = DIRECTION('',(-0.,-0.,-1.));
#12095 = DIRECTION('',(-0.,-1.,0.));
#12096 = ADVANCED_FACE('',(#12097),#12108,.F.);
#12097 = FACE_BOUND('',#12098,.T.);
#12098 = EDGE_LOOP('',(#12099,#12100,#12106,#12107));
#12099 = ORIENTED_EDGE('',*,*,#8312,.T.);
#12100 = ORIENTED_EDGE('',*,*,#12101,.T.);
#12101 = EDGE_CURVE('',#8313,#9971,#12102,.T.);
#12102 = LINE('',#12103,#12104);
#12103 = CARTESIAN_POINT('',(227.5,-110.4,-4.5E-02));
#12104 = VECTOR('',#12105,1.);
#12105 = DIRECTION('',(0.,0.,1.));
#12106 = ORIENTED_EDGE('',*,*,#9970,.F.);
#12107 = ORIENTED_EDGE('',*,*,#12101,.F.);
#12108 = CYLINDRICAL_SURFACE('',#12109,0.4);
#12109 = AXIS2_PLACEMENT_3D('',#12110,#12111,#12112);
#12110 = CARTESIAN_POINT('',(227.5,-110.,-4.5E-02));
#12111 = DIRECTION('',(-0.,-0.,-1.));
#12112 = DIRECTION('',(-0.,-1.,0.));
#12113 = ADVANCED_FACE('',(#12114),#12125,.F.);
#12114 = FACE_BOUND('',#12115,.T.);
#12115 = EDGE_LOOP('',(#12116,#12117,#12123,#12124));
#12116 = ORIENTED_EDGE('',*,*,#8323,.T.);
#12117 = ORIENTED_EDGE('',*,*,#12118,.T.);
#12118 = EDGE_CURVE('',#8324,#9982,#12119,.T.);
#12119 = LINE('',#12120,#12121);
#12120 = CARTESIAN_POINT('',(75.5,-104.,-4.5E-02));
#12121 = VECTOR('',#12122,1.);
#12122 = DIRECTION('',(0.,0.,1.));
#12123 = ORIENTED_EDGE('',*,*,#9981,.F.);
#12124 = ORIENTED_EDGE('',*,*,#12118,.F.);
#12125 = CYLINDRICAL_SURFACE('',#12126,0.5);
#12126 = AXIS2_PLACEMENT_3D('',#12127,#12128,#12129);
#12127 = CARTESIAN_POINT('',(75.5,-103.5,-4.5E-02));
#12128 = DIRECTION('',(-0.,-0.,-1.));
#12129 = DIRECTION('',(-0.,-1.,0.));
#12130 = ADVANCED_FACE('',(#12131),#12142,.F.);
#12131 = FACE_BOUND('',#12132,.T.);
#12132 = EDGE_LOOP('',(#12133,#12134,#12140,#12141));
#12133 = ORIENTED_EDGE('',*,*,#8334,.T.);
#12134 = ORIENTED_EDGE('',*,*,#12135,.T.);
#12135 = EDGE_CURVE('',#8335,#9993,#12136,.T.);
#12136 = LINE('',#12137,#12138);
#12137 = CARTESIAN_POINT('',(108.66,-94.31,-4.5E-02));
#12138 = VECTOR('',#12139,1.);
#12139 = DIRECTION('',(0.,0.,1.));
#12140 = ORIENTED_EDGE('',*,*,#9992,.F.);
#12141 = ORIENTED_EDGE('',*,*,#12135,.F.);
#12142 = CYLINDRICAL_SURFACE('',#12143,1.5);
#12143 = AXIS2_PLACEMENT_3D('',#12144,#12145,#12146);
#12144 = CARTESIAN_POINT('',(108.66,-92.81,-4.5E-02));
#12145 = DIRECTION('',(-0.,-0.,-1.));
#12146 = DIRECTION('',(-0.,-1.,0.));
#12147 = ADVANCED_FACE('',(#12148),#12159,.F.);
#12148 = FACE_BOUND('',#12149,.T.);
#12149 = EDGE_LOOP('',(#12150,#12151,#12157,#12158));
#12150 = ORIENTED_EDGE('',*,*,#8345,.T.);
#12151 = ORIENTED_EDGE('',*,*,#12152,.T.);
#12152 = EDGE_CURVE('',#8346,#10004,#12153,.T.);
#12153 = LINE('',#12154,#12155);
#12154 = CARTESIAN_POINT('',(129.816,-86.28,-4.5E-02));
#12155 = VECTOR('',#12156,1.);
#12156 = DIRECTION('',(0.,0.,1.));
#12157 = ORIENTED_EDGE('',*,*,#10003,.F.);
#12158 = ORIENTED_EDGE('',*,*,#12152,.F.);
#12159 = CYLINDRICAL_SURFACE('',#12160,0.5);
#12160 = AXIS2_PLACEMENT_3D('',#12161,#12162,#12163);
#12161 = CARTESIAN_POINT('',(129.816,-85.78,-4.5E-02));
#12162 = DIRECTION('',(-0.,-0.,-1.));
#12163 = DIRECTION('',(-0.,-1.,0.));
#12164 = ADVANCED_FACE('',(#12165),#12176,.F.);
#12165 = FACE_BOUND('',#12166,.T.);
#12166 = EDGE_LOOP('',(#12167,#12168,#12174,#12175));
#12167 = ORIENTED_EDGE('',*,*,#8356,.T.);
#12168 = ORIENTED_EDGE('',*,*,#12169,.T.);
#12169 = EDGE_CURVE('',#8357,#10015,#12170,.T.);
#12170 = LINE('',#12171,#12172);
#12171 = CARTESIAN_POINT('',(82.88,-84.34,-4.5E-02));
#12172 = VECTOR('',#12173,1.);
#12173 = DIRECTION('',(0.,0.,1.));
#12174 = ORIENTED_EDGE('',*,*,#10014,.F.);
#12175 = ORIENTED_EDGE('',*,*,#12169,.F.);
#12176 = CYLINDRICAL_SURFACE('',#12177,0.6);
#12177 = AXIS2_PLACEMENT_3D('',#12178,#12179,#12180);
#12178 = CARTESIAN_POINT('',(82.88,-83.74,-4.5E-02));
#12179 = DIRECTION('',(-0.,-0.,-1.));
#12180 = DIRECTION('',(-0.,-1.,0.));
#12181 = ADVANCED_FACE('',(#12182),#12193,.F.);
#12182 = FACE_BOUND('',#12183,.T.);
#12183 = EDGE_LOOP('',(#12184,#12185,#12191,#12192));
#12184 = ORIENTED_EDGE('',*,*,#8367,.T.);
#12185 = ORIENTED_EDGE('',*,*,#12186,.T.);
#12186 = EDGE_CURVE('',#8368,#10026,#12187,.T.);
#12187 = LINE('',#12188,#12189);
#12188 = CARTESIAN_POINT('',(85.42,-84.34,-4.5E-02));
#12189 = VECTOR('',#12190,1.);
#12190 = DIRECTION('',(0.,0.,1.));
#12191 = ORIENTED_EDGE('',*,*,#10025,.F.);
#12192 = ORIENTED_EDGE('',*,*,#12186,.F.);
#12193 = CYLINDRICAL_SURFACE('',#12194,0.6);
#12194 = AXIS2_PLACEMENT_3D('',#12195,#12196,#12197);
#12195 = CARTESIAN_POINT('',(85.42,-83.74,-4.5E-02));
#12196 = DIRECTION('',(-0.,0.,-1.));
#12197 = DIRECTION('',(2.368475785867E-14,-1.,-0.));
#12198 = ADVANCED_FACE('',(#12199),#12210,.F.);
#12199 = FACE_BOUND('',#12200,.T.);
#12200 = EDGE_LOOP('',(#12201,#12202,#12208,#12209));
#12201 = ORIENTED_EDGE('',*,*,#8378,.T.);
#12202 = ORIENTED_EDGE('',*,*,#12203,.T.);
#12203 = EDGE_CURVE('',#8379,#10037,#12204,.T.);
#12204 = LINE('',#12205,#12206);
#12205 = CARTESIAN_POINT('',(87.96,-84.34,-4.5E-02));
#12206 = VECTOR('',#12207,1.);
#12207 = DIRECTION('',(0.,0.,1.));
#12208 = ORIENTED_EDGE('',*,*,#10036,.F.);
#12209 = ORIENTED_EDGE('',*,*,#12203,.F.);
#12210 = CYLINDRICAL_SURFACE('',#12211,0.6);
#12211 = AXIS2_PLACEMENT_3D('',#12212,#12213,#12214);
#12212 = CARTESIAN_POINT('',(87.96,-83.74,-4.5E-02));
#12213 = DIRECTION('',(-0.,-0.,-1.));
#12214 = DIRECTION('',(-2.368475785867E-14,-1.,0.));
#12215 = ADVANCED_FACE('',(#12216),#12227,.F.);
#12216 = FACE_BOUND('',#12217,.T.);
#12217 = EDGE_LOOP('',(#12218,#12219,#12225,#12226));
#12218 = ORIENTED_EDGE('',*,*,#8389,.T.);
#12219 = ORIENTED_EDGE('',*,*,#12220,.T.);
#12220 = EDGE_CURVE('',#8390,#10048,#12221,.T.);
#12221 = LINE('',#12222,#12223);
#12222 = CARTESIAN_POINT('',(90.5,-84.34,-4.5E-02));
#12223 = VECTOR('',#12224,1.);
#12224 = DIRECTION('',(0.,0.,1.));
#12225 = ORIENTED_EDGE('',*,*,#10047,.F.);
#12226 = ORIENTED_EDGE('',*,*,#12220,.F.);
#12227 = CYLINDRICAL_SURFACE('',#12228,0.6);
#12228 = AXIS2_PLACEMENT_3D('',#12229,#12230,#12231);
#12229 = CARTESIAN_POINT('',(90.5,-83.74,-4.5E-02));
#12230 = DIRECTION('',(-0.,-0.,-1.));
#12231 = DIRECTION('',(-0.,-1.,0.));
#12232 = ADVANCED_FACE('',(#12233),#12244,.F.);
#12233 = FACE_BOUND('',#12234,.T.);
#12234 = EDGE_LOOP('',(#12235,#12236,#12242,#12243));
#12235 = ORIENTED_EDGE('',*,*,#8400,.T.);
#12236 = ORIENTED_EDGE('',*,*,#12237,.T.);
#12237 = EDGE_CURVE('',#8401,#10059,#12238,.T.);
#12238 = LINE('',#12239,#12240);
#12239 = CARTESIAN_POINT('',(93.04,-84.34,-4.5E-02));
#12240 = VECTOR('',#12241,1.);
#12241 = DIRECTION('',(0.,0.,1.));
#12242 = ORIENTED_EDGE('',*,*,#10058,.F.);
#12243 = ORIENTED_EDGE('',*,*,#12237,.F.);
#12244 = CYLINDRICAL_SURFACE('',#12245,0.6);
#12245 = AXIS2_PLACEMENT_3D('',#12246,#12247,#12248);
#12246 = CARTESIAN_POINT('',(93.04,-83.74,-4.5E-02));
#12247 = DIRECTION('',(-0.,0.,-1.));
#12248 = DIRECTION('',(2.368475785867E-14,-1.,-0.));
#12249 = ADVANCED_FACE('',(#12250),#12261,.F.);
#12250 = FACE_BOUND('',#12251,.T.);
#12251 = EDGE_LOOP('',(#12252,#12253,#12259,#12260));
#12252 = ORIENTED_EDGE('',*,*,#8411,.T.);
#12253 = ORIENTED_EDGE('',*,*,#12254,.T.);
#12254 = EDGE_CURVE('',#8412,#10070,#12255,.T.);
#12255 = LINE('',#12256,#12257);
#12256 = CARTESIAN_POINT('',(95.58,-84.34,-4.5E-02));
#12257 = VECTOR('',#12258,1.);
#12258 = DIRECTION('',(0.,0.,1.));
#12259 = ORIENTED_EDGE('',*,*,#10069,.F.);
#12260 = ORIENTED_EDGE('',*,*,#12254,.F.);
#12261 = CYLINDRICAL_SURFACE('',#12262,0.6);
#12262 = AXIS2_PLACEMENT_3D('',#12263,#12264,#12265);
#12263 = CARTESIAN_POINT('',(95.58,-83.74,-4.5E-02));
#12264 = DIRECTION('',(-0.,-0.,-1.));
#12265 = DIRECTION('',(-2.368475785867E-14,-1.,0.));
#12266 = ADVANCED_FACE('',(#12267),#12278,.F.);
#12267 = FACE_BOUND('',#12268,.T.);
#12268 = EDGE_LOOP('',(#12269,#12270,#12276,#12277));
#12269 = ORIENTED_EDGE('',*,*,#8422,.T.);
#12270 = ORIENTED_EDGE('',*,*,#12271,.T.);
#12271 = EDGE_CURVE('',#8423,#10081,#12272,.T.);
#12272 = LINE('',#12273,#12274);
#12273 = CARTESIAN_POINT('',(98.12,-84.34,-4.5E-02));
#12274 = VECTOR('',#12275,1.);
#12275 = DIRECTION('',(0.,0.,1.));
#12276 = ORIENTED_EDGE('',*,*,#10080,.F.);
#12277 = ORIENTED_EDGE('',*,*,#12271,.F.);
#12278 = CYLINDRICAL_SURFACE('',#12279,0.6);
#12279 = AXIS2_PLACEMENT_3D('',#12280,#12281,#12282);
#12280 = CARTESIAN_POINT('',(98.12,-83.74,-4.5E-02));
#12281 = DIRECTION('',(-0.,-0.,-1.));
#12282 = DIRECTION('',(-0.,-1.,0.));
#12283 = ADVANCED_FACE('',(#12284),#12295,.F.);
#12284 = FACE_BOUND('',#12285,.T.);
#12285 = EDGE_LOOP('',(#12286,#12287,#12293,#12294));
#12286 = ORIENTED_EDGE('',*,*,#8433,.T.);
#12287 = ORIENTED_EDGE('',*,*,#12288,.T.);
#12288 = EDGE_CURVE('',#8434,#10092,#12289,.T.);
#12289 = LINE('',#12290,#12291);
#12290 = CARTESIAN_POINT('',(100.66,-84.34,-4.5E-02));
#12291 = VECTOR('',#12292,1.);
#12292 = DIRECTION('',(0.,0.,1.));
#12293 = ORIENTED_EDGE('',*,*,#10091,.F.);
#12294 = ORIENTED_EDGE('',*,*,#12288,.F.);
#12295 = CYLINDRICAL_SURFACE('',#12296,0.6);
#12296 = AXIS2_PLACEMENT_3D('',#12297,#12298,#12299);
#12297 = CARTESIAN_POINT('',(100.66,-83.74,-4.5E-02));
#12298 = DIRECTION('',(-0.,-0.,-1.));
#12299 = DIRECTION('',(-0.,-1.,0.));
#12300 = ADVANCED_FACE('',(#12301),#12312,.F.);
#12301 = FACE_BOUND('',#12302,.T.);
#12302 = EDGE_LOOP('',(#12303,#12304,#12310,#12311));
#12303 = ORIENTED_EDGE('',*,*,#8444,.T.);
#12304 = ORIENTED_EDGE('',*,*,#12305,.T.);
#12305 = EDGE_CURVE('',#8445,#10103,#12306,.T.);
#12306 = LINE('',#12307,#12308);
#12307 = CARTESIAN_POINT('',(103.2,-84.34,-4.5E-02));
#12308 = VECTOR('',#12309,1.);
#12309 = DIRECTION('',(0.,0.,1.));
#12310 = ORIENTED_EDGE('',*,*,#10102,.F.);
#12311 = ORIENTED_EDGE('',*,*,#12305,.F.);
#12312 = CYLINDRICAL_SURFACE('',#12313,0.6);
#12313 = AXIS2_PLACEMENT_3D('',#12314,#12315,#12316);
#12314 = CARTESIAN_POINT('',(103.2,-83.74,-4.5E-02));
#12315 = DIRECTION('',(-0.,0.,-1.));
#12316 = DIRECTION('',(2.368475785867E-14,-1.,-0.));
#12317 = ADVANCED_FACE('',(#12318),#12329,.F.);
#12318 = FACE_BOUND('',#12319,.T.);
#12319 = EDGE_LOOP('',(#12320,#12321,#12327,#12328));
#12320 = ORIENTED_EDGE('',*,*,#8455,.T.);
#12321 = ORIENTED_EDGE('',*,*,#12322,.T.);
#12322 = EDGE_CURVE('',#8456,#10114,#12323,.T.);
#12323 = LINE('',#12324,#12325);
#12324 = CARTESIAN_POINT('',(105.74,-84.34,-4.5E-02));
#12325 = VECTOR('',#12326,1.);
#12326 = DIRECTION('',(0.,0.,1.));
#12327 = ORIENTED_EDGE('',*,*,#10113,.F.);
#12328 = ORIENTED_EDGE('',*,*,#12322,.F.);
#12329 = CYLINDRICAL_SURFACE('',#12330,0.6);
#12330 = AXIS2_PLACEMENT_3D('',#12331,#12332,#12333);
#12331 = CARTESIAN_POINT('',(105.74,-83.74,-4.5E-02));
#12332 = DIRECTION('',(-0.,-0.,-1.));
#12333 = DIRECTION('',(-2.368475785867E-14,-1.,0.));
#12334 = ADVANCED_FACE('',(#12335),#12346,.F.);
#12335 = FACE_BOUND('',#12336,.T.);
#12336 = EDGE_LOOP('',(#12337,#12338,#12344,#12345));
#12337 = ORIENTED_EDGE('',*,*,#8466,.T.);
#12338 = ORIENTED_EDGE('',*,*,#12339,.T.);
#12339 = EDGE_CURVE('',#8467,#10125,#12340,.T.);
#12340 = LINE('',#12341,#12342);
#12341 = CARTESIAN_POINT('',(108.28,-84.34,-4.5E-02));
#12342 = VECTOR('',#12343,1.);
#12343 = DIRECTION('',(0.,0.,1.));
#12344 = ORIENTED_EDGE('',*,*,#10124,.F.);
#12345 = ORIENTED_EDGE('',*,*,#12339,.F.);
#12346 = CYLINDRICAL_SURFACE('',#12347,0.6);
#12347 = AXIS2_PLACEMENT_3D('',#12348,#12349,#12350);
#12348 = CARTESIAN_POINT('',(108.28,-83.74,-4.5E-02));
#12349 = DIRECTION('',(-0.,-0.,-1.));
#12350 = DIRECTION('',(-0.,-1.,0.));
#12351 = ADVANCED_FACE('',(#12352),#12363,.F.);
#12352 = FACE_BOUND('',#12353,.T.);
#12353 = EDGE_LOOP('',(#12354,#12355,#12361,#12362));
#12354 = ORIENTED_EDGE('',*,*,#8477,.T.);
#12355 = ORIENTED_EDGE('',*,*,#12356,.T.);
#12356 = EDGE_CURVE('',#8478,#10136,#12357,.T.);
#12357 = LINE('',#12358,#12359);
#12358 = CARTESIAN_POINT('',(77.8,-71.64,-4.5E-02));
#12359 = VECTOR('',#12360,1.);
#12360 = DIRECTION('',(0.,0.,1.));
#12361 = ORIENTED_EDGE('',*,*,#10135,.F.);
#12362 = ORIENTED_EDGE('',*,*,#12356,.F.);
#12363 = CYLINDRICAL_SURFACE('',#12364,0.6);
#12364 = AXIS2_PLACEMENT_3D('',#12365,#12366,#12367);
#12365 = CARTESIAN_POINT('',(77.8,-71.04,-4.5E-02));
#12366 = DIRECTION('',(-0.,-0.,-1.));
#12367 = DIRECTION('',(-2.368475785867E-14,-1.,0.));
#12368 = ADVANCED_FACE('',(#12369),#12380,.F.);
#12369 = FACE_BOUND('',#12370,.T.);
#12370 = EDGE_LOOP('',(#12371,#12372,#12378,#12379));
#12371 = ORIENTED_EDGE('',*,*,#8488,.T.);
#12372 = ORIENTED_EDGE('',*,*,#12373,.T.);
#12373 = EDGE_CURVE('',#8489,#10147,#12374,.T.);
#12374 = LINE('',#12375,#12376);
#12375 = CARTESIAN_POINT('',(75.26,-69.1,-4.5E-02));
#12376 = VECTOR('',#12377,1.);
#12377 = DIRECTION('',(0.,0.,1.));
#12378 = ORIENTED_EDGE('',*,*,#10146,.F.);
#12379 = ORIENTED_EDGE('',*,*,#12373,.F.);
#12380 = CYLINDRICAL_SURFACE('',#12381,0.6);
#12381 = AXIS2_PLACEMENT_3D('',#12382,#12383,#12384);
#12382 = CARTESIAN_POINT('',(75.26,-68.5,-4.5E-02));
#12383 = DIRECTION('',(-0.,0.,-1.));
#12384 = DIRECTION('',(2.368475785867E-14,-1.,-0.));
#12385 = ADVANCED_FACE('',(#12386),#12397,.F.);
#12386 = FACE_BOUND('',#12387,.T.);
#12387 = EDGE_LOOP('',(#12388,#12389,#12395,#12396));
#12388 = ORIENTED_EDGE('',*,*,#8499,.T.);
#12389 = ORIENTED_EDGE('',*,*,#12390,.T.);
#12390 = EDGE_CURVE('',#8500,#10158,#12391,.T.);
#12391 = LINE('',#12392,#12393);
#12392 = CARTESIAN_POINT('',(77.8,-69.1,-4.5E-02));
#12393 = VECTOR('',#12394,1.);
#12394 = DIRECTION('',(0.,0.,1.));
#12395 = ORIENTED_EDGE('',*,*,#10157,.F.);
#12396 = ORIENTED_EDGE('',*,*,#12390,.F.);
#12397 = CYLINDRICAL_SURFACE('',#12398,0.6);
#12398 = AXIS2_PLACEMENT_3D('',#12399,#12400,#12401);
#12399 = CARTESIAN_POINT('',(77.8,-68.5,-4.5E-02));
#12400 = DIRECTION('',(-0.,-0.,-1.));
#12401 = DIRECTION('',(-2.368475785867E-14,-1.,0.));
#12402 = ADVANCED_FACE('',(#12403),#12414,.F.);
#12403 = FACE_BOUND('',#12404,.T.);
#12404 = EDGE_LOOP('',(#12405,#12406,#12412,#12413));
#12405 = ORIENTED_EDGE('',*,*,#8510,.T.);
#12406 = ORIENTED_EDGE('',*,*,#12407,.T.);
#12407 = EDGE_CURVE('',#8511,#10169,#12408,.T.);
#12408 = LINE('',#12409,#12410);
#12409 = CARTESIAN_POINT('',(80.34,-69.1,-4.5E-02));
#12410 = VECTOR('',#12411,1.);
#12411 = DIRECTION('',(0.,0.,1.));
#12412 = ORIENTED_EDGE('',*,*,#10168,.F.);
#12413 = ORIENTED_EDGE('',*,*,#12407,.F.);
#12414 = CYLINDRICAL_SURFACE('',#12415,0.6);
#12415 = AXIS2_PLACEMENT_3D('',#12416,#12417,#12418);
#12416 = CARTESIAN_POINT('',(80.34,-68.5,-4.5E-02));
#12417 = DIRECTION('',(-0.,-0.,-1.));
#12418 = DIRECTION('',(-0.,-1.,0.));
#12419 = ADVANCED_FACE('',(#12420),#12431,.F.);
#12420 = FACE_BOUND('',#12421,.T.);
#12421 = EDGE_LOOP('',(#12422,#12423,#12429,#12430));
#12422 = ORIENTED_EDGE('',*,*,#8521,.T.);
#12423 = ORIENTED_EDGE('',*,*,#12424,.T.);
#12424 = EDGE_CURVE('',#8522,#10180,#12425,.T.);
#12425 = LINE('',#12426,#12427);
#12426 = CARTESIAN_POINT('',(82.88,-69.1,-4.5E-02));
#12427 = VECTOR('',#12428,1.);
#12428 = DIRECTION('',(0.,0.,1.));
#12429 = ORIENTED_EDGE('',*,*,#10179,.F.);
#12430 = ORIENTED_EDGE('',*,*,#12424,.F.);
#12431 = CYLINDRICAL_SURFACE('',#12432,0.6);
#12432 = AXIS2_PLACEMENT_3D('',#12433,#12434,#12435);
#12433 = CARTESIAN_POINT('',(82.88,-68.5,-4.5E-02));
#12434 = DIRECTION('',(-0.,-0.,-1.));
#12435 = DIRECTION('',(-0.,-1.,0.));
#12436 = ADVANCED_FACE('',(#12437),#12448,.F.);
#12437 = FACE_BOUND('',#12438,.T.);
#12438 = EDGE_LOOP('',(#12439,#12440,#12446,#12447));
#12439 = ORIENTED_EDGE('',*,*,#8532,.T.);
#12440 = ORIENTED_EDGE('',*,*,#12441,.T.);
#12441 = EDGE_CURVE('',#8533,#10191,#12442,.T.);
#12442 = LINE('',#12443,#12444);
#12443 = CARTESIAN_POINT('',(85.42,-69.1,-4.5E-02));
#12444 = VECTOR('',#12445,1.);
#12445 = DIRECTION('',(0.,0.,1.));
#12446 = ORIENTED_EDGE('',*,*,#10190,.F.);
#12447 = ORIENTED_EDGE('',*,*,#12441,.F.);
#12448 = CYLINDRICAL_SURFACE('',#12449,0.6);
#12449 = AXIS2_PLACEMENT_3D('',#12450,#12451,#12452);
#12450 = CARTESIAN_POINT('',(85.42,-68.5,-4.5E-02));
#12451 = DIRECTION('',(-0.,0.,-1.));
#12452 = DIRECTION('',(2.368475785867E-14,-1.,-0.));
#12453 = ADVANCED_FACE('',(#12454),#12465,.F.);
#12454 = FACE_BOUND('',#12455,.T.);
#12455 = EDGE_LOOP('',(#12456,#12457,#12463,#12464));
#12456 = ORIENTED_EDGE('',*,*,#8543,.T.);
#12457 = ORIENTED_EDGE('',*,*,#12458,.T.);
#12458 = EDGE_CURVE('',#8544,#10202,#12459,.T.);
#12459 = LINE('',#12460,#12461);
#12460 = CARTESIAN_POINT('',(87.96,-69.1,-4.5E-02));
#12461 = VECTOR('',#12462,1.);
#12462 = DIRECTION('',(0.,0.,1.));
#12463 = ORIENTED_EDGE('',*,*,#10201,.F.);
#12464 = ORIENTED_EDGE('',*,*,#12458,.F.);
#12465 = CYLINDRICAL_SURFACE('',#12466,0.6);
#12466 = AXIS2_PLACEMENT_3D('',#12467,#12468,#12469);
#12467 = CARTESIAN_POINT('',(87.96,-68.5,-4.5E-02));
#12468 = DIRECTION('',(-0.,-0.,-1.));
#12469 = DIRECTION('',(-2.368475785867E-14,-1.,0.));
#12470 = ADVANCED_FACE('',(#12471),#12482,.F.);
#12471 = FACE_BOUND('',#12472,.T.);
#12472 = EDGE_LOOP('',(#12473,#12474,#12480,#12481));
#12473 = ORIENTED_EDGE('',*,*,#8554,.T.);
#12474 = ORIENTED_EDGE('',*,*,#12475,.T.);
#12475 = EDGE_CURVE('',#8555,#10213,#12476,.T.);
#12476 = LINE('',#12477,#12478);
#12477 = CARTESIAN_POINT('',(70.5,-64.6,-4.5E-02));
#12478 = VECTOR('',#12479,1.);
#12479 = DIRECTION('',(0.,0.,1.));
#12480 = ORIENTED_EDGE('',*,*,#10212,.F.);
#12481 = ORIENTED_EDGE('',*,*,#12475,.F.);
#12482 = CYLINDRICAL_SURFACE('',#12483,1.1);
#12483 = AXIS2_PLACEMENT_3D('',#12484,#12485,#12486);
#12484 = CARTESIAN_POINT('',(70.5,-63.5,-4.5E-02));
#12485 = DIRECTION('',(-0.,-0.,-1.));
#12486 = DIRECTION('',(-0.,-1.,0.));
#12487 = ADVANCED_FACE('',(#12488),#12499,.F.);
#12488 = FACE_BOUND('',#12489,.T.);
#12489 = EDGE_LOOP('',(#12490,#12491,#12497,#12498));
#12490 = ORIENTED_EDGE('',*,*,#8565,.T.);
#12491 = ORIENTED_EDGE('',*,*,#12492,.T.);
#12492 = EDGE_CURVE('',#8566,#10224,#12493,.T.);
#12493 = LINE('',#12494,#12495);
#12494 = CARTESIAN_POINT('',(90.5,-69.1,-4.5E-02));
#12495 = VECTOR('',#12496,1.);
#12496 = DIRECTION('',(0.,0.,1.));
#12497 = ORIENTED_EDGE('',*,*,#10223,.F.);
#12498 = ORIENTED_EDGE('',*,*,#12492,.F.);
#12499 = CYLINDRICAL_SURFACE('',#12500,0.6);
#12500 = AXIS2_PLACEMENT_3D('',#12501,#12502,#12503);
#12501 = CARTESIAN_POINT('',(90.5,-68.5,-4.5E-02));
#12502 = DIRECTION('',(-0.,-0.,-1.));
#12503 = DIRECTION('',(-0.,-1.,0.));
#12504 = ADVANCED_FACE('',(#12505),#12516,.F.);
#12505 = FACE_BOUND('',#12506,.T.);
#12506 = EDGE_LOOP('',(#12507,#12508,#12514,#12515));
#12507 = ORIENTED_EDGE('',*,*,#8576,.T.);
#12508 = ORIENTED_EDGE('',*,*,#12509,.T.);
#12509 = EDGE_CURVE('',#8577,#10235,#12510,.T.);
#12510 = LINE('',#12511,#12512);
#12511 = CARTESIAN_POINT('',(93.04,-69.1,-4.5E-02));
#12512 = VECTOR('',#12513,1.);
#12513 = DIRECTION('',(0.,0.,1.));
#12514 = ORIENTED_EDGE('',*,*,#10234,.F.);
#12515 = ORIENTED_EDGE('',*,*,#12509,.F.);
#12516 = CYLINDRICAL_SURFACE('',#12517,0.6);
#12517 = AXIS2_PLACEMENT_3D('',#12518,#12519,#12520);
#12518 = CARTESIAN_POINT('',(93.04,-68.5,-4.5E-02));
#12519 = DIRECTION('',(-0.,0.,-1.));
#12520 = DIRECTION('',(2.368475785867E-14,-1.,-0.));
#12521 = ADVANCED_FACE('',(#12522),#12533,.F.);
#12522 = FACE_BOUND('',#12523,.T.);
#12523 = EDGE_LOOP('',(#12524,#12525,#12531,#12532));
#12524 = ORIENTED_EDGE('',*,*,#8587,.T.);
#12525 = ORIENTED_EDGE('',*,*,#12526,.T.);
#12526 = EDGE_CURVE('',#8588,#10246,#12527,.T.);
#12527 = LINE('',#12528,#12529);
#12528 = CARTESIAN_POINT('',(95.58,-69.1,-4.5E-02));
#12529 = VECTOR('',#12530,1.);
#12530 = DIRECTION('',(0.,0.,1.));
#12531 = ORIENTED_EDGE('',*,*,#10245,.F.);
#12532 = ORIENTED_EDGE('',*,*,#12526,.F.);
#12533 = CYLINDRICAL_SURFACE('',#12534,0.6);
#12534 = AXIS2_PLACEMENT_3D('',#12535,#12536,#12537);
#12535 = CARTESIAN_POINT('',(95.58,-68.5,-4.5E-02));
#12536 = DIRECTION('',(-0.,-0.,-1.));
#12537 = DIRECTION('',(-2.368475785867E-14,-1.,0.));
#12538 = ADVANCED_FACE('',(#12539),#12550,.F.);
#12539 = FACE_BOUND('',#12540,.T.);
#12540 = EDGE_LOOP('',(#12541,#12542,#12548,#12549));
#12541 = ORIENTED_EDGE('',*,*,#8598,.T.);
#12542 = ORIENTED_EDGE('',*,*,#12543,.T.);
#12543 = EDGE_CURVE('',#8599,#10257,#12544,.T.);
#12544 = LINE('',#12545,#12546);
#12545 = CARTESIAN_POINT('',(98.12,-69.1,-4.5E-02));
#12546 = VECTOR('',#12547,1.);
#12547 = DIRECTION('',(0.,0.,1.));
#12548 = ORIENTED_EDGE('',*,*,#10256,.F.);
#12549 = ORIENTED_EDGE('',*,*,#12543,.F.);
#12550 = CYLINDRICAL_SURFACE('',#12551,0.6);
#12551 = AXIS2_PLACEMENT_3D('',#12552,#12553,#12554);
#12552 = CARTESIAN_POINT('',(98.12,-68.5,-4.5E-02));
#12553 = DIRECTION('',(-0.,-0.,-1.));
#12554 = DIRECTION('',(-0.,-1.,0.));
#12555 = ADVANCED_FACE('',(#12556),#12567,.F.);
#12556 = FACE_BOUND('',#12557,.T.);
#12557 = EDGE_LOOP('',(#12558,#12559,#12565,#12566));
#12558 = ORIENTED_EDGE('',*,*,#8609,.T.);
#12559 = ORIENTED_EDGE('',*,*,#12560,.T.);
#12560 = EDGE_CURVE('',#8610,#10268,#12561,.T.);
#12561 = LINE('',#12562,#12563);
#12562 = CARTESIAN_POINT('',(100.66,-69.1,-4.5E-02));
#12563 = VECTOR('',#12564,1.);
#12564 = DIRECTION('',(0.,0.,1.));
#12565 = ORIENTED_EDGE('',*,*,#10267,.F.);
#12566 = ORIENTED_EDGE('',*,*,#12560,.F.);
#12567 = CYLINDRICAL_SURFACE('',#12568,0.6);
#12568 = AXIS2_PLACEMENT_3D('',#12569,#12570,#12571);
#12569 = CARTESIAN_POINT('',(100.66,-68.5,-4.5E-02));
#12570 = DIRECTION('',(-0.,-0.,-1.));
#12571 = DIRECTION('',(-0.,-1.,0.));
#12572 = ADVANCED_FACE('',(#12573),#12584,.F.);
#12573 = FACE_BOUND('',#12574,.T.);
#12574 = EDGE_LOOP('',(#12575,#12576,#12582,#12583));
#12575 = ORIENTED_EDGE('',*,*,#8620,.T.);
#12576 = ORIENTED_EDGE('',*,*,#12577,.T.);
#12577 = EDGE_CURVE('',#8621,#10279,#12578,.T.);
#12578 = LINE('',#12579,#12580);
#12579 = CARTESIAN_POINT('',(103.2,-69.1,-4.5E-02));
#12580 = VECTOR('',#12581,1.);
#12581 = DIRECTION('',(0.,0.,1.));
#12582 = ORIENTED_EDGE('',*,*,#10278,.F.);
#12583 = ORIENTED_EDGE('',*,*,#12577,.F.);
#12584 = CYLINDRICAL_SURFACE('',#12585,0.6);
#12585 = AXIS2_PLACEMENT_3D('',#12586,#12587,#12588);
#12586 = CARTESIAN_POINT('',(103.2,-68.5,-4.5E-02));
#12587 = DIRECTION('',(-0.,0.,-1.));
#12588 = DIRECTION('',(2.368475785867E-14,-1.,-0.));
#12589 = ADVANCED_FACE('',(#12590),#12601,.F.);
#12590 = FACE_BOUND('',#12591,.T.);
#12591 = EDGE_LOOP('',(#12592,#12593,#12599,#12600));
#12592 = ORIENTED_EDGE('',*,*,#8631,.T.);
#12593 = ORIENTED_EDGE('',*,*,#12594,.T.);
#12594 = EDGE_CURVE('',#8632,#10290,#12595,.T.);
#12595 = LINE('',#12596,#12597);
#12596 = CARTESIAN_POINT('',(105.74,-69.1,-4.5E-02));
#12597 = VECTOR('',#12598,1.);
#12598 = DIRECTION('',(0.,0.,1.));
#12599 = ORIENTED_EDGE('',*,*,#10289,.F.);
#12600 = ORIENTED_EDGE('',*,*,#12594,.F.);
#12601 = CYLINDRICAL_SURFACE('',#12602,0.6);
#12602 = AXIS2_PLACEMENT_3D('',#12603,#12604,#12605);
#12603 = CARTESIAN_POINT('',(105.74,-68.5,-4.5E-02));
#12604 = DIRECTION('',(-0.,-0.,-1.));
#12605 = DIRECTION('',(-2.368475785867E-14,-1.,0.));
#12606 = ADVANCED_FACE('',(#12607),#12618,.F.);
#12607 = FACE_BOUND('',#12608,.T.);
#12608 = EDGE_LOOP('',(#12609,#12610,#12616,#12617));
#12609 = ORIENTED_EDGE('',*,*,#8642,.T.);
#12610 = ORIENTED_EDGE('',*,*,#12611,.T.);
#12611 = EDGE_CURVE('',#8643,#10301,#12612,.T.);
#12612 = LINE('',#12613,#12614);
#12613 = CARTESIAN_POINT('',(108.28,-69.1,-4.5E-02));
#12614 = VECTOR('',#12615,1.);
#12615 = DIRECTION('',(0.,0.,1.));
#12616 = ORIENTED_EDGE('',*,*,#10300,.F.);
#12617 = ORIENTED_EDGE('',*,*,#12611,.F.);
#12618 = CYLINDRICAL_SURFACE('',#12619,0.6);
#12619 = AXIS2_PLACEMENT_3D('',#12620,#12621,#12622);
#12620 = CARTESIAN_POINT('',(108.28,-68.5,-4.5E-02));
#12621 = DIRECTION('',(-0.,-0.,-1.));
#12622 = DIRECTION('',(-0.,-1.,0.));
#12623 = ADVANCED_FACE('',(#12624),#12635,.F.);
#12624 = FACE_BOUND('',#12625,.T.);
#12625 = EDGE_LOOP('',(#12626,#12627,#12633,#12634));
#12626 = ORIENTED_EDGE('',*,*,#8653,.T.);
#12627 = ORIENTED_EDGE('',*,*,#12628,.T.);
#12628 = EDGE_CURVE('',#8654,#10312,#12629,.T.);
#12629 = LINE('',#12630,#12631);
#12630 = CARTESIAN_POINT('',(110.82,-84.34,-4.5E-02));
#12631 = VECTOR('',#12632,1.);
#12632 = DIRECTION('',(0.,0.,1.));
#12633 = ORIENTED_EDGE('',*,*,#10311,.F.);
#12634 = ORIENTED_EDGE('',*,*,#12628,.F.);
#12635 = CYLINDRICAL_SURFACE('',#12636,0.6);
#12636 = AXIS2_PLACEMENT_3D('',#12637,#12638,#12639);
#12637 = CARTESIAN_POINT('',(110.82,-83.74,-4.5E-02));
#12638 = DIRECTION('',(-0.,-0.,-1.));
#12639 = DIRECTION('',(-0.,-1.,0.));
#12640 = ADVANCED_FACE('',(#12641),#12652,.F.);
#12641 = FACE_BOUND('',#12642,.T.);
#12642 = EDGE_LOOP('',(#12643,#12644,#12650,#12651));
#12643 = ORIENTED_EDGE('',*,*,#8664,.T.);
#12644 = ORIENTED_EDGE('',*,*,#12645,.T.);
#12645 = EDGE_CURVE('',#8665,#10323,#12646,.T.);
#12646 = LINE('',#12647,#12648);
#12647 = CARTESIAN_POINT('',(113.36,-84.34,-4.5E-02));
#12648 = VECTOR('',#12649,1.);
#12649 = DIRECTION('',(0.,0.,1.));
#12650 = ORIENTED_EDGE('',*,*,#10322,.F.);
#12651 = ORIENTED_EDGE('',*,*,#12645,.F.);
#12652 = CYLINDRICAL_SURFACE('',#12653,0.6);
#12653 = AXIS2_PLACEMENT_3D('',#12654,#12655,#12656);
#12654 = CARTESIAN_POINT('',(113.36,-83.74,-4.5E-02));
#12655 = DIRECTION('',(-0.,-0.,-1.));
#12656 = DIRECTION('',(-0.,-1.,0.));
#12657 = ADVANCED_FACE('',(#12658),#12669,.F.);
#12658 = FACE_BOUND('',#12659,.T.);
#12659 = EDGE_LOOP('',(#12660,#12661,#12667,#12668));
#12660 = ORIENTED_EDGE('',*,*,#8675,.T.);
#12661 = ORIENTED_EDGE('',*,*,#12662,.T.);
#12662 = EDGE_CURVE('',#8676,#10334,#12663,.T.);
#12663 = LINE('',#12664,#12665);
#12664 = CARTESIAN_POINT('',(115.9,-84.34,-4.5E-02));
#12665 = VECTOR('',#12666,1.);
#12666 = DIRECTION('',(0.,0.,1.));
#12667 = ORIENTED_EDGE('',*,*,#10333,.F.);
#12668 = ORIENTED_EDGE('',*,*,#12662,.F.);
#12669 = CYLINDRICAL_SURFACE('',#12670,0.6);
#12670 = AXIS2_PLACEMENT_3D('',#12671,#12672,#12673);
#12671 = CARTESIAN_POINT('',(115.9,-83.74,-4.5E-02));
#12672 = DIRECTION('',(-0.,-0.,-1.));
#12673 = DIRECTION('',(-0.,-1.,0.));
#12674 = ADVANCED_FACE('',(#12675),#12686,.F.);
#12675 = FACE_BOUND('',#12676,.T.);
#12676 = EDGE_LOOP('',(#12677,#12678,#12684,#12685));
#12677 = ORIENTED_EDGE('',*,*,#8686,.T.);
#12678 = ORIENTED_EDGE('',*,*,#12679,.T.);
#12679 = EDGE_CURVE('',#8687,#10345,#12680,.T.);
#12680 = LINE('',#12681,#12682);
#12681 = CARTESIAN_POINT('',(118.44,-84.34,-4.5E-02));
#12682 = VECTOR('',#12683,1.);
#12683 = DIRECTION('',(0.,0.,1.));
#12684 = ORIENTED_EDGE('',*,*,#10344,.F.);
#12685 = ORIENTED_EDGE('',*,*,#12679,.F.);
#12686 = CYLINDRICAL_SURFACE('',#12687,0.6);
#12687 = AXIS2_PLACEMENT_3D('',#12688,#12689,#12690);
#12688 = CARTESIAN_POINT('',(118.44,-83.74,-4.5E-02));
#12689 = DIRECTION('',(-0.,-0.,-1.));
#12690 = DIRECTION('',(-0.,-1.,0.));
#12691 = ADVANCED_FACE('',(#12692),#12703,.F.);
#12692 = FACE_BOUND('',#12693,.T.);
#12693 = EDGE_LOOP('',(#12694,#12695,#12701,#12702));
#12694 = ORIENTED_EDGE('',*,*,#8697,.T.);
#12695 = ORIENTED_EDGE('',*,*,#12696,.T.);
#12696 = EDGE_CURVE('',#8698,#10356,#12697,.T.);
#12697 = LINE('',#12698,#12699);
#12698 = CARTESIAN_POINT('',(110.82,-69.1,-4.5E-02));
#12699 = VECTOR('',#12700,1.);
#12700 = DIRECTION('',(0.,0.,1.));
#12701 = ORIENTED_EDGE('',*,*,#10355,.F.);
#12702 = ORIENTED_EDGE('',*,*,#12696,.F.);
#12703 = CYLINDRICAL_SURFACE('',#12704,0.6);
#12704 = AXIS2_PLACEMENT_3D('',#12705,#12706,#12707);
#12705 = CARTESIAN_POINT('',(110.82,-68.5,-4.5E-02));
#12706 = DIRECTION('',(-0.,-0.,-1.));
#12707 = DIRECTION('',(-0.,-1.,0.));
#12708 = ADVANCED_FACE('',(#12709),#12720,.F.);
#12709 = FACE_BOUND('',#12710,.T.);
#12710 = EDGE_LOOP('',(#12711,#12712,#12718,#12719));
#12711 = ORIENTED_EDGE('',*,*,#8708,.T.);
#12712 = ORIENTED_EDGE('',*,*,#12713,.T.);
#12713 = EDGE_CURVE('',#8709,#10367,#12714,.T.);
#12714 = LINE('',#12715,#12716);
#12715 = CARTESIAN_POINT('',(113.36,-69.1,-4.5E-02));
#12716 = VECTOR('',#12717,1.);
#12717 = DIRECTION('',(0.,0.,1.));
#12718 = ORIENTED_EDGE('',*,*,#10366,.F.);
#12719 = ORIENTED_EDGE('',*,*,#12713,.F.);
#12720 = CYLINDRICAL_SURFACE('',#12721,0.6);
#12721 = AXIS2_PLACEMENT_3D('',#12722,#12723,#12724);
#12722 = CARTESIAN_POINT('',(113.36,-68.5,-4.5E-02));
#12723 = DIRECTION('',(-0.,-0.,-1.));
#12724 = DIRECTION('',(-0.,-1.,0.));
#12725 = ADVANCED_FACE('',(#12726),#12737,.F.);
#12726 = FACE_BOUND('',#12727,.T.);
#12727 = EDGE_LOOP('',(#12728,#12729,#12735,#12736));
#12728 = ORIENTED_EDGE('',*,*,#8719,.T.);
#12729 = ORIENTED_EDGE('',*,*,#12730,.T.);
#12730 = EDGE_CURVE('',#8720,#10378,#12731,.T.);
#12731 = LINE('',#12732,#12733);
#12732 = CARTESIAN_POINT('',(115.9,-69.1,-4.5E-02));
#12733 = VECTOR('',#12734,1.);
#12734 = DIRECTION('',(0.,0.,1.));
#12735 = ORIENTED_EDGE('',*,*,#10377,.F.);
#12736 = ORIENTED_EDGE('',*,*,#12730,.F.);
#12737 = CYLINDRICAL_SURFACE('',#12738,0.6);
#12738 = AXIS2_PLACEMENT_3D('',#12739,#12740,#12741);
#12739 = CARTESIAN_POINT('',(115.9,-68.5,-4.5E-02));
#12740 = DIRECTION('',(-0.,-0.,-1.));
#12741 = DIRECTION('',(-0.,-1.,0.));
#12742 = ADVANCED_FACE('',(#12743),#12754,.F.);
#12743 = FACE_BOUND('',#12744,.T.);
#12744 = EDGE_LOOP('',(#12745,#12746,#12752,#12753));
#12745 = ORIENTED_EDGE('',*,*,#8730,.T.);
#12746 = ORIENTED_EDGE('',*,*,#12747,.T.);
#12747 = EDGE_CURVE('',#8731,#10389,#12748,.T.);
#12748 = LINE('',#12749,#12750);
#12749 = CARTESIAN_POINT('',(118.44,-69.1,-4.5E-02));
#12750 = VECTOR('',#12751,1.);
#12751 = DIRECTION('',(0.,0.,1.));
#12752 = ORIENTED_EDGE('',*,*,#10388,.F.);
#12753 = ORIENTED_EDGE('',*,*,#12747,.F.);
#12754 = CYLINDRICAL_SURFACE('',#12755,0.6);
#12755 = AXIS2_PLACEMENT_3D('',#12756,#12757,#12758);
#12756 = CARTESIAN_POINT('',(118.44,-68.5,-4.5E-02));
#12757 = DIRECTION('',(-0.,-0.,-1.));
#12758 = DIRECTION('',(-0.,-1.,0.));
#12759 = ADVANCED_FACE('',(#12760),#12771,.F.);
#12760 = FACE_BOUND('',#12761,.T.);
#12761 = EDGE_LOOP('',(#12762,#12763,#12769,#12770));
#12762 = ORIENTED_EDGE('',*,*,#8741,.T.);
#12763 = ORIENTED_EDGE('',*,*,#12764,.T.);
#12764 = EDGE_CURVE('',#8742,#10400,#12765,.T.);
#12765 = LINE('',#12766,#12767);
#12766 = CARTESIAN_POINT('',(129.816,-68.5,-4.5E-02));
#12767 = VECTOR('',#12768,1.);
#12768 = DIRECTION('',(0.,0.,1.));
#12769 = ORIENTED_EDGE('',*,*,#10399,.F.);
#12770 = ORIENTED_EDGE('',*,*,#12764,.F.);
#12771 = CYLINDRICAL_SURFACE('',#12772,0.5);
#12772 = AXIS2_PLACEMENT_3D('',#12773,#12774,#12775);
#12773 = CARTESIAN_POINT('',(129.816,-68.,-4.5E-02));
#12774 = DIRECTION('',(-0.,-0.,-1.));
#12775 = DIRECTION('',(-0.,-1.,0.));
#12776 = ADVANCED_FACE('',(#12777),#12788,.F.);
#12777 = FACE_BOUND('',#12778,.T.);
#12778 = EDGE_LOOP('',(#12779,#12780,#12786,#12787));
#12779 = ORIENTED_EDGE('',*,*,#8752,.T.);
#12780 = ORIENTED_EDGE('',*,*,#12781,.T.);
#12781 = EDGE_CURVE('',#8753,#10411,#12782,.T.);
#12782 = LINE('',#12783,#12784);
#12783 = CARTESIAN_POINT('',(170.456,-86.28,-4.5E-02));
#12784 = VECTOR('',#12785,1.);
#12785 = DIRECTION('',(0.,0.,1.));
#12786 = ORIENTED_EDGE('',*,*,#10410,.F.);
#12787 = ORIENTED_EDGE('',*,*,#12781,.F.);
#12788 = CYLINDRICAL_SURFACE('',#12789,0.5);
#12789 = AXIS2_PLACEMENT_3D('',#12790,#12791,#12792);
#12790 = CARTESIAN_POINT('',(170.456,-85.78,-4.5E-02));
#12791 = DIRECTION('',(-0.,-0.,-1.));
#12792 = DIRECTION('',(-0.,-1.,0.));
#12793 = ADVANCED_FACE('',(#12794),#12805,.F.);
#12794 = FACE_BOUND('',#12795,.T.);
#12795 = EDGE_LOOP('',(#12796,#12797,#12803,#12804));
#12796 = ORIENTED_EDGE('',*,*,#8763,.T.);
#12797 = ORIENTED_EDGE('',*,*,#12798,.T.);
#12798 = EDGE_CURVE('',#8764,#10422,#12799,.T.);
#12799 = LINE('',#12800,#12801);
#12800 = CARTESIAN_POINT('',(204.2375,-100.65,-4.5E-02));
#12801 = VECTOR('',#12802,1.);
#12802 = DIRECTION('',(0.,0.,1.));
#12803 = ORIENTED_EDGE('',*,*,#10421,.F.);
#12804 = ORIENTED_EDGE('',*,*,#12798,.F.);
#12805 = CYLINDRICAL_SURFACE('',#12806,0.65);
#12806 = AXIS2_PLACEMENT_3D('',#12807,#12808,#12809);
#12807 = CARTESIAN_POINT('',(204.2375,-100.,-4.5E-02));
#12808 = DIRECTION('',(-0.,-0.,-1.));
#12809 = DIRECTION('',(-0.,-1.,0.));
#12810 = ADVANCED_FACE('',(#12811),#12822,.F.);
#12811 = FACE_BOUND('',#12812,.T.);
#12812 = EDGE_LOOP('',(#12813,#12814,#12820,#12821));
#12813 = ORIENTED_EDGE('',*,*,#8774,.T.);
#12814 = ORIENTED_EDGE('',*,*,#12815,.T.);
#12815 = EDGE_CURVE('',#8775,#10433,#12816,.T.);
#12816 = LINE('',#12817,#12818);
#12817 = CARTESIAN_POINT('',(222.,-105.56,-4.5E-02));
#12818 = VECTOR('',#12819,1.);
#12819 = DIRECTION('',(0.,0.,1.));
#12820 = ORIENTED_EDGE('',*,*,#10432,.F.);
#12821 = ORIENTED_EDGE('',*,*,#12815,.F.);
#12822 = CYLINDRICAL_SURFACE('',#12823,0.4);
#12823 = AXIS2_PLACEMENT_3D('',#12824,#12825,#12826);
#12824 = CARTESIAN_POINT('',(222.,-105.16,-4.5E-02));
#12825 = DIRECTION('',(-0.,-0.,-1.));
#12826 = DIRECTION('',(-0.,-1.,0.));
#12827 = ADVANCED_FACE('',(#12828),#12839,.F.);
#12828 = FACE_BOUND('',#12829,.T.);
#12829 = EDGE_LOOP('',(#12830,#12831,#12837,#12838));
#12830 = ORIENTED_EDGE('',*,*,#8785,.T.);
#12831 = ORIENTED_EDGE('',*,*,#12832,.T.);
#12832 = EDGE_CURVE('',#8786,#10444,#12833,.T.);
#12833 = LINE('',#12834,#12835);
#12834 = CARTESIAN_POINT('',(216.7375,-100.65,-4.5E-02));
#12835 = VECTOR('',#12836,1.);
#12836 = DIRECTION('',(0.,0.,1.));
#12837 = ORIENTED_EDGE('',*,*,#10443,.F.);
#12838 = ORIENTED_EDGE('',*,*,#12832,.F.);
#12839 = CYLINDRICAL_SURFACE('',#12840,0.65);
#12840 = AXIS2_PLACEMENT_3D('',#12841,#12842,#12843);
#12841 = CARTESIAN_POINT('',(216.7375,-100.,-4.5E-02));
#12842 = DIRECTION('',(-0.,-0.,-1.));
#12843 = DIRECTION('',(-0.,-1.,0.));
#12844 = ADVANCED_FACE('',(#12845),#12856,.F.);
#12845 = FACE_BOUND('',#12846,.T.);
#12846 = EDGE_LOOP('',(#12847,#12848,#12854,#12855));
#12847 = ORIENTED_EDGE('',*,*,#8796,.T.);
#12848 = ORIENTED_EDGE('',*,*,#12849,.T.);
#12849 = EDGE_CURVE('',#8797,#10455,#12850,.T.);
#12850 = LINE('',#12851,#12852);
#12851 = CARTESIAN_POINT('',(226.,-100.4,-4.5E-02));
#12852 = VECTOR('',#12853,1.);
#12853 = DIRECTION('',(0.,0.,1.));
#12854 = ORIENTED_EDGE('',*,*,#10454,.F.);
#12855 = ORIENTED_EDGE('',*,*,#12849,.F.);
#12856 = CYLINDRICAL_SURFACE('',#12857,0.4);
#12857 = AXIS2_PLACEMENT_3D('',#12858,#12859,#12860);
#12858 = CARTESIAN_POINT('',(226.,-100.,-4.5E-02));
#12859 = DIRECTION('',(-0.,-0.,-1.));
#12860 = DIRECTION('',(-0.,-1.,0.));
#12861 = ADVANCED_FACE('',(#12862),#12873,.F.);
#12862 = FACE_BOUND('',#12863,.T.);
#12863 = EDGE_LOOP('',(#12864,#12865,#12871,#12872));
#12864 = ORIENTED_EDGE('',*,*,#8807,.T.);
#12865 = ORIENTED_EDGE('',*,*,#12866,.T.);
#12866 = EDGE_CURVE('',#8808,#10466,#12867,.T.);
#12867 = LINE('',#12868,#12869);
#12868 = CARTESIAN_POINT('',(196.5,-94.31,-4.5E-02));
#12869 = VECTOR('',#12870,1.);
#12870 = DIRECTION('',(0.,0.,1.));
#12871 = ORIENTED_EDGE('',*,*,#10465,.F.);
#12872 = ORIENTED_EDGE('',*,*,#12866,.F.);
#12873 = CYLINDRICAL_SURFACE('',#12874,1.5);
#12874 = AXIS2_PLACEMENT_3D('',#12875,#12876,#12877);
#12875 = CARTESIAN_POINT('',(196.5,-92.81,-4.5E-02));
#12876 = DIRECTION('',(-0.,-0.,-1.));
#12877 = DIRECTION('',(-0.,-1.,0.));
#12878 = ADVANCED_FACE('',(#12879),#12890,.F.);
#12879 = FACE_BOUND('',#12880,.T.);
#12880 = EDGE_LOOP('',(#12881,#12882,#12888,#12889));
#12881 = ORIENTED_EDGE('',*,*,#8818,.T.);
#12882 = ORIENTED_EDGE('',*,*,#12883,.T.);
#12883 = EDGE_CURVE('',#8819,#10477,#12884,.T.);
#12884 = LINE('',#12885,#12886);
#12885 = CARTESIAN_POINT('',(204.2375,-95.65,-4.5E-02));
#12886 = VECTOR('',#12887,1.);
#12887 = DIRECTION('',(0.,0.,1.));
#12888 = ORIENTED_EDGE('',*,*,#10476,.F.);
#12889 = ORIENTED_EDGE('',*,*,#12883,.F.);
#12890 = CYLINDRICAL_SURFACE('',#12891,0.65);
#12891 = AXIS2_PLACEMENT_3D('',#12892,#12893,#12894);
#12892 = CARTESIAN_POINT('',(204.2375,-95.,-4.5E-02));
#12893 = DIRECTION('',(-0.,-0.,-1.));
#12894 = DIRECTION('',(-0.,-1.,0.));
#12895 = ADVANCED_FACE('',(#12896),#12907,.F.);
#12896 = FACE_BOUND('',#12897,.T.);
#12897 = EDGE_LOOP('',(#12898,#12899,#12905,#12906));
#12898 = ORIENTED_EDGE('',*,*,#8829,.T.);
#12899 = ORIENTED_EDGE('',*,*,#12900,.T.);
#12900 = EDGE_CURVE('',#8830,#10488,#12901,.T.);
#12901 = LINE('',#12902,#12903);
#12902 = CARTESIAN_POINT('',(216.7375,-95.65,-4.5E-02));
#12903 = VECTOR('',#12904,1.);
#12904 = DIRECTION('',(0.,0.,1.));
#12905 = ORIENTED_EDGE('',*,*,#10487,.F.);
#12906 = ORIENTED_EDGE('',*,*,#12900,.F.);
#12907 = CYLINDRICAL_SURFACE('',#12908,0.65);
#12908 = AXIS2_PLACEMENT_3D('',#12909,#12910,#12911);
#12909 = CARTESIAN_POINT('',(216.7375,-95.,-4.5E-02));
#12910 = DIRECTION('',(-0.,-0.,-1.));
#12911 = DIRECTION('',(-0.,-1.,0.));
#12912 = ADVANCED_FACE('',(#12913),#12924,.F.);
#12913 = FACE_BOUND('',#12914,.T.);
#12914 = EDGE_LOOP('',(#12915,#12916,#12922,#12923));
#12915 = ORIENTED_EDGE('',*,*,#8840,.T.);
#12916 = ORIENTED_EDGE('',*,*,#12917,.T.);
#12917 = EDGE_CURVE('',#8841,#10499,#12918,.T.);
#12918 = LINE('',#12919,#12920);
#12919 = CARTESIAN_POINT('',(222.,-95.4,-4.5E-02));
#12920 = VECTOR('',#12921,1.);
#12921 = DIRECTION('',(0.,0.,1.));
#12922 = ORIENTED_EDGE('',*,*,#10498,.F.);
#12923 = ORIENTED_EDGE('',*,*,#12917,.F.);
#12924 = CYLINDRICAL_SURFACE('',#12925,0.4);
#12925 = AXIS2_PLACEMENT_3D('',#12926,#12927,#12928);
#12926 = CARTESIAN_POINT('',(222.,-95.,-4.5E-02));
#12927 = DIRECTION('',(-0.,-0.,-1.));
#12928 = DIRECTION('',(-0.,-1.,0.));
#12929 = ADVANCED_FACE('',(#12930),#12941,.F.);
#12930 = FACE_BOUND('',#12931,.T.);
#12931 = EDGE_LOOP('',(#12932,#12933,#12939,#12940));
#12932 = ORIENTED_EDGE('',*,*,#8851,.T.);
#12933 = ORIENTED_EDGE('',*,*,#12934,.T.);
#12934 = EDGE_CURVE('',#8852,#10510,#12935,.T.);
#12935 = LINE('',#12936,#12937);
#12936 = CARTESIAN_POINT('',(226.,-95.4,-4.5E-02));
#12937 = VECTOR('',#12938,1.);
#12938 = DIRECTION('',(0.,0.,1.));
#12939 = ORIENTED_EDGE('',*,*,#10509,.F.);
#12940 = ORIENTED_EDGE('',*,*,#12934,.F.);
#12941 = CYLINDRICAL_SURFACE('',#12942,0.4);
#12942 = AXIS2_PLACEMENT_3D('',#12943,#12944,#12945);
#12943 = CARTESIAN_POINT('',(226.,-95.,-4.5E-02));
#12944 = DIRECTION('',(-0.,-0.,-1.));
#12945 = DIRECTION('',(-0.,-1.,0.));
#12946 = ADVANCED_FACE('',(#12947),#12958,.F.);
#12947 = FACE_BOUND('',#12948,.T.);
#12948 = EDGE_LOOP('',(#12949,#12950,#12956,#12957));
#12949 = ORIENTED_EDGE('',*,*,#8862,.T.);
#12950 = ORIENTED_EDGE('',*,*,#12951,.T.);
#12951 = EDGE_CURVE('',#8863,#10521,#12952,.T.);
#12952 = LINE('',#12953,#12954);
#12953 = CARTESIAN_POINT('',(222.,-91.46,-4.5E-02));
#12954 = VECTOR('',#12955,1.);
#12955 = DIRECTION('',(0.,0.,1.));
#12956 = ORIENTED_EDGE('',*,*,#10520,.F.);
#12957 = ORIENTED_EDGE('',*,*,#12951,.F.);
#12958 = CYLINDRICAL_SURFACE('',#12959,0.4);
#12959 = AXIS2_PLACEMENT_3D('',#12960,#12961,#12962);
#12960 = CARTESIAN_POINT('',(222.,-91.06,-4.5E-02));
#12961 = DIRECTION('',(-0.,-0.,-1.));
#12962 = DIRECTION('',(-0.,-1.,0.));
#12963 = ADVANCED_FACE('',(#12964),#12975,.F.);
#12964 = FACE_BOUND('',#12965,.T.);
#12965 = EDGE_LOOP('',(#12966,#12967,#12973,#12974));
#12966 = ORIENTED_EDGE('',*,*,#8873,.T.);
#12967 = ORIENTED_EDGE('',*,*,#12968,.T.);
#12968 = EDGE_CURVE('',#8874,#10532,#12969,.T.);
#12969 = LINE('',#12970,#12971);
#12970 = CARTESIAN_POINT('',(226.,-86.3,-4.5E-02));
#12971 = VECTOR('',#12972,1.);
#12972 = DIRECTION('',(0.,0.,1.));
#12973 = ORIENTED_EDGE('',*,*,#10531,.F.);
#12974 = ORIENTED_EDGE('',*,*,#12968,.F.);
#12975 = CYLINDRICAL_SURFACE('',#12976,0.4);
#12976 = AXIS2_PLACEMENT_3D('',#12977,#12978,#12979);
#12977 = CARTESIAN_POINT('',(226.,-85.9,-4.5E-02));
#12978 = DIRECTION('',(-0.,-0.,-1.));
#12979 = DIRECTION('',(-0.,-1.,0.));
#12980 = ADVANCED_FACE('',(#12981),#12997,.F.);
#12981 = FACE_BOUND('',#12982,.T.);
#12982 = EDGE_LOOP('',(#12983,#12984,#12990,#12991));
#12983 = ORIENTED_EDGE('',*,*,#8884,.T.);
#12984 = ORIENTED_EDGE('',*,*,#12985,.T.);
#12985 = EDGE_CURVE('',#8887,#10545,#12986,.T.);
#12986 = LINE('',#12987,#12988);
#12987 = CARTESIAN_POINT('',(175.3935,-77.,-4.5E-02));
#12988 = VECTOR('',#12989,1.);
#12989 = DIRECTION('',(0.,0.,1.));
#12990 = ORIENTED_EDGE('',*,*,#10542,.F.);
#12991 = ORIENTED_EDGE('',*,*,#12992,.F.);
#12992 = EDGE_CURVE('',#8885,#10543,#12993,.T.);
#12993 = LINE('',#12994,#12995);
#12994 = CARTESIAN_POINT('',(176.3935,-77.,-4.5E-02));
#12995 = VECTOR('',#12996,1.);
#12996 = DIRECTION('',(0.,0.,1.));
#12997 = CYLINDRICAL_SURFACE('',#12998,0.5);
#12998 = AXIS2_PLACEMENT_3D('',#12999,#13000,#13001);
#12999 = CARTESIAN_POINT('',(175.8935,-77.,-4.5E-02));
#13000 = DIRECTION('',(-0.,-0.,-1.));
#13001 = DIRECTION('',(-1.,0.,-0.));
#13002 = ADVANCED_FACE('',(#13003),#13014,.T.);
#13003 = FACE_BOUND('',#13004,.T.);
#13004 = EDGE_LOOP('',(#13005,#13006,#13007,#13008));
#13005 = ORIENTED_EDGE('',*,*,#8912,.T.);
#13006 = ORIENTED_EDGE('',*,*,#12992,.T.);
#13007 = ORIENTED_EDGE('',*,*,#10570,.F.);
#13008 = ORIENTED_EDGE('',*,*,#13009,.F.);
#13009 = EDGE_CURVE('',#8904,#10562,#13010,.T.);
#13010 = LINE('',#13011,#13012);
#13011 = CARTESIAN_POINT('',(176.3935,-75.,-4.5E-02));
#13012 = VECTOR('',#13013,1.);
#13013 = DIRECTION('',(0.,0.,1.));
#13014 = PLANE('',#13015);
#13015 = AXIS2_PLACEMENT_3D('',#13016,#13017,#13018);
#13016 = CARTESIAN_POINT('',(176.3935,-77.,-4.5E-02));
#13017 = DIRECTION('',(-1.,0.,0.));
#13018 = DIRECTION('',(0.,1.,0.));
#13019 = ADVANCED_FACE('',(#13020),#13031,.F.);
#13020 = FACE_BOUND('',#13021,.T.);
#13021 = EDGE_LOOP('',(#13022,#13023,#13024,#13025));
#13022 = ORIENTED_EDGE('',*,*,#8903,.T.);
#13023 = ORIENTED_EDGE('',*,*,#13009,.T.);
#13024 = ORIENTED_EDGE('',*,*,#10561,.F.);
#13025 = ORIENTED_EDGE('',*,*,#13026,.F.);
#13026 = EDGE_CURVE('',#8896,#10554,#13027,.T.);
#13027 = LINE('',#13028,#13029);
#13028 = CARTESIAN_POINT('',(175.3935,-75.,-4.5E-02));
#13029 = VECTOR('',#13030,1.);
#13030 = DIRECTION('',(0.,0.,1.));
#13031 = CYLINDRICAL_SURFACE('',#13032,0.5);
#13032 = AXIS2_PLACEMENT_3D('',#13033,#13034,#13035);
#13033 = CARTESIAN_POINT('',(175.8935,-75.,-4.5E-02));
#13034 = DIRECTION('',(-0.,-0.,-1.));
#13035 = DIRECTION('',(1.,0.,-0.));
#13036 = ADVANCED_FACE('',(#13037),#13043,.T.);
#13037 = FACE_BOUND('',#13038,.T.);
#13038 = EDGE_LOOP('',(#13039,#13040,#13041,#13042));
#13039 = ORIENTED_EDGE('',*,*,#8895,.T.);
#13040 = ORIENTED_EDGE('',*,*,#13026,.T.);
#13041 = ORIENTED_EDGE('',*,*,#10553,.F.);
#13042 = ORIENTED_EDGE('',*,*,#12985,.F.);
#13043 = PLANE('',#13044);
#13044 = AXIS2_PLACEMENT_3D('',#13045,#13046,#13047);
#13045 = CARTESIAN_POINT('',(175.3935,-75.,-4.5E-02));
#13046 = DIRECTION('',(1.,0.,-0.));
#13047 = DIRECTION('',(0.,-1.,0.));
#13048 = ADVANCED_FACE('',(#13049),#13065,.F.);
#13049 = FACE_BOUND('',#13050,.T.);
#13050 = EDGE_LOOP('',(#13051,#13052,#13058,#13059));
#13051 = ORIENTED_EDGE('',*,*,#8920,.T.);
#13052 = ORIENTED_EDGE('',*,*,#13053,.T.);
#13053 = EDGE_CURVE('',#8923,#10581,#13054,.T.);
#13054 = LINE('',#13055,#13056);
#13055 = CARTESIAN_POINT('',(179.5935,-78.5,-4.5E-02));
#13056 = VECTOR('',#13057,1.);
#13057 = DIRECTION('',(0.,0.,1.));
#13058 = ORIENTED_EDGE('',*,*,#10578,.F.);
#13059 = ORIENTED_EDGE('',*,*,#13060,.F.);
#13060 = EDGE_CURVE('',#8921,#10579,#13061,.T.);
#13061 = LINE('',#13062,#13063);
#13062 = CARTESIAN_POINT('',(179.5935,-79.5,-4.5E-02));
#13063 = VECTOR('',#13064,1.);
#13064 = DIRECTION('',(0.,0.,1.));
#13065 = CYLINDRICAL_SURFACE('',#13066,0.5);
#13066 = AXIS2_PLACEMENT_3D('',#13067,#13068,#13069);
#13067 = CARTESIAN_POINT('',(179.5935,-79.,-4.5E-02));
#13068 = DIRECTION('',(-0.,0.,-1.));
#13069 = DIRECTION('',(0.,1.,0.));
#13070 = ADVANCED_FACE('',(#13071),#13082,.T.);
#13071 = FACE_BOUND('',#13072,.T.);
#13072 = EDGE_LOOP('',(#13073,#13074,#13075,#13076));
#13073 = ORIENTED_EDGE('',*,*,#8948,.T.);
#13074 = ORIENTED_EDGE('',*,*,#13060,.T.);
#13075 = ORIENTED_EDGE('',*,*,#10606,.F.);
#13076 = ORIENTED_EDGE('',*,*,#13077,.F.);
#13077 = EDGE_CURVE('',#8940,#10598,#13078,.T.);
#13078 = LINE('',#13079,#13080);
#13079 = CARTESIAN_POINT('',(181.5935,-79.5,-4.5E-02));
#13080 = VECTOR('',#13081,1.);
#13081 = DIRECTION('',(0.,0.,1.));
#13082 = PLANE('',#13083);
#13083 = AXIS2_PLACEMENT_3D('',#13084,#13085,#13086);
#13084 = CARTESIAN_POINT('',(179.5935,-79.5,-4.5E-02));
#13085 = DIRECTION('',(0.,1.,0.));
#13086 = DIRECTION('',(1.,0.,0.));
#13087 = ADVANCED_FACE('',(#13088),#13099,.F.);
#13088 = FACE_BOUND('',#13089,.T.);
#13089 = EDGE_LOOP('',(#13090,#13091,#13092,#13093));
#13090 = ORIENTED_EDGE('',*,*,#8939,.T.);
#13091 = ORIENTED_EDGE('',*,*,#13077,.T.);
#13092 = ORIENTED_EDGE('',*,*,#10597,.F.);
#13093 = ORIENTED_EDGE('',*,*,#13094,.F.);
#13094 = EDGE_CURVE('',#8932,#10590,#13095,.T.);
#13095 = LINE('',#13096,#13097);
#13096 = CARTESIAN_POINT('',(181.5935,-78.5,-4.5E-02));
#13097 = VECTOR('',#13098,1.);
#13098 = DIRECTION('',(0.,0.,1.));
#13099 = CYLINDRICAL_SURFACE('',#13100,0.5);
#13100 = AXIS2_PLACEMENT_3D('',#13101,#13102,#13103);
#13101 = CARTESIAN_POINT('',(181.5935,-79.,-4.5E-02));
#13102 = DIRECTION('',(-0.,-0.,-1.));
#13103 = DIRECTION('',(-0.,-1.,0.));
#13104 = ADVANCED_FACE('',(#13105),#13111,.T.);
#13105 = FACE_BOUND('',#13106,.T.);
#13106 = EDGE_LOOP('',(#13107,#13108,#13109,#13110));
#13107 = ORIENTED_EDGE('',*,*,#8931,.T.);
#13108 = ORIENTED_EDGE('',*,*,#13094,.T.);
#13109 = ORIENTED_EDGE('',*,*,#10589,.F.);
#13110 = ORIENTED_EDGE('',*,*,#13053,.F.);
#13111 = PLANE('',#13112);
#13112 = AXIS2_PLACEMENT_3D('',#13113,#13114,#13115);
#13113 = CARTESIAN_POINT('',(181.5935,-78.5,-4.5E-02));
#13114 = DIRECTION('',(0.,-1.,0.));
#13115 = DIRECTION('',(-1.,0.,0.));
#13116 = ADVANCED_FACE('',(#13117),#13133,.F.);
#13117 = FACE_BOUND('',#13118,.T.);
#13118 = EDGE_LOOP('',(#13119,#13120,#13126,#13127));
#13119 = ORIENTED_EDGE('',*,*,#8956,.T.);
#13120 = ORIENTED_EDGE('',*,*,#13121,.T.);
#13121 = EDGE_CURVE('',#8959,#10617,#13122,.T.);
#13122 = LINE('',#13123,#13124);
#13123 = CARTESIAN_POINT('',(179.5935,-72.5,-4.5E-02));
#13124 = VECTOR('',#13125,1.);
#13125 = DIRECTION('',(0.,0.,1.));
#13126 = ORIENTED_EDGE('',*,*,#10614,.F.);
#13127 = ORIENTED_EDGE('',*,*,#13128,.F.);
#13128 = EDGE_CURVE('',#8957,#10615,#13129,.T.);
#13129 = LINE('',#13130,#13131);
#13130 = CARTESIAN_POINT('',(179.5935,-73.5,-4.5E-02));
#13131 = VECTOR('',#13132,1.);
#13132 = DIRECTION('',(0.,0.,1.));
#13133 = CYLINDRICAL_SURFACE('',#13134,0.5);
#13134 = AXIS2_PLACEMENT_3D('',#13135,#13136,#13137);
#13135 = CARTESIAN_POINT('',(179.5935,-73.,-4.5E-02));
#13136 = DIRECTION('',(-0.,0.,-1.));
#13137 = DIRECTION('',(0.,1.,0.));
#13138 = ADVANCED_FACE('',(#13139),#13150,.T.);
#13139 = FACE_BOUND('',#13140,.T.);
#13140 = EDGE_LOOP('',(#13141,#13142,#13143,#13144));
#13141 = ORIENTED_EDGE('',*,*,#8984,.T.);
#13142 = ORIENTED_EDGE('',*,*,#13128,.T.);
#13143 = ORIENTED_EDGE('',*,*,#10642,.F.);
#13144 = ORIENTED_EDGE('',*,*,#13145,.F.);
#13145 = EDGE_CURVE('',#8976,#10634,#13146,.T.);
#13146 = LINE('',#13147,#13148);
#13147 = CARTESIAN_POINT('',(181.5935,-73.5,-4.5E-02));
#13148 = VECTOR('',#13149,1.);
#13149 = DIRECTION('',(0.,0.,1.));
#13150 = PLANE('',#13151);
#13151 = AXIS2_PLACEMENT_3D('',#13152,#13153,#13154);
#13152 = CARTESIAN_POINT('',(179.5935,-73.5,-4.5E-02));
#13153 = DIRECTION('',(0.,1.,0.));
#13154 = DIRECTION('',(1.,0.,0.));
#13155 = ADVANCED_FACE('',(#13156),#13167,.F.);
#13156 = FACE_BOUND('',#13157,.T.);
#13157 = EDGE_LOOP('',(#13158,#13159,#13160,#13161));
#13158 = ORIENTED_EDGE('',*,*,#8975,.T.);
#13159 = ORIENTED_EDGE('',*,*,#13145,.T.);
#13160 = ORIENTED_EDGE('',*,*,#10633,.F.);
#13161 = ORIENTED_EDGE('',*,*,#13162,.F.);
#13162 = EDGE_CURVE('',#8968,#10626,#13163,.T.);
#13163 = LINE('',#13164,#13165);
#13164 = CARTESIAN_POINT('',(181.5935,-72.5,-4.5E-02));
#13165 = VECTOR('',#13166,1.);
#13166 = DIRECTION('',(0.,0.,1.));
#13167 = CYLINDRICAL_SURFACE('',#13168,0.5);
#13168 = AXIS2_PLACEMENT_3D('',#13169,#13170,#13171);
#13169 = CARTESIAN_POINT('',(181.5935,-73.,-4.5E-02));
#13170 = DIRECTION('',(-0.,-0.,-1.));
#13171 = DIRECTION('',(-0.,-1.,0.));
#13172 = ADVANCED_FACE('',(#13173),#13179,.T.);
#13173 = FACE_BOUND('',#13174,.T.);
#13174 = EDGE_LOOP('',(#13175,#13176,#13177,#13178));
#13175 = ORIENTED_EDGE('',*,*,#8967,.T.);
#13176 = ORIENTED_EDGE('',*,*,#13162,.T.);
#13177 = ORIENTED_EDGE('',*,*,#10625,.F.);
#13178 = ORIENTED_EDGE('',*,*,#13121,.F.);
#13179 = PLANE('',#13180);
#13180 = AXIS2_PLACEMENT_3D('',#13181,#13182,#13183);
#13181 = CARTESIAN_POINT('',(181.5935,-72.5,-4.5E-02));
#13182 = DIRECTION('',(0.,-1.,0.));
#13183 = DIRECTION('',(-1.,0.,0.));
#13184 = ADVANCED_FACE('',(#13185),#13196,.F.);
#13185 = FACE_BOUND('',#13186,.T.);
#13186 = EDGE_LOOP('',(#13187,#13188,#13194,#13195));
#13187 = ORIENTED_EDGE('',*,*,#8992,.T.);
#13188 = ORIENTED_EDGE('',*,*,#13189,.T.);
#13189 = EDGE_CURVE('',#8993,#10651,#13190,.T.);
#13190 = LINE('',#13191,#13192);
#13191 = CARTESIAN_POINT('',(170.456,-68.5,-4.5E-02));
#13192 = VECTOR('',#13193,1.);
#13193 = DIRECTION('',(0.,0.,1.));
#13194 = ORIENTED_EDGE('',*,*,#10650,.F.);
#13195 = ORIENTED_EDGE('',*,*,#13189,.F.);
#13196 = CYLINDRICAL_SURFACE('',#13197,0.5);
#13197 = AXIS2_PLACEMENT_3D('',#13198,#13199,#13200);
#13198 = CARTESIAN_POINT('',(170.456,-68.,-4.5E-02));
#13199 = DIRECTION('',(-0.,-0.,-1.));
#13200 = DIRECTION('',(-0.,-1.,0.));
#13201 = ADVANCED_FACE('',(#13202),#13213,.F.);
#13202 = FACE_BOUND('',#13203,.T.);
#13203 = EDGE_LOOP('',(#13204,#13205,#13211,#13212));
#13204 = ORIENTED_EDGE('',*,*,#9003,.T.);
#13205 = ORIENTED_EDGE('',*,*,#13206,.T.);
#13206 = EDGE_CURVE('',#9004,#10662,#13207,.T.);
#13207 = LINE('',#13208,#13209);
#13208 = CARTESIAN_POINT('',(188.92,-81.3,-4.5E-02));
#13209 = VECTOR('',#13210,1.);
#13210 = DIRECTION('',(0.,0.,1.));
#13211 = ORIENTED_EDGE('',*,*,#10661,.F.);
#13212 = ORIENTED_EDGE('',*,*,#13206,.F.);
#13213 = CYLINDRICAL_SURFACE('',#13214,0.4);
#13214 = AXIS2_PLACEMENT_3D('',#13215,#13216,#13217);
#13215 = CARTESIAN_POINT('',(188.92,-80.9,-4.5E-02));
#13216 = DIRECTION('',(-0.,-0.,-1.));
#13217 = DIRECTION('',(-7.105427357601E-14,-1.,0.));
#13218 = ADVANCED_FACE('',(#13219),#13230,.F.);
#13219 = FACE_BOUND('',#13220,.T.);
#13220 = EDGE_LOOP('',(#13221,#13222,#13228,#13229));
#13221 = ORIENTED_EDGE('',*,*,#9014,.T.);
#13222 = ORIENTED_EDGE('',*,*,#13223,.T.);
#13223 = EDGE_CURVE('',#9015,#10673,#13224,.T.);
#13224 = LINE('',#13225,#13226);
#13225 = CARTESIAN_POINT('',(199.08,-81.3,-4.5E-02));
#13226 = VECTOR('',#13227,1.);
#13227 = DIRECTION('',(0.,0.,1.));
#13228 = ORIENTED_EDGE('',*,*,#10672,.F.);
#13229 = ORIENTED_EDGE('',*,*,#13223,.F.);
#13230 = CYLINDRICAL_SURFACE('',#13231,0.4);
#13231 = AXIS2_PLACEMENT_3D('',#13232,#13233,#13234);
#13232 = CARTESIAN_POINT('',(199.08,-80.9,-4.5E-02));
#13233 = DIRECTION('',(-0.,0.,-1.));
#13234 = DIRECTION('',(7.105427357601E-14,-1.,-0.));
#13235 = ADVANCED_FACE('',(#13236),#13247,.F.);
#13236 = FACE_BOUND('',#13237,.T.);
#13237 = EDGE_LOOP('',(#13238,#13239,#13245,#13246));
#13238 = ORIENTED_EDGE('',*,*,#9025,.T.);
#13239 = ORIENTED_EDGE('',*,*,#13240,.T.);
#13240 = EDGE_CURVE('',#9026,#10684,#13241,.T.);
#13241 = LINE('',#13242,#13243);
#13242 = CARTESIAN_POINT('',(203.5,-81.5,-4.5E-02));
#13243 = VECTOR('',#13244,1.);
#13244 = DIRECTION('',(0.,0.,1.));
#13245 = ORIENTED_EDGE('',*,*,#10683,.F.);
#13246 = ORIENTED_EDGE('',*,*,#13240,.F.);
#13247 = CYLINDRICAL_SURFACE('',#13248,0.6);
#13248 = AXIS2_PLACEMENT_3D('',#13249,#13250,#13251);
#13249 = CARTESIAN_POINT('',(203.5,-80.9,-4.5E-02));
#13250 = DIRECTION('',(-0.,-0.,-1.));
#13251 = DIRECTION('',(-0.,-1.,0.));
#13252 = ADVANCED_FACE('',(#13253),#13264,.F.);
#13253 = FACE_BOUND('',#13254,.T.);
#13254 = EDGE_LOOP('',(#13255,#13256,#13262,#13263));
#13255 = ORIENTED_EDGE('',*,*,#9036,.T.);
#13256 = ORIENTED_EDGE('',*,*,#13257,.T.);
#13257 = EDGE_CURVE('',#9037,#10695,#13258,.T.);
#13258 = LINE('',#13259,#13260);
#13259 = CARTESIAN_POINT('',(194.08,-77.4,-4.5E-02));
#13260 = VECTOR('',#13261,1.);
#13261 = DIRECTION('',(0.,0.,1.));
#13262 = ORIENTED_EDGE('',*,*,#10694,.F.);
#13263 = ORIENTED_EDGE('',*,*,#13257,.F.);
#13264 = CYLINDRICAL_SURFACE('',#13265,0.4);
#13265 = AXIS2_PLACEMENT_3D('',#13266,#13267,#13268);
#13266 = CARTESIAN_POINT('',(194.08,-77.,-4.5E-02));
#13267 = DIRECTION('',(-0.,0.,-1.));
#13268 = DIRECTION('',(7.105427357601E-14,-1.,-0.));
#13269 = ADVANCED_FACE('',(#13270),#13281,.F.);
#13270 = FACE_BOUND('',#13271,.T.);
#13271 = EDGE_LOOP('',(#13272,#13273,#13279,#13280));
#13272 = ORIENTED_EDGE('',*,*,#9047,.T.);
#13273 = ORIENTED_EDGE('',*,*,#13274,.T.);
#13274 = EDGE_CURVE('',#9048,#10706,#13275,.T.);
#13275 = LINE('',#13276,#13277);
#13276 = CARTESIAN_POINT('',(199.08,-77.4,-4.5E-02));
#13277 = VECTOR('',#13278,1.);
#13278 = DIRECTION('',(0.,0.,1.));
#13279 = ORIENTED_EDGE('',*,*,#10705,.F.);
#13280 = ORIENTED_EDGE('',*,*,#13274,.F.);
#13281 = CYLINDRICAL_SURFACE('',#13282,0.4);
#13282 = AXIS2_PLACEMENT_3D('',#13283,#13284,#13285);
#13283 = CARTESIAN_POINT('',(199.08,-77.,-4.5E-02));
#13284 = DIRECTION('',(-0.,0.,-1.));
#13285 = DIRECTION('',(7.105427357601E-14,-1.,-0.));
#13286 = ADVANCED_FACE('',(#13287),#13298,.F.);
#13287 = FACE_BOUND('',#13288,.T.);
#13288 = EDGE_LOOP('',(#13289,#13290,#13296,#13297));
#13289 = ORIENTED_EDGE('',*,*,#9058,.T.);
#13290 = ORIENTED_EDGE('',*,*,#13291,.T.);
#13291 = EDGE_CURVE('',#9059,#10717,#13292,.T.);
#13292 = LINE('',#13293,#13294);
#13293 = CARTESIAN_POINT('',(203.5,-76.5,-4.5E-02));
#13294 = VECTOR('',#13295,1.);
#13295 = DIRECTION('',(0.,0.,1.));
#13296 = ORIENTED_EDGE('',*,*,#10716,.F.);
#13297 = ORIENTED_EDGE('',*,*,#13291,.F.);
#13298 = CYLINDRICAL_SURFACE('',#13299,0.6);
#13299 = AXIS2_PLACEMENT_3D('',#13300,#13301,#13302);
#13300 = CARTESIAN_POINT('',(203.5,-75.9,-4.5E-02));
#13301 = DIRECTION('',(-0.,-0.,-1.));
#13302 = DIRECTION('',(-0.,-1.,0.));
#13303 = ADVANCED_FACE('',(#13304),#13320,.F.);
#13304 = FACE_BOUND('',#13305,.T.);
#13305 = EDGE_LOOP('',(#13306,#13307,#13313,#13314));
#13306 = ORIENTED_EDGE('',*,*,#9069,.T.);
#13307 = ORIENTED_EDGE('',*,*,#13308,.T.);
#13308 = EDGE_CURVE('',#9072,#10730,#13309,.T.);
#13309 = LINE('',#13310,#13311);
#13310 = CARTESIAN_POINT('',(210.65,-85.,-4.5E-02));
#13311 = VECTOR('',#13312,1.);
#13312 = DIRECTION('',(0.,0.,1.));
#13313 = ORIENTED_EDGE('',*,*,#10727,.F.);
#13314 = ORIENTED_EDGE('',*,*,#13315,.F.);
#13315 = EDGE_CURVE('',#9070,#10728,#13316,.T.);
#13316 = LINE('',#13317,#13318);
#13317 = CARTESIAN_POINT('',(210.65,-83.,-4.5E-02));
#13318 = VECTOR('',#13319,1.);
#13319 = DIRECTION('',(0.,0.,1.));
#13320 = CYLINDRICAL_SURFACE('',#13321,1.);
#13321 = AXIS2_PLACEMENT_3D('',#13322,#13323,#13324);
#13322 = CARTESIAN_POINT('',(210.65,-84.,-4.5E-02));
#13323 = DIRECTION('',(-0.,-0.,-1.));
#13324 = DIRECTION('',(-0.,-1.,0.));
#13325 = ADVANCED_FACE('',(#13326),#13337,.T.);
#13326 = FACE_BOUND('',#13327,.T.);
#13327 = EDGE_LOOP('',(#13328,#13329,#13330,#13331));
#13328 = ORIENTED_EDGE('',*,*,#9097,.T.);
#13329 = ORIENTED_EDGE('',*,*,#13315,.T.);
#13330 = ORIENTED_EDGE('',*,*,#10755,.F.);
#13331 = ORIENTED_EDGE('',*,*,#13332,.F.);
#13332 = EDGE_CURVE('',#9089,#10747,#13333,.T.);
#13333 = LINE('',#13334,#13335);
#13334 = CARTESIAN_POINT('',(210.35,-83.,-4.5E-02));
#13335 = VECTOR('',#13336,1.);
#13336 = DIRECTION('',(0.,0.,1.));
#13337 = PLANE('',#13338);
#13338 = AXIS2_PLACEMENT_3D('',#13339,#13340,#13341);
#13339 = CARTESIAN_POINT('',(210.65,-83.,-4.5E-02));
#13340 = DIRECTION('',(0.,-1.,0.));
#13341 = DIRECTION('',(-1.,0.,0.));
#13342 = ADVANCED_FACE('',(#13343),#13354,.F.);
#13343 = FACE_BOUND('',#13344,.T.);
#13344 = EDGE_LOOP('',(#13345,#13346,#13347,#13348));
#13345 = ORIENTED_EDGE('',*,*,#9088,.T.);
#13346 = ORIENTED_EDGE('',*,*,#13332,.T.);
#13347 = ORIENTED_EDGE('',*,*,#10746,.F.);
#13348 = ORIENTED_EDGE('',*,*,#13349,.F.);
#13349 = EDGE_CURVE('',#9081,#10739,#13350,.T.);
#13350 = LINE('',#13351,#13352);
#13351 = CARTESIAN_POINT('',(210.35,-85.,-4.5E-02));
#13352 = VECTOR('',#13353,1.);
#13353 = DIRECTION('',(0.,0.,1.));
#13354 = CYLINDRICAL_SURFACE('',#13355,1.);
#13355 = AXIS2_PLACEMENT_3D('',#13356,#13357,#13358);
#13356 = CARTESIAN_POINT('',(210.35,-84.,-4.5E-02));
#13357 = DIRECTION('',(-0.,0.,-1.));
#13358 = DIRECTION('',(0.,1.,0.));
#13359 = ADVANCED_FACE('',(#13360),#13366,.T.);
#13360 = FACE_BOUND('',#13361,.T.);
#13361 = EDGE_LOOP('',(#13362,#13363,#13364,#13365));
#13362 = ORIENTED_EDGE('',*,*,#9080,.T.);
#13363 = ORIENTED_EDGE('',*,*,#13349,.T.);
#13364 = ORIENTED_EDGE('',*,*,#10738,.F.);
#13365 = ORIENTED_EDGE('',*,*,#13308,.F.);
#13366 = PLANE('',#13367);
#13367 = AXIS2_PLACEMENT_3D('',#13368,#13369,#13370);
#13368 = CARTESIAN_POINT('',(210.35,-85.,-4.5E-02));
#13369 = DIRECTION('',(0.,1.,0.));
#13370 = DIRECTION('',(1.,0.,0.));
#13371 = ADVANCED_FACE('',(#13372),#13383,.F.);
#13372 = FACE_BOUND('',#13373,.T.);
#13373 = EDGE_LOOP('',(#13374,#13375,#13381,#13382));
#13374 = ORIENTED_EDGE('',*,*,#9105,.T.);
#13375 = ORIENTED_EDGE('',*,*,#13376,.T.);
#13376 = EDGE_CURVE('',#9106,#10764,#13377,.T.);
#13377 = LINE('',#13378,#13379);
#13378 = CARTESIAN_POINT('',(218.,-81.5,-4.5E-02));
#13379 = VECTOR('',#13380,1.);
#13380 = DIRECTION('',(0.,0.,1.));
#13381 = ORIENTED_EDGE('',*,*,#10763,.F.);
#13382 = ORIENTED_EDGE('',*,*,#13376,.F.);
#13383 = CYLINDRICAL_SURFACE('',#13384,0.6);
#13384 = AXIS2_PLACEMENT_3D('',#13385,#13386,#13387);
#13385 = CARTESIAN_POINT('',(218.,-80.9,-4.5E-02));
#13386 = DIRECTION('',(-0.,-0.,-1.));
#13387 = DIRECTION('',(-0.,-1.,0.));
#13388 = ADVANCED_FACE('',(#13389),#13400,.F.);
#13389 = FACE_BOUND('',#13390,.T.);
#13390 = EDGE_LOOP('',(#13391,#13392,#13398,#13399));
#13391 = ORIENTED_EDGE('',*,*,#9116,.T.);
#13392 = ORIENTED_EDGE('',*,*,#13393,.T.);
#13393 = EDGE_CURVE('',#9117,#10775,#13394,.T.);
#13394 = LINE('',#13395,#13396);
#13395 = CARTESIAN_POINT('',(222.,-81.3,-4.5E-02));
#13396 = VECTOR('',#13397,1.);
#13397 = DIRECTION('',(0.,0.,1.));
#13398 = ORIENTED_EDGE('',*,*,#10774,.F.);
#13399 = ORIENTED_EDGE('',*,*,#13393,.F.);
#13400 = CYLINDRICAL_SURFACE('',#13401,0.4);
#13401 = AXIS2_PLACEMENT_3D('',#13402,#13403,#13404);
#13402 = CARTESIAN_POINT('',(222.,-80.9,-4.5E-02));
#13403 = DIRECTION('',(-0.,-0.,-1.));
#13404 = DIRECTION('',(-0.,-1.,0.));
#13405 = ADVANCED_FACE('',(#13406),#13417,.F.);
#13406 = FACE_BOUND('',#13407,.T.);
#13407 = EDGE_LOOP('',(#13408,#13409,#13415,#13416));
#13408 = ORIENTED_EDGE('',*,*,#9127,.T.);
#13409 = ORIENTED_EDGE('',*,*,#13410,.T.);
#13410 = EDGE_CURVE('',#9128,#10786,#13411,.T.);
#13411 = LINE('',#13412,#13413);
#13412 = CARTESIAN_POINT('',(226.,-81.3,-4.5E-02));
#13413 = VECTOR('',#13414,1.);
#13414 = DIRECTION('',(0.,0.,1.));
#13415 = ORIENTED_EDGE('',*,*,#10785,.F.);
#13416 = ORIENTED_EDGE('',*,*,#13410,.F.);
#13417 = CYLINDRICAL_SURFACE('',#13418,0.4);
#13418 = AXIS2_PLACEMENT_3D('',#13419,#13420,#13421);
#13419 = CARTESIAN_POINT('',(226.,-80.9,-4.5E-02));
#13420 = DIRECTION('',(-0.,-0.,-1.));
#13421 = DIRECTION('',(-0.,-1.,0.));
#13422 = ADVANCED_FACE('',(#13423),#13434,.F.);
#13423 = FACE_BOUND('',#13424,.T.);
#13424 = EDGE_LOOP('',(#13425,#13426,#13432,#13433));
#13425 = ORIENTED_EDGE('',*,*,#9138,.T.);
#13426 = ORIENTED_EDGE('',*,*,#13427,.T.);
#13427 = EDGE_CURVE('',#9139,#10797,#13428,.T.);
#13428 = LINE('',#13429,#13430);
#13429 = CARTESIAN_POINT('',(218.,-79.,-4.5E-02));
#13430 = VECTOR('',#13431,1.);
#13431 = DIRECTION('',(0.,0.,1.));
#13432 = ORIENTED_EDGE('',*,*,#10796,.F.);
#13433 = ORIENTED_EDGE('',*,*,#13427,.F.);
#13434 = CYLINDRICAL_SURFACE('',#13435,0.6);
#13435 = AXIS2_PLACEMENT_3D('',#13436,#13437,#13438);
#13436 = CARTESIAN_POINT('',(218.,-78.4,-4.5E-02));
#13437 = DIRECTION('',(-0.,-0.,-1.));
#13438 = DIRECTION('',(-0.,-1.,0.));
#13439 = ADVANCED_FACE('',(#13440),#13451,.F.);
#13440 = FACE_BOUND('',#13441,.T.);
#13441 = EDGE_LOOP('',(#13442,#13443,#13449,#13450));
#13442 = ORIENTED_EDGE('',*,*,#9149,.T.);
#13443 = ORIENTED_EDGE('',*,*,#13444,.T.);
#13444 = EDGE_CURVE('',#9150,#10808,#13445,.T.);
#13445 = LINE('',#13446,#13447);
#13446 = CARTESIAN_POINT('',(218.,-76.5,-4.5E-02));
#13447 = VECTOR('',#13448,1.);
#13448 = DIRECTION('',(0.,0.,1.));
#13449 = ORIENTED_EDGE('',*,*,#10807,.F.);
#13450 = ORIENTED_EDGE('',*,*,#13444,.F.);
#13451 = CYLINDRICAL_SURFACE('',#13452,0.6);
#13452 = AXIS2_PLACEMENT_3D('',#13453,#13454,#13455);
#13453 = CARTESIAN_POINT('',(218.,-75.9,-4.5E-02));
#13454 = DIRECTION('',(-0.,-0.,-1.));
#13455 = DIRECTION('',(-0.,-1.,0.));
#13456 = ADVANCED_FACE('',(#13457),#13468,.F.);
#13457 = FACE_BOUND('',#13458,.T.);
#13458 = EDGE_LOOP('',(#13459,#13460,#13466,#13467));
#13459 = ORIENTED_EDGE('',*,*,#9160,.T.);
#13460 = ORIENTED_EDGE('',*,*,#13461,.T.);
#13461 = EDGE_CURVE('',#9161,#10819,#13462,.T.);
#13462 = LINE('',#13463,#13464);
#13463 = CARTESIAN_POINT('',(222.,-76.3,-4.5E-02));
#13464 = VECTOR('',#13465,1.);
#13465 = DIRECTION('',(0.,0.,1.));
#13466 = ORIENTED_EDGE('',*,*,#10818,.F.);
#13467 = ORIENTED_EDGE('',*,*,#13461,.F.);
#13468 = CYLINDRICAL_SURFACE('',#13469,0.4);
#13469 = AXIS2_PLACEMENT_3D('',#13470,#13471,#13472);
#13470 = CARTESIAN_POINT('',(222.,-75.9,-4.5E-02));
#13471 = DIRECTION('',(-0.,-0.,-1.));
#13472 = DIRECTION('',(-0.,-1.,0.));
#13473 = ADVANCED_FACE('',(#13474),#13485,.F.);
#13474 = FACE_BOUND('',#13475,.T.);
#13475 = EDGE_LOOP('',(#13476,#13477,#13483,#13484));
#13476 = ORIENTED_EDGE('',*,*,#9171,.T.);
#13477 = ORIENTED_EDGE('',*,*,#13478,.T.);
#13478 = EDGE_CURVE('',#9172,#10830,#13479,.T.);
#13479 = LINE('',#13480,#13481);
#13480 = CARTESIAN_POINT('',(226.,-76.3,-4.5E-02));
#13481 = VECTOR('',#13482,1.);
#13482 = DIRECTION('',(0.,0.,1.));
#13483 = ORIENTED_EDGE('',*,*,#10829,.F.);
#13484 = ORIENTED_EDGE('',*,*,#13478,.F.);
#13485 = CYLINDRICAL_SURFACE('',#13486,0.4);
#13486 = AXIS2_PLACEMENT_3D('',#13487,#13488,#13489);
#13487 = CARTESIAN_POINT('',(226.,-75.9,-4.5E-02));
#13488 = DIRECTION('',(-0.,-0.,-1.));
#13489 = DIRECTION('',(-0.,-1.,0.));
#13490 = ADVANCED_FACE('',(#13491),#13507,.F.);
#13491 = FACE_BOUND('',#13492,.T.);
#13492 = EDGE_LOOP('',(#13493,#13494,#13500,#13501));
#13493 = ORIENTED_EDGE('',*,*,#9182,.T.);
#13494 = ORIENTED_EDGE('',*,*,#13495,.T.);
#13495 = EDGE_CURVE('',#9185,#10843,#13496,.T.);
#13496 = LINE('',#13497,#13498);
#13497 = CARTESIAN_POINT('',(210.65,-73.8,-4.5E-02));
#13498 = VECTOR('',#13499,1.);
#13499 = DIRECTION('',(0.,0.,1.));
#13500 = ORIENTED_EDGE('',*,*,#10840,.F.);
#13501 = ORIENTED_EDGE('',*,*,#13502,.F.);
#13502 = EDGE_CURVE('',#9183,#10841,#13503,.T.);
#13503 = LINE('',#13504,#13505);
#13504 = CARTESIAN_POINT('',(210.65,-71.8,-4.5E-02));
#13505 = VECTOR('',#13506,1.);
#13506 = DIRECTION('',(0.,0.,1.));
#13507 = CYLINDRICAL_SURFACE('',#13508,1.);
#13508 = AXIS2_PLACEMENT_3D('',#13509,#13510,#13511);
#13509 = CARTESIAN_POINT('',(210.65,-72.8,-4.5E-02));
#13510 = DIRECTION('',(-0.,-0.,-1.));
#13511 = DIRECTION('',(-0.,-1.,0.));
#13512 = ADVANCED_FACE('',(#13513),#13524,.T.);
#13513 = FACE_BOUND('',#13514,.T.);
#13514 = EDGE_LOOP('',(#13515,#13516,#13517,#13518));
#13515 = ORIENTED_EDGE('',*,*,#9210,.T.);
#13516 = ORIENTED_EDGE('',*,*,#13502,.T.);
#13517 = ORIENTED_EDGE('',*,*,#10868,.F.);
#13518 = ORIENTED_EDGE('',*,*,#13519,.F.);
#13519 = EDGE_CURVE('',#9202,#10860,#13520,.T.);
#13520 = LINE('',#13521,#13522);
#13521 = CARTESIAN_POINT('',(210.35,-71.8,-4.5E-02));
#13522 = VECTOR('',#13523,1.);
#13523 = DIRECTION('',(0.,0.,1.));
#13524 = PLANE('',#13525);
#13525 = AXIS2_PLACEMENT_3D('',#13526,#13527,#13528);
#13526 = CARTESIAN_POINT('',(210.65,-71.8,-4.5E-02));
#13527 = DIRECTION('',(0.,-1.,0.));
#13528 = DIRECTION('',(-1.,0.,0.));
#13529 = ADVANCED_FACE('',(#13530),#13541,.F.);
#13530 = FACE_BOUND('',#13531,.T.);
#13531 = EDGE_LOOP('',(#13532,#13533,#13534,#13535));
#13532 = ORIENTED_EDGE('',*,*,#9201,.T.);
#13533 = ORIENTED_EDGE('',*,*,#13519,.T.);
#13534 = ORIENTED_EDGE('',*,*,#10859,.F.);
#13535 = ORIENTED_EDGE('',*,*,#13536,.F.);
#13536 = EDGE_CURVE('',#9194,#10852,#13537,.T.);
#13537 = LINE('',#13538,#13539);
#13538 = CARTESIAN_POINT('',(210.35,-73.8,-4.5E-02));
#13539 = VECTOR('',#13540,1.);
#13540 = DIRECTION('',(0.,0.,1.));
#13541 = CYLINDRICAL_SURFACE('',#13542,1.);
#13542 = AXIS2_PLACEMENT_3D('',#13543,#13544,#13545);
#13543 = CARTESIAN_POINT('',(210.35,-72.8,-4.5E-02));
#13544 = DIRECTION('',(-0.,0.,-1.));
#13545 = DIRECTION('',(0.,1.,0.));
#13546 = ADVANCED_FACE('',(#13547),#13553,.T.);
#13547 = FACE_BOUND('',#13548,.T.);
#13548 = EDGE_LOOP('',(#13549,#13550,#13551,#13552));
#13549 = ORIENTED_EDGE('',*,*,#9193,.T.);
#13550 = ORIENTED_EDGE('',*,*,#13536,.T.);
#13551 = ORIENTED_EDGE('',*,*,#10851,.F.);
#13552 = ORIENTED_EDGE('',*,*,#13495,.F.);
#13553 = PLANE('',#13554);
#13554 = AXIS2_PLACEMENT_3D('',#13555,#13556,#13557);
#13555 = CARTESIAN_POINT('',(210.35,-73.8,-4.5E-02));
#13556 = DIRECTION('',(0.,1.,0.));
#13557 = DIRECTION('',(1.,0.,0.));
#13558 = ADVANCED_FACE('',(#13559),#13570,.F.);
#13559 = FACE_BOUND('',#13560,.T.);
#13560 = EDGE_LOOP('',(#13561,#13562,#13568,#13569));
#13561 = ORIENTED_EDGE('',*,*,#9218,.T.);
#13562 = ORIENTED_EDGE('',*,*,#13563,.T.);
#13563 = EDGE_CURVE('',#9219,#10877,#13564,.T.);
#13564 = LINE('',#13565,#13566);
#13565 = CARTESIAN_POINT('',(226.,-71.3,-4.5E-02));
#13566 = VECTOR('',#13567,1.);
#13567 = DIRECTION('',(0.,0.,1.));
#13568 = ORIENTED_EDGE('',*,*,#10876,.F.);
#13569 = ORIENTED_EDGE('',*,*,#13563,.F.);
#13570 = CYLINDRICAL_SURFACE('',#13571,0.4);
#13571 = AXIS2_PLACEMENT_3D('',#13572,#13573,#13574);
#13572 = CARTESIAN_POINT('',(226.,-70.9,-4.5E-02));
#13573 = DIRECTION('',(-0.,-0.,-1.));
#13574 = DIRECTION('',(-0.,-1.,0.));
#13575 = ADVANCED_FACE('',(#13576),#13587,.F.);
#13576 = FACE_BOUND('',#13577,.T.);
#13577 = EDGE_LOOP('',(#13578,#13579,#13585,#13586));
#13578 = ORIENTED_EDGE('',*,*,#9229,.T.);
#13579 = ORIENTED_EDGE('',*,*,#13580,.T.);
#13580 = EDGE_CURVE('',#9230,#10888,#13581,.T.);
#13581 = LINE('',#13582,#13583);
#13582 = CARTESIAN_POINT('',(222.,-66.14,-4.5E-02));
#13583 = VECTOR('',#13584,1.);
#13584 = DIRECTION('',(0.,0.,1.));
#13585 = ORIENTED_EDGE('',*,*,#10887,.F.);
#13586 = ORIENTED_EDGE('',*,*,#13580,.F.);
#13587 = CYLINDRICAL_SURFACE('',#13588,0.4);
#13588 = AXIS2_PLACEMENT_3D('',#13589,#13590,#13591);
#13589 = CARTESIAN_POINT('',(222.,-65.74,-4.5E-02));
#13590 = DIRECTION('',(-0.,-0.,-1.));
#13591 = DIRECTION('',(-0.,-1.,0.));
#13592 = ADVANCED_FACE('',(#13593),#13604,.F.);
#13593 = FACE_BOUND('',#13594,.T.);
#13594 = EDGE_LOOP('',(#13595,#13596,#13602,#13603));
#13595 = ORIENTED_EDGE('',*,*,#9240,.T.);
#13596 = ORIENTED_EDGE('',*,*,#13597,.T.);
#13597 = EDGE_CURVE('',#9241,#10899,#13598,.T.);
#13598 = LINE('',#13599,#13600);
#13599 = CARTESIAN_POINT('',(227.5,-64.6,-4.5E-02));
#13600 = VECTOR('',#13601,1.);
#13601 = DIRECTION('',(0.,0.,1.));
#13602 = ORIENTED_EDGE('',*,*,#10898,.F.);
#13603 = ORIENTED_EDGE('',*,*,#13597,.F.);
#13604 = CYLINDRICAL_SURFACE('',#13605,1.1);
#13605 = AXIS2_PLACEMENT_3D('',#13606,#13607,#13608);
#13606 = CARTESIAN_POINT('',(227.5,-63.5,-4.5E-02));
#13607 = DIRECTION('',(-0.,-0.,-1.));
#13608 = DIRECTION('',(-0.,-1.,0.));
#13609 = ( GEOMETRIC_REPRESENTATION_CONTEXT(3) 
GLOBAL_UNCERTAINTY_ASSIGNED_CONTEXT((#13613)) 
GLOBAL_UNIT_ASSIGNED_CONTEXT((#13610,#13611,#13612)) 
REPRESENTATION_CONTEXT('Context #1',
  '3D Context with UNIT and UNCERTAINTY') );
#13610 = ( LENGTH_UNIT() NAMED_UNIT(*) SI_UNIT(.MILLI.,.METRE.) );
#13611 = ( NAMED_UNIT(*) PLANE_ANGLE_UNIT() SI_UNIT($,.RADIAN.) );
#13612 = ( NAMED_UNIT(*) SI_UNIT($,.STERADIAN.) SOLID_ANGLE_UNIT() );
#13613 = UNCERTAINTY_MEASURE_WITH_UNIT(LENGTH_MEASURE(5.E-05),#13610,
  'distance_accuracy_value','confusion accuracy');
#13614 = CONTEXT_DEPENDENT_SHAPE_REPRESENTATION(#13615,#13617);
#13615 = ( REPRESENTATION_RELATIONSHIP('','',#7488,#10) 
REPRESENTATION_RELATIONSHIP_WITH_TRANSFORMATION(#13616) 
SHAPE_REPRESENTATION_RELATIONSHIP() );
#13616 = ITEM_DEFINED_TRANSFORMATION('','',#11,#111);
#13617 = PRODUCT_DEFINITION_SHAPE('Placement','Placement of an item',
  #13618);
#13618 = NEXT_ASSEMBLY_USAGE_OCCURRENCE('31','=>[0:1:1:14]','',#5,#7483,
  $);
#13619 = PRODUCT_RELATED_PRODUCT_CATEGORY('part',$,(#7485));
#13620 = MECHANICAL_DESIGN_GEOMETRIC_PRESENTATION_REPRESENTATION('',(
    #13621,#13629,#13636,#13643,#13650,#13657,#13664,#13671,#13678,
    #13685,#13692,#13699,#13706,#13713,#13720,#13727,#13735,#13742,
    #13749,#13756,#13763,#13770,#13777,#13784,#13791,#13798,#13805,
    #13812,#13819,#13826,#13833,#13840,#13847,#13854,#13861,#13868,
    #13875,#13882,#13889,#13896,#13903,#13910,#13917,#13924,#13931,
    #13938,#13945,#13952,#13959,#13966,#13973,#13980,#13987,#13994,
    #14001,#14008,#14015,#14022,#14029,#14036,#14043,#14050,#14057,
    #14064,#14071,#14078,#14085,#14092,#14099,#14106,#14113,#14120,
    #14127,#14134,#14141,#14148),#7445);
#13621 = STYLED_ITEM('color',(#13622),#5373);
#13622 = PRESENTATION_STYLE_ASSIGNMENT((#13623));
#13623 = SURFACE_STYLE_USAGE(.BOTH.,#13624);
#13624 = SURFACE_SIDE_STYLE('',(#13625));
#13625 = SURFACE_STYLE_FILL_AREA(#13626);
#13626 = FILL_AREA_STYLE('',(#13627));
#13627 = FILL_AREA_STYLE_COLOUR('',#13628);
#13628 = COLOUR_RGB('',0.145098047169,0.14117647753,0.14117647753);
#13629 = STYLED_ITEM('color',(#13630),#5411);
#13630 = PRESENTATION_STYLE_ASSIGNMENT((#13631));
#13631 = SURFACE_STYLE_USAGE(.BOTH.,#13632);
#13632 = SURFACE_SIDE_STYLE('',(#13633));
#13633 = SURFACE_STYLE_FILL_AREA(#13634);
#13634 = FILL_AREA_STYLE('',(#13635));
#13635 = FILL_AREA_STYLE_COLOUR('',#13628);
#13636 = STYLED_ITEM('color',(#13637),#5474);
#13637 = PRESENTATION_STYLE_ASSIGNMENT((#13638));
#13638 = SURFACE_STYLE_USAGE(.BOTH.,#13639);
#13639 = SURFACE_SIDE_STYLE('',(#13640));
#13640 = SURFACE_STYLE_FILL_AREA(#13641);
#13641 = FILL_AREA_STYLE('',(#13642));
#13642 = FILL_AREA_STYLE_COLOUR('',#13628);
#13643 = STYLED_ITEM('color',(#13644),#5497);
#13644 = PRESENTATION_STYLE_ASSIGNMENT((#13645));
#13645 = SURFACE_STYLE_USAGE(.BOTH.,#13646);
#13646 = SURFACE_SIDE_STYLE('',(#13647));
#13647 = SURFACE_STYLE_FILL_AREA(#13648);
#13648 = FILL_AREA_STYLE('',(#13649));
#13649 = FILL_AREA_STYLE_COLOUR('',#13628);
#13650 = STYLED_ITEM('color',(#13651),#5526);
#13651 = PRESENTATION_STYLE_ASSIGNMENT((#13652));
#13652 = SURFACE_STYLE_USAGE(.BOTH.,#13653);
#13653 = SURFACE_SIDE_STYLE('',(#13654));
#13654 = SURFACE_STYLE_FILL_AREA(#13655);
#13655 = FILL_AREA_STYLE('',(#13656));
#13656 = FILL_AREA_STYLE_COLOUR('',#13628);
#13657 = STYLED_ITEM('color',(#13658),#5549);
#13658 = PRESENTATION_STYLE_ASSIGNMENT((#13659));
#13659 = SURFACE_STYLE_USAGE(.BOTH.,#13660);
#13660 = SURFACE_SIDE_STYLE('',(#13661));
#13661 = SURFACE_STYLE_FILL_AREA(#13662);
#13662 = FILL_AREA_STYLE('',(#13663));
#13663 = FILL_AREA_STYLE_COLOUR('',#13628);
#13664 = STYLED_ITEM('color',(#13665),#5588);
#13665 = PRESENTATION_STYLE_ASSIGNMENT((#13666));
#13666 = SURFACE_STYLE_USAGE(.BOTH.,#13667);
#13667 = SURFACE_SIDE_STYLE('',(#13668));
#13668 = SURFACE_STYLE_FILL_AREA(#13669);
#13669 = FILL_AREA_STYLE('',(#13670));
#13670 = FILL_AREA_STYLE_COLOUR('',#13628);
#13671 = STYLED_ITEM('color',(#13672),#5611);
#13672 = PRESENTATION_STYLE_ASSIGNMENT((#13673));
#13673 = SURFACE_STYLE_USAGE(.BOTH.,#13674);
#13674 = SURFACE_SIDE_STYLE('',(#13675));
#13675 = SURFACE_STYLE_FILL_AREA(#13676);
#13676 = FILL_AREA_STYLE('',(#13677));
#13677 = FILL_AREA_STYLE_COLOUR('',#13628);
#13678 = STYLED_ITEM('color',(#13679),#5634);
#13679 = PRESENTATION_STYLE_ASSIGNMENT((#13680));
#13680 = SURFACE_STYLE_USAGE(.BOTH.,#13681);
#13681 = SURFACE_SIDE_STYLE('',(#13682));
#13682 = SURFACE_STYLE_FILL_AREA(#13683);
#13683 = FILL_AREA_STYLE('',(#13684));
#13684 = FILL_AREA_STYLE_COLOUR('',#13628);
#13685 = STYLED_ITEM('color',(#13686),#5657);
#13686 = PRESENTATION_STYLE_ASSIGNMENT((#13687));
#13687 = SURFACE_STYLE_USAGE(.BOTH.,#13688);
#13688 = SURFACE_SIDE_STYLE('',(#13689));
#13689 = SURFACE_STYLE_FILL_AREA(#13690);
#13690 = FILL_AREA_STYLE('',(#13691));
#13691 = FILL_AREA_STYLE_COLOUR('',#13628);
#13692 = STYLED_ITEM('color',(#13693),#5706);
#13693 = PRESENTATION_STYLE_ASSIGNMENT((#13694));
#13694 = SURFACE_STYLE_USAGE(.BOTH.,#13695);
#13695 = SURFACE_SIDE_STYLE('',(#13696));
#13696 = SURFACE_STYLE_FILL_AREA(#13697);
#13697 = FILL_AREA_STYLE('',(#13698));
#13698 = FILL_AREA_STYLE_COLOUR('',#13628);
#13699 = STYLED_ITEM('color',(#13700),#5729);
#13700 = PRESENTATION_STYLE_ASSIGNMENT((#13701));
#13701 = SURFACE_STYLE_USAGE(.BOTH.,#13702);
#13702 = SURFACE_SIDE_STYLE('',(#13703));
#13703 = SURFACE_STYLE_FILL_AREA(#13704);
#13704 = FILL_AREA_STYLE('',(#13705));
#13705 = FILL_AREA_STYLE_COLOUR('',#13628);
#13706 = STYLED_ITEM('color',(#13707),#5758);
#13707 = PRESENTATION_STYLE_ASSIGNMENT((#13708));
#13708 = SURFACE_STYLE_USAGE(.BOTH.,#13709);
#13709 = SURFACE_SIDE_STYLE('',(#13710));
#13710 = SURFACE_STYLE_FILL_AREA(#13711);
#13711 = FILL_AREA_STYLE('',(#13712));
#13712 = FILL_AREA_STYLE_COLOUR('',#13628);
#13713 = STYLED_ITEM('color',(#13714),#5781);
#13714 = PRESENTATION_STYLE_ASSIGNMENT((#13715));
#13715 = SURFACE_STYLE_USAGE(.BOTH.,#13716);
#13716 = SURFACE_SIDE_STYLE('',(#13717));
#13717 = SURFACE_STYLE_FILL_AREA(#13718);
#13718 = FILL_AREA_STYLE('',(#13719));
#13719 = FILL_AREA_STYLE_COLOUR('',#13628);
#13720 = STYLED_ITEM('color',(#13721),#5805);
#13721 = PRESENTATION_STYLE_ASSIGNMENT((#13722));
#13722 = SURFACE_STYLE_USAGE(.BOTH.,#13723);
#13723 = SURFACE_SIDE_STYLE('',(#13724));
#13724 = SURFACE_STYLE_FILL_AREA(#13725);
#13725 = FILL_AREA_STYLE('',(#13726));
#13726 = FILL_AREA_STYLE_COLOUR('',#13628);
#13727 = STYLED_ITEM('color',(#13728),#5835);
#13728 = PRESENTATION_STYLE_ASSIGNMENT((#13729));
#13729 = SURFACE_STYLE_USAGE(.BOTH.,#13730);
#13730 = SURFACE_SIDE_STYLE('',(#13731));
#13731 = SURFACE_STYLE_FILL_AREA(#13732);
#13732 = FILL_AREA_STYLE('',(#13733));
#13733 = FILL_AREA_STYLE_COLOUR('',#13734);
#13734 = COLOUR_RGB('',0.823529417451,0.819607860991,0.780392170416);
#13735 = STYLED_ITEM('color',(#13736),#5868);
#13736 = PRESENTATION_STYLE_ASSIGNMENT((#13737));
#13737 = SURFACE_STYLE_USAGE(.BOTH.,#13738);
#13738 = SURFACE_SIDE_STYLE('',(#13739));
#13739 = SURFACE_STYLE_FILL_AREA(#13740);
#13740 = FILL_AREA_STYLE('',(#13741));
#13741 = FILL_AREA_STYLE_COLOUR('',#13628);
#13742 = STYLED_ITEM('color',(#13743),#5891);
#13743 = PRESENTATION_STYLE_ASSIGNMENT((#13744));
#13744 = SURFACE_STYLE_USAGE(.BOTH.,#13745);
#13745 = SURFACE_SIDE_STYLE('',(#13746));
#13746 = SURFACE_STYLE_FILL_AREA(#13747);
#13747 = FILL_AREA_STYLE('',(#13748));
#13748 = FILL_AREA_STYLE_COLOUR('',#13628);
#13749 = STYLED_ITEM('color',(#13750),#5914);
#13750 = PRESENTATION_STYLE_ASSIGNMENT((#13751));
#13751 = SURFACE_STYLE_USAGE(.BOTH.,#13752);
#13752 = SURFACE_SIDE_STYLE('',(#13753));
#13753 = SURFACE_STYLE_FILL_AREA(#13754);
#13754 = FILL_AREA_STYLE('',(#13755));
#13755 = FILL_AREA_STYLE_COLOUR('',#13628);
#13756 = STYLED_ITEM('color',(#13757),#5937);
#13757 = PRESENTATION_STYLE_ASSIGNMENT((#13758));
#13758 = SURFACE_STYLE_USAGE(.BOTH.,#13759);
#13759 = SURFACE_SIDE_STYLE('',(#13760));
#13760 = SURFACE_STYLE_FILL_AREA(#13761);
#13761 = FILL_AREA_STYLE('',(#13762));
#13762 = FILL_AREA_STYLE_COLOUR('',#13628);
#13763 = STYLED_ITEM('color',(#13764),#5961);
#13764 = PRESENTATION_STYLE_ASSIGNMENT((#13765));
#13765 = SURFACE_STYLE_USAGE(.BOTH.,#13766);
#13766 = SURFACE_SIDE_STYLE('',(#13767));
#13767 = SURFACE_STYLE_FILL_AREA(#13768);
#13768 = FILL_AREA_STYLE('',(#13769));
#13769 = FILL_AREA_STYLE_COLOUR('',#13628);
#13770 = STYLED_ITEM('color',(#13771),#5985);
#13771 = PRESENTATION_STYLE_ASSIGNMENT((#13772));
#13772 = SURFACE_STYLE_USAGE(.BOTH.,#13773);
#13773 = SURFACE_SIDE_STYLE('',(#13774));
#13774 = SURFACE_STYLE_FILL_AREA(#13775);
#13775 = FILL_AREA_STYLE('',(#13776));
#13776 = FILL_AREA_STYLE_COLOUR('',#13734);
#13777 = STYLED_ITEM('color',(#13778),#6018);
#13778 = PRESENTATION_STYLE_ASSIGNMENT((#13779));
#13779 = SURFACE_STYLE_USAGE(.BOTH.,#13780);
#13780 = SURFACE_SIDE_STYLE('',(#13781));
#13781 = SURFACE_STYLE_FILL_AREA(#13782);
#13782 = FILL_AREA_STYLE('',(#13783));
#13783 = FILL_AREA_STYLE_COLOUR('',#13734);
#13784 = STYLED_ITEM('color',(#13785),#6051);
#13785 = PRESENTATION_STYLE_ASSIGNMENT((#13786));
#13786 = SURFACE_STYLE_USAGE(.BOTH.,#13787);
#13787 = SURFACE_SIDE_STYLE('',(#13788));
#13788 = SURFACE_STYLE_FILL_AREA(#13789);
#13789 = FILL_AREA_STYLE('',(#13790));
#13790 = FILL_AREA_STYLE_COLOUR('',#13628);
#13791 = STYLED_ITEM('color',(#13792),#6082);
#13792 = PRESENTATION_STYLE_ASSIGNMENT((#13793));
#13793 = SURFACE_STYLE_USAGE(.BOTH.,#13794);
#13794 = SURFACE_SIDE_STYLE('',(#13795));
#13795 = SURFACE_STYLE_FILL_AREA(#13796);
#13796 = FILL_AREA_STYLE('',(#13797));
#13797 = FILL_AREA_STYLE_COLOUR('',#13628);
#13798 = STYLED_ITEM('color',(#13799),#6105);
#13799 = PRESENTATION_STYLE_ASSIGNMENT((#13800));
#13800 = SURFACE_STYLE_USAGE(.BOTH.,#13801);
#13801 = SURFACE_SIDE_STYLE('',(#13802));
#13802 = SURFACE_STYLE_FILL_AREA(#13803);
#13803 = FILL_AREA_STYLE('',(#13804));
#13804 = FILL_AREA_STYLE_COLOUR('',#13628);
#13805 = STYLED_ITEM('color',(#13806),#6134);
#13806 = PRESENTATION_STYLE_ASSIGNMENT((#13807));
#13807 = SURFACE_STYLE_USAGE(.BOTH.,#13808);
#13808 = SURFACE_SIDE_STYLE('',(#13809));
#13809 = SURFACE_STYLE_FILL_AREA(#13810);
#13810 = FILL_AREA_STYLE('',(#13811));
#13811 = FILL_AREA_STYLE_COLOUR('',#13628);
#13812 = STYLED_ITEM('color',(#13813),#6157);
#13813 = PRESENTATION_STYLE_ASSIGNMENT((#13814));
#13814 = SURFACE_STYLE_USAGE(.BOTH.,#13815);
#13815 = SURFACE_SIDE_STYLE('',(#13816));
#13816 = SURFACE_STYLE_FILL_AREA(#13817);
#13817 = FILL_AREA_STYLE('',(#13818));
#13818 = FILL_AREA_STYLE_COLOUR('',#13628);
#13819 = STYLED_ITEM('color',(#13820),#6181);
#13820 = PRESENTATION_STYLE_ASSIGNMENT((#13821));
#13821 = SURFACE_STYLE_USAGE(.BOTH.,#13822);
#13822 = SURFACE_SIDE_STYLE('',(#13823));
#13823 = SURFACE_STYLE_FILL_AREA(#13824);
#13824 = FILL_AREA_STYLE('',(#13825));
#13825 = FILL_AREA_STYLE_COLOUR('',#13734);
#13826 = STYLED_ITEM('color',(#13827),#6256);
#13827 = PRESENTATION_STYLE_ASSIGNMENT((#13828));
#13828 = SURFACE_STYLE_USAGE(.BOTH.,#13829);
#13829 = SURFACE_SIDE_STYLE('',(#13830));
#13830 = SURFACE_STYLE_FILL_AREA(#13831);
#13831 = FILL_AREA_STYLE('',(#13832));
#13832 = FILL_AREA_STYLE_COLOUR('',#13734);
#13833 = STYLED_ITEM('color',(#13834),#6331);
#13834 = PRESENTATION_STYLE_ASSIGNMENT((#13835));
#13835 = SURFACE_STYLE_USAGE(.BOTH.,#13836);
#13836 = SURFACE_SIDE_STYLE('',(#13837));
#13837 = SURFACE_STYLE_FILL_AREA(#13838);
#13838 = FILL_AREA_STYLE('',(#13839));
#13839 = FILL_AREA_STYLE_COLOUR('',#13628);
#13840 = STYLED_ITEM('color',(#13841),#6361);
#13841 = PRESENTATION_STYLE_ASSIGNMENT((#13842));
#13842 = SURFACE_STYLE_USAGE(.BOTH.,#13843);
#13843 = SURFACE_SIDE_STYLE('',(#13844));
#13844 = SURFACE_STYLE_FILL_AREA(#13845);
#13845 = FILL_AREA_STYLE('',(#13846));
#13846 = FILL_AREA_STYLE_COLOUR('',#13734);
#13847 = STYLED_ITEM('color',(#13848),#6378);
#13848 = PRESENTATION_STYLE_ASSIGNMENT((#13849));
#13849 = SURFACE_STYLE_USAGE(.BOTH.,#13850);
#13850 = SURFACE_SIDE_STYLE('',(#13851));
#13851 = SURFACE_STYLE_FILL_AREA(#13852);
#13852 = FILL_AREA_STYLE('',(#13853));
#13853 = FILL_AREA_STYLE_COLOUR('',#13628);
#13854 = STYLED_ITEM('color',(#13855),#6401);
#13855 = PRESENTATION_STYLE_ASSIGNMENT((#13856));
#13856 = SURFACE_STYLE_USAGE(.BOTH.,#13857);
#13857 = SURFACE_SIDE_STYLE('',(#13858));
#13858 = SURFACE_STYLE_FILL_AREA(#13859);
#13859 = FILL_AREA_STYLE('',(#13860));
#13860 = FILL_AREA_STYLE_COLOUR('',#13628);
#13861 = STYLED_ITEM('color',(#13862),#6424);
#13862 = PRESENTATION_STYLE_ASSIGNMENT((#13863));
#13863 = SURFACE_STYLE_USAGE(.BOTH.,#13864);
#13864 = SURFACE_SIDE_STYLE('',(#13865));
#13865 = SURFACE_STYLE_FILL_AREA(#13866);
#13866 = FILL_AREA_STYLE('',(#13867));
#13867 = FILL_AREA_STYLE_COLOUR('',#13628);
#13868 = STYLED_ITEM('color',(#13869),#6447);
#13869 = PRESENTATION_STYLE_ASSIGNMENT((#13870));
#13870 = SURFACE_STYLE_USAGE(.BOTH.,#13871);
#13871 = SURFACE_SIDE_STYLE('',(#13872));
#13872 = SURFACE_STYLE_FILL_AREA(#13873);
#13873 = FILL_AREA_STYLE('',(#13874));
#13874 = FILL_AREA_STYLE_COLOUR('',#13628);
#13875 = STYLED_ITEM('color',(#13876),#6471);
#13876 = PRESENTATION_STYLE_ASSIGNMENT((#13877));
#13877 = SURFACE_STYLE_USAGE(.BOTH.,#13878);
#13878 = SURFACE_SIDE_STYLE('',(#13879));
#13879 = SURFACE_STYLE_FILL_AREA(#13880);
#13880 = FILL_AREA_STYLE('',(#13881));
#13881 = FILL_AREA_STYLE_COLOUR('',#13734);
#13882 = STYLED_ITEM('color',(#13883),#6546);
#13883 = PRESENTATION_STYLE_ASSIGNMENT((#13884));
#13884 = SURFACE_STYLE_USAGE(.BOTH.,#13885);
#13885 = SURFACE_SIDE_STYLE('',(#13886));
#13886 = SURFACE_STYLE_FILL_AREA(#13887);
#13887 = FILL_AREA_STYLE('',(#13888));
#13888 = FILL_AREA_STYLE_COLOUR('',#13734);
#13889 = STYLED_ITEM('color',(#13890),#6621);
#13890 = PRESENTATION_STYLE_ASSIGNMENT((#13891));
#13891 = SURFACE_STYLE_USAGE(.BOTH.,#13892);
#13892 = SURFACE_SIDE_STYLE('',(#13893));
#13893 = SURFACE_STYLE_FILL_AREA(#13894);
#13894 = FILL_AREA_STYLE('',(#13895));
#13895 = FILL_AREA_STYLE_COLOUR('',#13628);
#13896 = STYLED_ITEM('color',(#13897),#6645);
#13897 = PRESENTATION_STYLE_ASSIGNMENT((#13898));
#13898 = SURFACE_STYLE_USAGE(.BOTH.,#13899);
#13899 = SURFACE_SIDE_STYLE('',(#13900));
#13900 = SURFACE_STYLE_FILL_AREA(#13901);
#13901 = FILL_AREA_STYLE('',(#13902));
#13902 = FILL_AREA_STYLE_COLOUR('',#13734);
#13903 = STYLED_ITEM('color',(#13904),#6720);
#13904 = PRESENTATION_STYLE_ASSIGNMENT((#13905));
#13905 = SURFACE_STYLE_USAGE(.BOTH.,#13906);
#13906 = SURFACE_SIDE_STYLE('',(#13907));
#13907 = SURFACE_STYLE_FILL_AREA(#13908);
#13908 = FILL_AREA_STYLE('',(#13909));
#13909 = FILL_AREA_STYLE_COLOUR('',#13734);
#13910 = STYLED_ITEM('color',(#13911),#6737);
#13911 = PRESENTATION_STYLE_ASSIGNMENT((#13912));
#13912 = SURFACE_STYLE_USAGE(.BOTH.,#13913);
#13913 = SURFACE_SIDE_STYLE('',(#13914));
#13914 = SURFACE_STYLE_FILL_AREA(#13915);
#13915 = FILL_AREA_STYLE('',(#13916));
#13916 = FILL_AREA_STYLE_COLOUR('',#13734);
#13917 = STYLED_ITEM('color',(#13918),#6812);
#13918 = PRESENTATION_STYLE_ASSIGNMENT((#13919));
#13919 = SURFACE_STYLE_USAGE(.BOTH.,#13920);
#13920 = SURFACE_SIDE_STYLE('',(#13921));
#13921 = SURFACE_STYLE_FILL_AREA(#13922);
#13922 = FILL_AREA_STYLE('',(#13923));
#13923 = FILL_AREA_STYLE_COLOUR('',#13734);
#13924 = STYLED_ITEM('color',(#13925),#6829);
#13925 = PRESENTATION_STYLE_ASSIGNMENT((#13926));
#13926 = SURFACE_STYLE_USAGE(.BOTH.,#13927);
#13927 = SURFACE_SIDE_STYLE('',(#13928));
#13928 = SURFACE_STYLE_FILL_AREA(#13929);
#13929 = FILL_AREA_STYLE('',(#13930));
#13930 = FILL_AREA_STYLE_COLOUR('',#13628);
#13931 = STYLED_ITEM('color',(#13932),#6860);
#13932 = PRESENTATION_STYLE_ASSIGNMENT((#13933));
#13933 = SURFACE_STYLE_USAGE(.BOTH.,#13934);
#13934 = SURFACE_SIDE_STYLE('',(#13935));
#13935 = SURFACE_STYLE_FILL_AREA(#13936);
#13936 = FILL_AREA_STYLE('',(#13937));
#13937 = FILL_AREA_STYLE_COLOUR('',#13628);
#13938 = STYLED_ITEM('color',(#13939),#6883);
#13939 = PRESENTATION_STYLE_ASSIGNMENT((#13940));
#13940 = SURFACE_STYLE_USAGE(.BOTH.,#13941);
#13941 = SURFACE_SIDE_STYLE('',(#13942));
#13942 = SURFACE_STYLE_FILL_AREA(#13943);
#13943 = FILL_AREA_STYLE('',(#13944));
#13944 = FILL_AREA_STYLE_COLOUR('',#13628);
#13945 = STYLED_ITEM('color',(#13946),#6939);
#13946 = PRESENTATION_STYLE_ASSIGNMENT((#13947));
#13947 = SURFACE_STYLE_USAGE(.BOTH.,#13948);
#13948 = SURFACE_SIDE_STYLE('',(#13949));
#13949 = SURFACE_STYLE_FILL_AREA(#13950);
#13950 = FILL_AREA_STYLE('',(#13951));
#13951 = FILL_AREA_STYLE_COLOUR('',#13628);
#13952 = STYLED_ITEM('color',(#13953),#6955);
#13953 = PRESENTATION_STYLE_ASSIGNMENT((#13954));
#13954 = SURFACE_STYLE_USAGE(.BOTH.,#13955);
#13955 = SURFACE_SIDE_STYLE('',(#13956));
#13956 = SURFACE_STYLE_FILL_AREA(#13957);
#13957 = FILL_AREA_STYLE('',(#13958));
#13958 = FILL_AREA_STYLE_COLOUR('',#13628);
#13959 = STYLED_ITEM('color',(#13960),#6978);
#13960 = PRESENTATION_STYLE_ASSIGNMENT((#13961));
#13961 = SURFACE_STYLE_USAGE(.BOTH.,#13962);
#13962 = SURFACE_SIDE_STYLE('',(#13963));
#13963 = SURFACE_STYLE_FILL_AREA(#13964);
#13964 = FILL_AREA_STYLE('',(#13965));
#13965 = FILL_AREA_STYLE_COLOUR('',#13734);
#13966 = STYLED_ITEM('color',(#13967),#6995);
#13967 = PRESENTATION_STYLE_ASSIGNMENT((#13968));
#13968 = SURFACE_STYLE_USAGE(.BOTH.,#13969);
#13969 = SURFACE_SIDE_STYLE('',(#13970));
#13970 = SURFACE_STYLE_FILL_AREA(#13971);
#13971 = FILL_AREA_STYLE('',(#13972));
#13972 = FILL_AREA_STYLE_COLOUR('',#13734);
#13973 = STYLED_ITEM('color',(#13974),#7012);
#13974 = PRESENTATION_STYLE_ASSIGNMENT((#13975));
#13975 = SURFACE_STYLE_USAGE(.BOTH.,#13976);
#13976 = SURFACE_SIDE_STYLE('',(#13977));
#13977 = SURFACE_STYLE_FILL_AREA(#13978);
#13978 = FILL_AREA_STYLE('',(#13979));
#13979 = FILL_AREA_STYLE_COLOUR('',#13734);
#13980 = STYLED_ITEM('color',(#13981),#7029);
#13981 = PRESENTATION_STYLE_ASSIGNMENT((#13982));
#13982 = SURFACE_STYLE_USAGE(.BOTH.,#13983);
#13983 = SURFACE_SIDE_STYLE('',(#13984));
#13984 = SURFACE_STYLE_FILL_AREA(#13985);
#13985 = FILL_AREA_STYLE('',(#13986));
#13986 = FILL_AREA_STYLE_COLOUR('',#13734);
#13987 = STYLED_ITEM('color',(#13988),#7046);
#13988 = PRESENTATION_STYLE_ASSIGNMENT((#13989));
#13989 = SURFACE_STYLE_USAGE(.BOTH.,#13990);
#13990 = SURFACE_SIDE_STYLE('',(#13991));
#13991 = SURFACE_STYLE_FILL_AREA(#13992);
#13992 = FILL_AREA_STYLE('',(#13993));
#13993 = FILL_AREA_STYLE_COLOUR('',#13734);
#13994 = STYLED_ITEM('color',(#13995),#7063);
#13995 = PRESENTATION_STYLE_ASSIGNMENT((#13996));
#13996 = SURFACE_STYLE_USAGE(.BOTH.,#13997);
#13997 = SURFACE_SIDE_STYLE('',(#13998));
#13998 = SURFACE_STYLE_FILL_AREA(#13999);
#13999 = FILL_AREA_STYLE('',(#14000));
#14000 = FILL_AREA_STYLE_COLOUR('',#13734);
#14001 = STYLED_ITEM('color',(#14002),#7080);
#14002 = PRESENTATION_STYLE_ASSIGNMENT((#14003));
#14003 = SURFACE_STYLE_USAGE(.BOTH.,#14004);
#14004 = SURFACE_SIDE_STYLE('',(#14005));
#14005 = SURFACE_STYLE_FILL_AREA(#14006);
#14006 = FILL_AREA_STYLE('',(#14007));
#14007 = FILL_AREA_STYLE_COLOUR('',#13734);
#14008 = STYLED_ITEM('color',(#14009),#7097);
#14009 = PRESENTATION_STYLE_ASSIGNMENT((#14010));
#14010 = SURFACE_STYLE_USAGE(.BOTH.,#14011);
#14011 = SURFACE_SIDE_STYLE('',(#14012));
#14012 = SURFACE_STYLE_FILL_AREA(#14013);
#14013 = FILL_AREA_STYLE('',(#14014));
#14014 = FILL_AREA_STYLE_COLOUR('',#13734);
#14015 = STYLED_ITEM('color',(#14016),#7109);
#14016 = PRESENTATION_STYLE_ASSIGNMENT((#14017));
#14017 = SURFACE_STYLE_USAGE(.BOTH.,#14018);
#14018 = SURFACE_SIDE_STYLE('',(#14019));
#14019 = SURFACE_STYLE_FILL_AREA(#14020);
#14020 = FILL_AREA_STYLE('',(#14021));
#14021 = FILL_AREA_STYLE_COLOUR('',#13628);
#14022 = STYLED_ITEM('color',(#14023),#7125);
#14023 = PRESENTATION_STYLE_ASSIGNMENT((#14024));
#14024 = SURFACE_STYLE_USAGE(.BOTH.,#14025);
#14025 = SURFACE_SIDE_STYLE('',(#14026));
#14026 = SURFACE_STYLE_FILL_AREA(#14027);
#14027 = FILL_AREA_STYLE('',(#14028));
#14028 = FILL_AREA_STYLE_COLOUR('',#13628);
#14029 = STYLED_ITEM('color',(#14030),#7141);
#14030 = PRESENTATION_STYLE_ASSIGNMENT((#14031));
#14031 = SURFACE_STYLE_USAGE(.BOTH.,#14032);
#14032 = SURFACE_SIDE_STYLE('',(#14033));
#14033 = SURFACE_STYLE_FILL_AREA(#14034);
#14034 = FILL_AREA_STYLE('',(#14035));
#14035 = FILL_AREA_STYLE_COLOUR('',#13628);
#14036 = STYLED_ITEM('color',(#14037),#7157);
#14037 = PRESENTATION_STYLE_ASSIGNMENT((#14038));
#14038 = SURFACE_STYLE_USAGE(.BOTH.,#14039);
#14039 = SURFACE_SIDE_STYLE('',(#14040));
#14040 = SURFACE_STYLE_FILL_AREA(#14041);
#14041 = FILL_AREA_STYLE('',(#14042));
#14042 = FILL_AREA_STYLE_COLOUR('',#13628);
#14043 = STYLED_ITEM('color',(#14044),#7183);
#14044 = PRESENTATION_STYLE_ASSIGNMENT((#14045));
#14045 = SURFACE_STYLE_USAGE(.BOTH.,#14046);
#14046 = SURFACE_SIDE_STYLE('',(#14047));
#14047 = SURFACE_STYLE_FILL_AREA(#14048);
#14048 = FILL_AREA_STYLE('',(#14049));
#14049 = FILL_AREA_STYLE_COLOUR('',#13734);
#14050 = STYLED_ITEM('color',(#14051),#7200);
#14051 = PRESENTATION_STYLE_ASSIGNMENT((#14052));
#14052 = SURFACE_STYLE_USAGE(.BOTH.,#14053);
#14053 = SURFACE_SIDE_STYLE('',(#14054));
#14054 = SURFACE_STYLE_FILL_AREA(#14055);
#14055 = FILL_AREA_STYLE('',(#14056));
#14056 = FILL_AREA_STYLE_COLOUR('',#13734);
#14057 = STYLED_ITEM('color',(#14058),#7217);
#14058 = PRESENTATION_STYLE_ASSIGNMENT((#14059));
#14059 = SURFACE_STYLE_USAGE(.BOTH.,#14060);
#14060 = SURFACE_SIDE_STYLE('',(#14061));
#14061 = SURFACE_STYLE_FILL_AREA(#14062);
#14062 = FILL_AREA_STYLE('',(#14063));
#14063 = FILL_AREA_STYLE_COLOUR('',#13734);
#14064 = STYLED_ITEM('color',(#14065),#7234);
#14065 = PRESENTATION_STYLE_ASSIGNMENT((#14066));
#14066 = SURFACE_STYLE_USAGE(.BOTH.,#14067);
#14067 = SURFACE_SIDE_STYLE('',(#14068));
#14068 = SURFACE_STYLE_FILL_AREA(#14069);
#14069 = FILL_AREA_STYLE('',(#14070));
#14070 = FILL_AREA_STYLE_COLOUR('',#13734);
#14071 = STYLED_ITEM('color',(#14072),#7251);
#14072 = PRESENTATION_STYLE_ASSIGNMENT((#14073));
#14073 = SURFACE_STYLE_USAGE(.BOTH.,#14074);
#14074 = SURFACE_SIDE_STYLE('',(#14075));
#14075 = SURFACE_STYLE_FILL_AREA(#14076);
#14076 = FILL_AREA_STYLE('',(#14077));
#14077 = FILL_AREA_STYLE_COLOUR('',#13734);
#14078 = STYLED_ITEM('color',(#14079),#7268);
#14079 = PRESENTATION_STYLE_ASSIGNMENT((#14080));
#14080 = SURFACE_STYLE_USAGE(.BOTH.,#14081);
#14081 = SURFACE_SIDE_STYLE('',(#14082));
#14082 = SURFACE_STYLE_FILL_AREA(#14083);
#14083 = FILL_AREA_STYLE('',(#14084));
#14084 = FILL_AREA_STYLE_COLOUR('',#13734);
#14085 = STYLED_ITEM('color',(#14086),#7285);
#14086 = PRESENTATION_STYLE_ASSIGNMENT((#14087));
#14087 = SURFACE_STYLE_USAGE(.BOTH.,#14088);
#14088 = SURFACE_SIDE_STYLE('',(#14089));
#14089 = SURFACE_STYLE_FILL_AREA(#14090);
#14090 = FILL_AREA_STYLE('',(#14091));
#14091 = FILL_AREA_STYLE_COLOUR('',#13734);
#14092 = STYLED_ITEM('color',(#14093),#7302);
#14093 = PRESENTATION_STYLE_ASSIGNMENT((#14094));
#14094 = SURFACE_STYLE_USAGE(.BOTH.,#14095);
#14095 = SURFACE_SIDE_STYLE('',(#14096));
#14096 = SURFACE_STYLE_FILL_AREA(#14097);
#14097 = FILL_AREA_STYLE('',(#14098));
#14098 = FILL_AREA_STYLE_COLOUR('',#13734);
#14099 = STYLED_ITEM('color',(#14100),#7314);
#14100 = PRESENTATION_STYLE_ASSIGNMENT((#14101));
#14101 = SURFACE_STYLE_USAGE(.BOTH.,#14102);
#14102 = SURFACE_SIDE_STYLE('',(#14103));
#14103 = SURFACE_STYLE_FILL_AREA(#14104);
#14104 = FILL_AREA_STYLE('',(#14105));
#14105 = FILL_AREA_STYLE_COLOUR('',#13734);
#14106 = STYLED_ITEM('color',(#14107),#7336);
#14107 = PRESENTATION_STYLE_ASSIGNMENT((#14108));
#14108 = SURFACE_STYLE_USAGE(.BOTH.,#14109);
#14109 = SURFACE_SIDE_STYLE('',(#14110));
#14110 = SURFACE_STYLE_FILL_AREA(#14111);
#14111 = FILL_AREA_STYLE('',(#14112));
#14112 = FILL_AREA_STYLE_COLOUR('',#13734);
#14113 = STYLED_ITEM('color',(#14114),#7353);
#14114 = PRESENTATION_STYLE_ASSIGNMENT((#14115));
#14115 = SURFACE_STYLE_USAGE(.BOTH.,#14116);
#14116 = SURFACE_SIDE_STYLE('',(#14117));
#14117 = SURFACE_STYLE_FILL_AREA(#14118);
#14118 = FILL_AREA_STYLE('',(#14119));
#14119 = FILL_AREA_STYLE_COLOUR('',#13734);
#14120 = STYLED_ITEM('color',(#14121),#7370);
#14121 = PRESENTATION_STYLE_ASSIGNMENT((#14122));
#14122 = SURFACE_STYLE_USAGE(.BOTH.,#14123);
#14123 = SURFACE_SIDE_STYLE('',(#14124));
#14124 = SURFACE_STYLE_FILL_AREA(#14125);
#14125 = FILL_AREA_STYLE('',(#14126));
#14126 = FILL_AREA_STYLE_COLOUR('',#13734);
#14127 = STYLED_ITEM('color',(#14128),#7387);
#14128 = PRESENTATION_STYLE_ASSIGNMENT((#14129));
#14129 = SURFACE_STYLE_USAGE(.BOTH.,#14130);
#14130 = SURFACE_SIDE_STYLE('',(#14131));
#14131 = SURFACE_STYLE_FILL_AREA(#14132);
#14132 = FILL_AREA_STYLE('',(#14133));
#14133 = FILL_AREA_STYLE_COLOUR('',#13734);
#14134 = STYLED_ITEM('color',(#14135),#7404);
#14135 = PRESENTATION_STYLE_ASSIGNMENT((#14136));
#14136 = SURFACE_STYLE_USAGE(.BOTH.,#14137);
#14137 = SURFACE_SIDE_STYLE('',(#14138));
#14138 = SURFACE_STYLE_FILL_AREA(#14139);
#14139 = FILL_AREA_STYLE('',(#14140));
#14140 = FILL_AREA_STYLE_COLOUR('',#13734);
#14141 = STYLED_ITEM('color',(#14142),#7421);
#14142 = PRESENTATION_STYLE_ASSIGNMENT((#14143));
#14143 = SURFACE_STYLE_USAGE(.BOTH.,#14144);
#14144 = SURFACE_SIDE_STYLE('',(#14145));
#14145 = SURFACE_STYLE_FILL_AREA(#14146);
#14146 = FILL_AREA_STYLE('',(#14147));
#14147 = FILL_AREA_STYLE_COLOUR('',#13734);
#14148 = STYLED_ITEM('color',(#14149),#7433);
#14149 = PRESENTATION_STYLE_ASSIGNMENT((#14150));
#14150 = SURFACE_STYLE_USAGE(.BOTH.,#14151);
#14151 = SURFACE_SIDE_STYLE('',(#14152));
#14152 = SURFACE_STYLE_FILL_AREA(#14153);
#14153 = FILL_AREA_STYLE('',(#14154));
#14154 = FILL_AREA_STYLE_COLOUR('',#13734);
#14155 = MECHANICAL_DESIGN_GEOMETRIC_PRESENTATION_REPRESENTATION('',(
    #14156,#14166,#14174,#14181,#14188,#14195,#14202,#14209,#14216,
    #14223,#14230,#14237,#14244,#14251,#14258,#14265,#14272,#14279,
    #14286,#14294,#14301,#14308,#14315,#14322,#14329,#14336,#14343,
    #14350,#14357,#14364,#14371,#14378,#14385,#14392,#14399,#14406,
    #14413,#14420,#14427,#14434,#14441,#14448,#14455,#14462,#14469,
    #14477,#14484,#14491,#14498,#14505),#2670);
#14156 = STYLED_ITEM('color',(#14157),#1386);
#14157 = PRESENTATION_STYLE_ASSIGNMENT((#14158,#14164));
#14158 = SURFACE_STYLE_USAGE(.BOTH.,#14159);
#14159 = SURFACE_SIDE_STYLE('',(#14160));
#14160 = SURFACE_STYLE_FILL_AREA(#14161);
#14161 = FILL_AREA_STYLE('',(#14162));
#14162 = FILL_AREA_STYLE_COLOUR('',#14163);
#14163 = COLOUR_RGB('',0.514231663239,0.514231663239,0.514231663239);
#14164 = CURVE_STYLE('',#14165,POSITIVE_LENGTH_MEASURE(0.1),#14163);
#14165 = DRAUGHTING_PRE_DEFINED_CURVE_FONT('continuous');
#14166 = OVER_RIDING_STYLED_ITEM('overriding color',(#14167),#1388,
  #14156);
#14167 = PRESENTATION_STYLE_ASSIGNMENT((#14168));
#14168 = SURFACE_STYLE_USAGE(.BOTH.,#14169);
#14169 = SURFACE_SIDE_STYLE('',(#14170));
#14170 = SURFACE_STYLE_FILL_AREA(#14171);
#14171 = FILL_AREA_STYLE('',(#14172));
#14172 = FILL_AREA_STYLE_COLOUR('',#14173);
#14173 = COLOUR_RGB('',0.559214734363,0.559214734363,0.559214734363);
#14174 = OVER_RIDING_STYLED_ITEM('overriding color',(#14175),#1428,
  #14156);
#14175 = PRESENTATION_STYLE_ASSIGNMENT((#14176));
#14176 = SURFACE_STYLE_USAGE(.BOTH.,#14177);
#14177 = SURFACE_SIDE_STYLE('',(#14178));
#14178 = SURFACE_STYLE_FILL_AREA(#14179);
#14179 = FILL_AREA_STYLE('',(#14180));
#14180 = FILL_AREA_STYLE_COLOUR('',#14173);
#14181 = OVER_RIDING_STYLED_ITEM('overriding color',(#14182),#1459,
  #14156);
#14182 = PRESENTATION_STYLE_ASSIGNMENT((#14183));
#14183 = SURFACE_STYLE_USAGE(.BOTH.,#14184);
#14184 = SURFACE_SIDE_STYLE('',(#14185));
#14185 = SURFACE_STYLE_FILL_AREA(#14186);
#14186 = FILL_AREA_STYLE('',(#14187));
#14187 = FILL_AREA_STYLE_COLOUR('',#14173);
#14188 = OVER_RIDING_STYLED_ITEM('overriding color',(#14189),#1515,
  #14156);
#14189 = PRESENTATION_STYLE_ASSIGNMENT((#14190));
#14190 = SURFACE_STYLE_USAGE(.BOTH.,#14191);
#14191 = SURFACE_SIDE_STYLE('',(#14192));
#14192 = SURFACE_STYLE_FILL_AREA(#14193);
#14193 = FILL_AREA_STYLE('',(#14194));
#14194 = FILL_AREA_STYLE_COLOUR('',#14173);
#14195 = OVER_RIDING_STYLED_ITEM('overriding color',(#14196),#1539,
  #14156);
#14196 = PRESENTATION_STYLE_ASSIGNMENT((#14197));
#14197 = SURFACE_STYLE_USAGE(.BOTH.,#14198);
#14198 = SURFACE_SIDE_STYLE('',(#14199));
#14199 = SURFACE_STYLE_FILL_AREA(#14200);
#14200 = FILL_AREA_STYLE('',(#14201));
#14201 = FILL_AREA_STYLE_COLOUR('',#14173);
#14202 = OVER_RIDING_STYLED_ITEM('overriding color',(#14203),#1745,
  #14156);
#14203 = PRESENTATION_STYLE_ASSIGNMENT((#14204));
#14204 = SURFACE_STYLE_USAGE(.BOTH.,#14205);
#14205 = SURFACE_SIDE_STYLE('',(#14206));
#14206 = SURFACE_STYLE_FILL_AREA(#14207);
#14207 = FILL_AREA_STYLE('',(#14208));
#14208 = FILL_AREA_STYLE_COLOUR('',#14173);
#14209 = OVER_RIDING_STYLED_ITEM('overriding color',(#14210),#1776,
  #14156);
#14210 = PRESENTATION_STYLE_ASSIGNMENT((#14211));
#14211 = SURFACE_STYLE_USAGE(.BOTH.,#14212);
#14212 = SURFACE_SIDE_STYLE('',(#14213));
#14213 = SURFACE_STYLE_FILL_AREA(#14214);
#14214 = FILL_AREA_STYLE('',(#14215));
#14215 = FILL_AREA_STYLE_COLOUR('',#14173);
#14216 = OVER_RIDING_STYLED_ITEM('overriding color',(#14217),#1793,
  #14156);
#14217 = PRESENTATION_STYLE_ASSIGNMENT((#14218));
#14218 = SURFACE_STYLE_USAGE(.BOTH.,#14219);
#14219 = SURFACE_SIDE_STYLE('',(#14220));
#14220 = SURFACE_STYLE_FILL_AREA(#14221);
#14221 = FILL_AREA_STYLE('',(#14222));
#14222 = FILL_AREA_STYLE_COLOUR('',#14173);
#14223 = OVER_RIDING_STYLED_ITEM('overriding color',(#14224),#1810,
  #14156);
#14224 = PRESENTATION_STYLE_ASSIGNMENT((#14225));
#14225 = SURFACE_STYLE_USAGE(.BOTH.,#14226);
#14226 = SURFACE_SIDE_STYLE('',(#14227));
#14227 = SURFACE_STYLE_FILL_AREA(#14228);
#14228 = FILL_AREA_STYLE('',(#14229));
#14229 = FILL_AREA_STYLE_COLOUR('',#14173);
#14230 = OVER_RIDING_STYLED_ITEM('overriding color',(#14231),#1834,
  #14156);
#14231 = PRESENTATION_STYLE_ASSIGNMENT((#14232));
#14232 = SURFACE_STYLE_USAGE(.BOTH.,#14233);
#14233 = SURFACE_SIDE_STYLE('',(#14234));
#14234 = SURFACE_STYLE_FILL_AREA(#14235);
#14235 = FILL_AREA_STYLE('',(#14236));
#14236 = FILL_AREA_STYLE_COLOUR('',#14173);
#14237 = OVER_RIDING_STYLED_ITEM('overriding color',(#14238),#1850,
  #14156);
#14238 = PRESENTATION_STYLE_ASSIGNMENT((#14239));
#14239 = SURFACE_STYLE_USAGE(.BOTH.,#14240);
#14240 = SURFACE_SIDE_STYLE('',(#14241));
#14241 = SURFACE_STYLE_FILL_AREA(#14242);
#14242 = FILL_AREA_STYLE('',(#14243));
#14243 = FILL_AREA_STYLE_COLOUR('',#14173);
#14244 = OVER_RIDING_STYLED_ITEM('overriding color',(#14245),#1881,
  #14156);
#14245 = PRESENTATION_STYLE_ASSIGNMENT((#14246));
#14246 = SURFACE_STYLE_USAGE(.BOTH.,#14247);
#14247 = SURFACE_SIDE_STYLE('',(#14248));
#14248 = SURFACE_STYLE_FILL_AREA(#14249);
#14249 = FILL_AREA_STYLE('',(#14250));
#14250 = FILL_AREA_STYLE_COLOUR('',#14173);
#14251 = OVER_RIDING_STYLED_ITEM('overriding color',(#14252),#1905,
  #14156);
#14252 = PRESENTATION_STYLE_ASSIGNMENT((#14253));
#14253 = SURFACE_STYLE_USAGE(.BOTH.,#14254);
#14254 = SURFACE_SIDE_STYLE('',(#14255));
#14255 = SURFACE_STYLE_FILL_AREA(#14256);
#14256 = FILL_AREA_STYLE('',(#14257));
#14257 = FILL_AREA_STYLE_COLOUR('',#14173);
#14258 = OVER_RIDING_STYLED_ITEM('overriding color',(#14259),#1921,
  #14156);
#14259 = PRESENTATION_STYLE_ASSIGNMENT((#14260));
#14260 = SURFACE_STYLE_USAGE(.BOTH.,#14261);
#14261 = SURFACE_SIDE_STYLE('',(#14262));
#14262 = SURFACE_STYLE_FILL_AREA(#14263);
#14263 = FILL_AREA_STYLE('',(#14264));
#14264 = FILL_AREA_STYLE_COLOUR('',#14173);
#14265 = OVER_RIDING_STYLED_ITEM('overriding color',(#14266),#1952,
  #14156);
#14266 = PRESENTATION_STYLE_ASSIGNMENT((#14267));
#14267 = SURFACE_STYLE_USAGE(.BOTH.,#14268);
#14268 = SURFACE_SIDE_STYLE('',(#14269));
#14269 = SURFACE_STYLE_FILL_AREA(#14270);
#14270 = FILL_AREA_STYLE('',(#14271));
#14271 = FILL_AREA_STYLE_COLOUR('',#14173);
#14272 = OVER_RIDING_STYLED_ITEM('overriding color',(#14273),#1977,
  #14156);
#14273 = PRESENTATION_STYLE_ASSIGNMENT((#14274));
#14274 = SURFACE_STYLE_USAGE(.BOTH.,#14275);
#14275 = SURFACE_SIDE_STYLE('',(#14276));
#14276 = SURFACE_STYLE_FILL_AREA(#14277);
#14277 = FILL_AREA_STYLE('',(#14278));
#14278 = FILL_AREA_STYLE_COLOUR('',#14173);
#14279 = OVER_RIDING_STYLED_ITEM('overriding color',(#14280),#2002,
  #14156);
#14280 = PRESENTATION_STYLE_ASSIGNMENT((#14281));
#14281 = SURFACE_STYLE_USAGE(.BOTH.,#14282);
#14282 = SURFACE_SIDE_STYLE('',(#14283));
#14283 = SURFACE_STYLE_FILL_AREA(#14284);
#14284 = FILL_AREA_STYLE('',(#14285));
#14285 = FILL_AREA_STYLE_COLOUR('',#14173);
#14286 = OVER_RIDING_STYLED_ITEM('overriding color',(#14287),#2027,
  #14156);
#14287 = PRESENTATION_STYLE_ASSIGNMENT((#14288));
#14288 = SURFACE_STYLE_USAGE(.BOTH.,#14289);
#14289 = SURFACE_SIDE_STYLE('',(#14290));
#14290 = SURFACE_STYLE_FILL_AREA(#14291);
#14291 = FILL_AREA_STYLE('',(#14292));
#14292 = FILL_AREA_STYLE_COLOUR('',#14293);
#14293 = COLOUR_RGB('',0.935260866907,0.874556811871,0.732716281101);
#14294 = OVER_RIDING_STYLED_ITEM('overriding color',(#14295),#2058,
  #14156);
#14295 = PRESENTATION_STYLE_ASSIGNMENT((#14296));
#14296 = SURFACE_STYLE_USAGE(.BOTH.,#14297);
#14297 = SURFACE_SIDE_STYLE('',(#14298));
#14298 = SURFACE_STYLE_FILL_AREA(#14299);
#14299 = FILL_AREA_STYLE('',(#14300));
#14300 = FILL_AREA_STYLE_COLOUR('',#14293);
#14301 = OVER_RIDING_STYLED_ITEM('overriding color',(#14302),#2082,
  #14156);
#14302 = PRESENTATION_STYLE_ASSIGNMENT((#14303));
#14303 = SURFACE_STYLE_USAGE(.BOTH.,#14304);
#14304 = SURFACE_SIDE_STYLE('',(#14305));
#14305 = SURFACE_STYLE_FILL_AREA(#14306);
#14306 = FILL_AREA_STYLE('',(#14307));
#14307 = FILL_AREA_STYLE_COLOUR('',#14293);
#14308 = OVER_RIDING_STYLED_ITEM('overriding color',(#14309),#2106,
  #14156);
#14309 = PRESENTATION_STYLE_ASSIGNMENT((#14310));
#14310 = SURFACE_STYLE_USAGE(.BOTH.,#14311);
#14311 = SURFACE_SIDE_STYLE('',(#14312));
#14312 = SURFACE_STYLE_FILL_AREA(#14313);
#14313 = FILL_AREA_STYLE('',(#14314));
#14314 = FILL_AREA_STYLE_COLOUR('',#14293);
#14315 = OVER_RIDING_STYLED_ITEM('overriding color',(#14316),#2123,
  #14156);
#14316 = PRESENTATION_STYLE_ASSIGNMENT((#14317));
#14317 = SURFACE_STYLE_USAGE(.BOTH.,#14318);
#14318 = SURFACE_SIDE_STYLE('',(#14319));
#14319 = SURFACE_STYLE_FILL_AREA(#14320);
#14320 = FILL_AREA_STYLE('',(#14321));
#14321 = FILL_AREA_STYLE_COLOUR('',#14173);
#14322 = OVER_RIDING_STYLED_ITEM('overriding color',(#14323),#2148,
  #14156);
#14323 = PRESENTATION_STYLE_ASSIGNMENT((#14324));
#14324 = SURFACE_STYLE_USAGE(.BOTH.,#14325);
#14325 = SURFACE_SIDE_STYLE('',(#14326));
#14326 = SURFACE_STYLE_FILL_AREA(#14327);
#14327 = FILL_AREA_STYLE('',(#14328));
#14328 = FILL_AREA_STYLE_COLOUR('',#14293);
#14329 = OVER_RIDING_STYLED_ITEM('overriding color',(#14330),#2179,
  #14156);
#14330 = PRESENTATION_STYLE_ASSIGNMENT((#14331));
#14331 = SURFACE_STYLE_USAGE(.BOTH.,#14332);
#14332 = SURFACE_SIDE_STYLE('',(#14333));
#14333 = SURFACE_STYLE_FILL_AREA(#14334);
#14334 = FILL_AREA_STYLE('',(#14335));
#14335 = FILL_AREA_STYLE_COLOUR('',#14293);
#14336 = OVER_RIDING_STYLED_ITEM('overriding color',(#14337),#2203,
  #14156);
#14337 = PRESENTATION_STYLE_ASSIGNMENT((#14338));
#14338 = SURFACE_STYLE_USAGE(.BOTH.,#14339);
#14339 = SURFACE_SIDE_STYLE('',(#14340));
#14340 = SURFACE_STYLE_FILL_AREA(#14341);
#14341 = FILL_AREA_STYLE('',(#14342));
#14342 = FILL_AREA_STYLE_COLOUR('',#14293);
#14343 = OVER_RIDING_STYLED_ITEM('overriding color',(#14344),#2227,
  #14156);
#14344 = PRESENTATION_STYLE_ASSIGNMENT((#14345));
#14345 = SURFACE_STYLE_USAGE(.BOTH.,#14346);
#14346 = SURFACE_SIDE_STYLE('',(#14347));
#14347 = SURFACE_STYLE_FILL_AREA(#14348);
#14348 = FILL_AREA_STYLE('',(#14349));
#14349 = FILL_AREA_STYLE_COLOUR('',#14293);
#14350 = OVER_RIDING_STYLED_ITEM('overriding color',(#14351),#2244,
  #14156);
#14351 = PRESENTATION_STYLE_ASSIGNMENT((#14352));
#14352 = SURFACE_STYLE_USAGE(.BOTH.,#14353);
#14353 = SURFACE_SIDE_STYLE('',(#14354));
#14354 = SURFACE_STYLE_FILL_AREA(#14355);
#14355 = FILL_AREA_STYLE('',(#14356));
#14356 = FILL_AREA_STYLE_COLOUR('',#14173);
#14357 = OVER_RIDING_STYLED_ITEM('overriding color',(#14358),#2269,
  #14156);
#14358 = PRESENTATION_STYLE_ASSIGNMENT((#14359));
#14359 = SURFACE_STYLE_USAGE(.BOTH.,#14360);
#14360 = SURFACE_SIDE_STYLE('',(#14361));
#14361 = SURFACE_STYLE_FILL_AREA(#14362);
#14362 = FILL_AREA_STYLE('',(#14363));
#14363 = FILL_AREA_STYLE_COLOUR('',#14293);
#14364 = OVER_RIDING_STYLED_ITEM('overriding color',(#14365),#2300,
  #14156);
#14365 = PRESENTATION_STYLE_ASSIGNMENT((#14366));
#14366 = SURFACE_STYLE_USAGE(.BOTH.,#14367);
#14367 = SURFACE_SIDE_STYLE('',(#14368));
#14368 = SURFACE_STYLE_FILL_AREA(#14369);
#14369 = FILL_AREA_STYLE('',(#14370));
#14370 = FILL_AREA_STYLE_COLOUR('',#14293);
#14371 = OVER_RIDING_STYLED_ITEM('overriding color',(#14372),#2324,
  #14156);
#14372 = PRESENTATION_STYLE_ASSIGNMENT((#14373));
#14373 = SURFACE_STYLE_USAGE(.BOTH.,#14374);
#14374 = SURFACE_SIDE_STYLE('',(#14375));
#14375 = SURFACE_STYLE_FILL_AREA(#14376);
#14376 = FILL_AREA_STYLE('',(#14377));
#14377 = FILL_AREA_STYLE_COLOUR('',#14293);
#14378 = OVER_RIDING_STYLED_ITEM('overriding color',(#14379),#2348,
  #14156);
#14379 = PRESENTATION_STYLE_ASSIGNMENT((#14380));
#14380 = SURFACE_STYLE_USAGE(.BOTH.,#14381);
#14381 = SURFACE_SIDE_STYLE('',(#14382));
#14382 = SURFACE_STYLE_FILL_AREA(#14383);
#14383 = FILL_AREA_STYLE('',(#14384));
#14384 = FILL_AREA_STYLE_COLOUR('',#14293);
#14385 = OVER_RIDING_STYLED_ITEM('overriding color',(#14386),#2365,
  #14156);
#14386 = PRESENTATION_STYLE_ASSIGNMENT((#14387));
#14387 = SURFACE_STYLE_USAGE(.BOTH.,#14388);
#14388 = SURFACE_SIDE_STYLE('',(#14389));
#14389 = SURFACE_STYLE_FILL_AREA(#14390);
#14390 = FILL_AREA_STYLE('',(#14391));
#14391 = FILL_AREA_STYLE_COLOUR('',#14173);
#14392 = OVER_RIDING_STYLED_ITEM('overriding color',(#14393),#2383,
  #14156);
#14393 = PRESENTATION_STYLE_ASSIGNMENT((#14394));
#14394 = SURFACE_STYLE_USAGE(.BOTH.,#14395);
#14395 = SURFACE_SIDE_STYLE('',(#14396));
#14396 = SURFACE_STYLE_FILL_AREA(#14397);
#14397 = FILL_AREA_STYLE('',(#14398));
#14398 = FILL_AREA_STYLE_COLOUR('',#14173);
#14399 = OVER_RIDING_STYLED_ITEM('overriding color',(#14400),#2400,
  #14156);
#14400 = PRESENTATION_STYLE_ASSIGNMENT((#14401));
#14401 = SURFACE_STYLE_USAGE(.BOTH.,#14402);
#14402 = SURFACE_SIDE_STYLE('',(#14403));
#14403 = SURFACE_STYLE_FILL_AREA(#14404);
#14404 = FILL_AREA_STYLE('',(#14405));
#14405 = FILL_AREA_STYLE_COLOUR('',#14173);
#14406 = OVER_RIDING_STYLED_ITEM('overriding color',(#14407),#2447,
  #14156);
#14407 = PRESENTATION_STYLE_ASSIGNMENT((#14408));
#14408 = SURFACE_STYLE_USAGE(.BOTH.,#14409);
#14409 = SURFACE_SIDE_STYLE('',(#14410));
#14410 = SURFACE_STYLE_FILL_AREA(#14411);
#14411 = FILL_AREA_STYLE('',(#14412));
#14412 = FILL_AREA_STYLE_COLOUR('',#14173);
#14413 = OVER_RIDING_STYLED_ITEM('overriding color',(#14414),#2460,
  #14156);
#14414 = PRESENTATION_STYLE_ASSIGNMENT((#14415));
#14415 = SURFACE_STYLE_USAGE(.BOTH.,#14416);
#14416 = SURFACE_SIDE_STYLE('',(#14417));
#14417 = SURFACE_STYLE_FILL_AREA(#14418);
#14418 = FILL_AREA_STYLE('',(#14419));
#14419 = FILL_AREA_STYLE_COLOUR('',#14173);
#14420 = OVER_RIDING_STYLED_ITEM('overriding color',(#14421),#2469,
  #14156);
#14421 = PRESENTATION_STYLE_ASSIGNMENT((#14422));
#14422 = SURFACE_STYLE_USAGE(.BOTH.,#14423);
#14423 = SURFACE_SIDE_STYLE('',(#14424));
#14424 = SURFACE_STYLE_FILL_AREA(#14425);
#14425 = FILL_AREA_STYLE('',(#14426));
#14426 = FILL_AREA_STYLE_COLOUR('',#14173);
#14427 = OVER_RIDING_STYLED_ITEM('overriding color',(#14428),#2478,
  #14156);
#14428 = PRESENTATION_STYLE_ASSIGNMENT((#14429));
#14429 = SURFACE_STYLE_USAGE(.BOTH.,#14430);
#14430 = SURFACE_SIDE_STYLE('',(#14431));
#14431 = SURFACE_STYLE_FILL_AREA(#14432);
#14432 = FILL_AREA_STYLE('',(#14433));
#14433 = FILL_AREA_STYLE_COLOUR('',#14173);
#14434 = OVER_RIDING_STYLED_ITEM('overriding color',(#14435),#2487,
  #14156);
#14435 = PRESENTATION_STYLE_ASSIGNMENT((#14436));
#14436 = SURFACE_STYLE_USAGE(.BOTH.,#14437);
#14437 = SURFACE_SIDE_STYLE('',(#14438));
#14438 = SURFACE_STYLE_FILL_AREA(#14439);
#14439 = FILL_AREA_STYLE('',(#14440));
#14440 = FILL_AREA_STYLE_COLOUR('',#14293);
#14441 = OVER_RIDING_STYLED_ITEM('overriding color',(#14442),#2499,
  #14156);
#14442 = PRESENTATION_STYLE_ASSIGNMENT((#14443));
#14443 = SURFACE_STYLE_USAGE(.BOTH.,#14444);
#14444 = SURFACE_SIDE_STYLE('',(#14445));
#14445 = SURFACE_STYLE_FILL_AREA(#14446);
#14446 = FILL_AREA_STYLE('',(#14447));
#14447 = FILL_AREA_STYLE_COLOUR('',#14173);
#14448 = OVER_RIDING_STYLED_ITEM('overriding color',(#14449),#2508,
  #14156);
#14449 = PRESENTATION_STYLE_ASSIGNMENT((#14450));
#14450 = SURFACE_STYLE_USAGE(.BOTH.,#14451);
#14451 = SURFACE_SIDE_STYLE('',(#14452));
#14452 = SURFACE_STYLE_FILL_AREA(#14453);
#14453 = FILL_AREA_STYLE('',(#14454));
#14454 = FILL_AREA_STYLE_COLOUR('',#14293);
#14455 = OVER_RIDING_STYLED_ITEM('overriding color',(#14456),#2520,
  #14156);
#14456 = PRESENTATION_STYLE_ASSIGNMENT((#14457));
#14457 = SURFACE_STYLE_USAGE(.BOTH.,#14458);
#14458 = SURFACE_SIDE_STYLE('',(#14459));
#14459 = SURFACE_STYLE_FILL_AREA(#14460);
#14460 = FILL_AREA_STYLE('',(#14461));
#14461 = FILL_AREA_STYLE_COLOUR('',#14173);
#14462 = OVER_RIDING_STYLED_ITEM('overriding color',(#14463),#2529,
  #14156);
#14463 = PRESENTATION_STYLE_ASSIGNMENT((#14464));
#14464 = SURFACE_STYLE_USAGE(.BOTH.,#14465);
#14465 = SURFACE_SIDE_STYLE('',(#14466));
#14466 = SURFACE_STYLE_FILL_AREA(#14467);
#14467 = FILL_AREA_STYLE('',(#14468));
#14468 = FILL_AREA_STYLE_COLOUR('',#14293);
#14469 = OVER_RIDING_STYLED_ITEM('overriding color',(#14470),#2541,
  #14156);
#14470 = PRESENTATION_STYLE_ASSIGNMENT((#14471));
#14471 = SURFACE_STYLE_USAGE(.BOTH.,#14472);
#14472 = SURFACE_SIDE_STYLE('',(#14473));
#14473 = SURFACE_STYLE_FILL_AREA(#14474);
#14474 = FILL_AREA_STYLE('',(#14475));
#14475 = FILL_AREA_STYLE_COLOUR('',#14476);
#14476 = COLOUR_RGB('',0.740301381017,0.740301381017,0.740301381017);
#14477 = OVER_RIDING_STYLED_ITEM('overriding color',(#14478),#2566,
  #14156);
#14478 = PRESENTATION_STYLE_ASSIGNMENT((#14479));
#14479 = SURFACE_STYLE_USAGE(.BOTH.,#14480);
#14480 = SURFACE_SIDE_STYLE('',(#14481));
#14481 = SURFACE_STYLE_FILL_AREA(#14482);
#14482 = FILL_AREA_STYLE('',(#14483));
#14483 = FILL_AREA_STYLE_COLOUR('',#14476);
#14484 = OVER_RIDING_STYLED_ITEM('overriding color',(#14485),#2586,
  #14156);
#14485 = PRESENTATION_STYLE_ASSIGNMENT((#14486));
#14486 = SURFACE_STYLE_USAGE(.BOTH.,#14487);
#14487 = SURFACE_SIDE_STYLE('',(#14488));
#14488 = SURFACE_STYLE_FILL_AREA(#14489);
#14489 = FILL_AREA_STYLE('',(#14490));
#14490 = FILL_AREA_STYLE_COLOUR('',#14476);
#14491 = OVER_RIDING_STYLED_ITEM('overriding color',(#14492),#2611,
  #14156);
#14492 = PRESENTATION_STYLE_ASSIGNMENT((#14493));
#14493 = SURFACE_STYLE_USAGE(.BOTH.,#14494);
#14494 = SURFACE_SIDE_STYLE('',(#14495));
#14495 = SURFACE_STYLE_FILL_AREA(#14496);
#14496 = FILL_AREA_STYLE('',(#14497));
#14497 = FILL_AREA_STYLE_COLOUR('',#14476);
#14498 = OVER_RIDING_STYLED_ITEM('overriding color',(#14499),#2636,
  #14156);
#14499 = PRESENTATION_STYLE_ASSIGNMENT((#14500));
#14500 = SURFACE_STYLE_USAGE(.BOTH.,#14501);
#14501 = SURFACE_SIDE_STYLE('',(#14502));
#14502 = SURFACE_STYLE_FILL_AREA(#14503);
#14503 = FILL_AREA_STYLE('',(#14504));
#14504 = FILL_AREA_STYLE_COLOUR('',#14476);
#14505 = OVER_RIDING_STYLED_ITEM('overriding color',(#14506),#2661,
  #14156);
#14506 = PRESENTATION_STYLE_ASSIGNMENT((#14507));
#14507 = SURFACE_STYLE_USAGE(.BOTH.,#14508);
#14508 = SURFACE_SIDE_STYLE('',(#14509));
#14509 = SURFACE_STYLE_FILL_AREA(#14510);
#14510 = FILL_AREA_STYLE('',(#14511));
#14511 = FILL_AREA_STYLE_COLOUR('',#14476);
#14512 = MECHANICAL_DESIGN_GEOMETRIC_PRESENTATION_REPRESENTATION('',(
    #14513,#14521,#14528,#14535,#14542,#14549,#14556,#14563,#14570,
    #14577,#14584,#14592,#14599,#14606,#14613,#14620,#14627,#14634,
    #14641,#14648,#14655,#14662,#14669,#14676,#14683,#14690,#14697,
    #14704),#910);
#14513 = STYLED_ITEM('color',(#14514),#154);
#14514 = PRESENTATION_STYLE_ASSIGNMENT((#14515));
#14515 = SURFACE_STYLE_USAGE(.BOTH.,#14516);
#14516 = SURFACE_SIDE_STYLE('',(#14517));
#14517 = SURFACE_STYLE_FILL_AREA(#14518);
#14518 = FILL_AREA_STYLE('',(#14519));
#14519 = FILL_AREA_STYLE_COLOUR('',#14520);
#14520 = COLOUR_RGB('',0.147999998088,0.144999993226,0.144999993226);
#14521 = STYLED_ITEM('color',(#14522),#194);
#14522 = PRESENTATION_STYLE_ASSIGNMENT((#14523));
#14523 = SURFACE_STYLE_USAGE(.BOTH.,#14524);
#14524 = SURFACE_SIDE_STYLE('',(#14525));
#14525 = SURFACE_STYLE_FILL_AREA(#14526);
#14526 = FILL_AREA_STYLE('',(#14527));
#14527 = FILL_AREA_STYLE_COLOUR('',#14520);
#14528 = STYLED_ITEM('color',(#14529),#225);
#14529 = PRESENTATION_STYLE_ASSIGNMENT((#14530));
#14530 = SURFACE_STYLE_USAGE(.BOTH.,#14531);
#14531 = SURFACE_SIDE_STYLE('',(#14532));
#14532 = SURFACE_STYLE_FILL_AREA(#14533);
#14533 = FILL_AREA_STYLE('',(#14534));
#14534 = FILL_AREA_STYLE_COLOUR('',#14520);
#14535 = STYLED_ITEM('color',(#14536),#256);
#14536 = PRESENTATION_STYLE_ASSIGNMENT((#14537));
#14537 = SURFACE_STYLE_USAGE(.BOTH.,#14538);
#14538 = SURFACE_SIDE_STYLE('',(#14539));
#14539 = SURFACE_STYLE_FILL_AREA(#14540);
#14540 = FILL_AREA_STYLE('',(#14541));
#14541 = FILL_AREA_STYLE_COLOUR('',#14520);
#14542 = STYLED_ITEM('color',(#14543),#339);
#14543 = PRESENTATION_STYLE_ASSIGNMENT((#14544));
#14544 = SURFACE_STYLE_USAGE(.BOTH.,#14545);
#14545 = SURFACE_SIDE_STYLE('',(#14546));
#14546 = SURFACE_STYLE_FILL_AREA(#14547);
#14547 = FILL_AREA_STYLE('',(#14548));
#14548 = FILL_AREA_STYLE_COLOUR('',#14520);
#14549 = STYLED_ITEM('color',(#14550),#422);
#14550 = PRESENTATION_STYLE_ASSIGNMENT((#14551));
#14551 = SURFACE_STYLE_USAGE(.BOTH.,#14552);
#14552 = SURFACE_SIDE_STYLE('',(#14553));
#14553 = SURFACE_STYLE_FILL_AREA(#14554);
#14554 = FILL_AREA_STYLE('',(#14555));
#14555 = FILL_AREA_STYLE_COLOUR('',#14520);
#14556 = STYLED_ITEM('color',(#14557),#439);
#14557 = PRESENTATION_STYLE_ASSIGNMENT((#14558));
#14558 = SURFACE_STYLE_USAGE(.BOTH.,#14559);
#14559 = SURFACE_SIDE_STYLE('',(#14560));
#14560 = SURFACE_STYLE_FILL_AREA(#14561);
#14561 = FILL_AREA_STYLE('',(#14562));
#14562 = FILL_AREA_STYLE_COLOUR('',#14520);
#14563 = STYLED_ITEM('color',(#14564),#456);
#14564 = PRESENTATION_STYLE_ASSIGNMENT((#14565));
#14565 = SURFACE_STYLE_USAGE(.BOTH.,#14566);
#14566 = SURFACE_SIDE_STYLE('',(#14567));
#14567 = SURFACE_STYLE_FILL_AREA(#14568);
#14568 = FILL_AREA_STYLE('',(#14569));
#14569 = FILL_AREA_STYLE_COLOUR('',#14520);
#14570 = STYLED_ITEM('color',(#14571),#473);
#14571 = PRESENTATION_STYLE_ASSIGNMENT((#14572));
#14572 = SURFACE_STYLE_USAGE(.BOTH.,#14573);
#14573 = SURFACE_SIDE_STYLE('',(#14574));
#14574 = SURFACE_STYLE_FILL_AREA(#14575);
#14575 = FILL_AREA_STYLE('',(#14576));
#14576 = FILL_AREA_STYLE_COLOUR('',#14520);
#14577 = STYLED_ITEM('color',(#14578),#490);
#14578 = PRESENTATION_STYLE_ASSIGNMENT((#14579));
#14579 = SURFACE_STYLE_USAGE(.BOTH.,#14580);
#14580 = SURFACE_SIDE_STYLE('',(#14581));
#14581 = SURFACE_STYLE_FILL_AREA(#14582);
#14582 = FILL_AREA_STYLE('',(#14583));
#14583 = FILL_AREA_STYLE_COLOUR('',#14520);
#14584 = STYLED_ITEM('color',(#14585),#502);
#14585 = PRESENTATION_STYLE_ASSIGNMENT((#14586));
#14586 = SURFACE_STYLE_USAGE(.BOTH.,#14587);
#14587 = SURFACE_SIDE_STYLE('',(#14588));
#14588 = SURFACE_STYLE_FILL_AREA(#14589);
#14589 = FILL_AREA_STYLE('',(#14590));
#14590 = FILL_AREA_STYLE_COLOUR('',#14591);
#14591 = COLOUR_RGB('',0.859000020776,0.737999965183,0.495999988746);
#14592 = STYLED_ITEM('color',(#14593),#533);
#14593 = PRESENTATION_STYLE_ASSIGNMENT((#14594));
#14594 = SURFACE_STYLE_USAGE(.BOTH.,#14595);
#14595 = SURFACE_SIDE_STYLE('',(#14596));
#14596 = SURFACE_STYLE_FILL_AREA(#14597);
#14597 = FILL_AREA_STYLE('',(#14598));
#14598 = FILL_AREA_STYLE_COLOUR('',#14591);
#14599 = STYLED_ITEM('color',(#14600),#557);
#14600 = PRESENTATION_STYLE_ASSIGNMENT((#14601));
#14601 = SURFACE_STYLE_USAGE(.BOTH.,#14602);
#14602 = SURFACE_SIDE_STYLE('',(#14603));
#14603 = SURFACE_STYLE_FILL_AREA(#14604);
#14604 = FILL_AREA_STYLE('',(#14605));
#14605 = FILL_AREA_STYLE_COLOUR('',#14591);
#14606 = STYLED_ITEM('color',(#14607),#581);
#14607 = PRESENTATION_STYLE_ASSIGNMENT((#14608));
#14608 = SURFACE_STYLE_USAGE(.BOTH.,#14609);
#14609 = SURFACE_SIDE_STYLE('',(#14610));
#14610 = SURFACE_STYLE_FILL_AREA(#14611);
#14611 = FILL_AREA_STYLE('',(#14612));
#14612 = FILL_AREA_STYLE_COLOUR('',#14591);
#14613 = STYLED_ITEM('color',(#14614),#598);
#14614 = PRESENTATION_STYLE_ASSIGNMENT((#14615));
#14615 = SURFACE_STYLE_USAGE(.BOTH.,#14616);
#14616 = SURFACE_SIDE_STYLE('',(#14617));
#14617 = SURFACE_STYLE_FILL_AREA(#14618);
#14618 = FILL_AREA_STYLE('',(#14619));
#14619 = FILL_AREA_STYLE_COLOUR('',#14591);
#14620 = STYLED_ITEM('color',(#14621),#629);
#14621 = PRESENTATION_STYLE_ASSIGNMENT((#14622));
#14622 = SURFACE_STYLE_USAGE(.BOTH.,#14623);
#14623 = SURFACE_SIDE_STYLE('',(#14624));
#14624 = SURFACE_STYLE_FILL_AREA(#14625);
#14625 = FILL_AREA_STYLE('',(#14626));
#14626 = FILL_AREA_STYLE_COLOUR('',#14591);
#14627 = STYLED_ITEM('color',(#14628),#653);
#14628 = PRESENTATION_STYLE_ASSIGNMENT((#14629));
#14629 = SURFACE_STYLE_USAGE(.BOTH.,#14630);
#14630 = SURFACE_SIDE_STYLE('',(#14631));
#14631 = SURFACE_STYLE_FILL_AREA(#14632);
#14632 = FILL_AREA_STYLE('',(#14633));
#14633 = FILL_AREA_STYLE_COLOUR('',#14591);
#14634 = STYLED_ITEM('color',(#14635),#677);
#14635 = PRESENTATION_STYLE_ASSIGNMENT((#14636));
#14636 = SURFACE_STYLE_USAGE(.BOTH.,#14637);
#14637 = SURFACE_SIDE_STYLE('',(#14638));
#14638 = SURFACE_STYLE_FILL_AREA(#14639);
#14639 = FILL_AREA_STYLE('',(#14640));
#14640 = FILL_AREA_STYLE_COLOUR('',#14591);
#14641 = STYLED_ITEM('color',(#14642),#694);
#14642 = PRESENTATION_STYLE_ASSIGNMENT((#14643));
#14643 = SURFACE_STYLE_USAGE(.BOTH.,#14644);
#14644 = SURFACE_SIDE_STYLE('',(#14645));
#14645 = SURFACE_STYLE_FILL_AREA(#14646);
#14646 = FILL_AREA_STYLE('',(#14647));
#14647 = FILL_AREA_STYLE_COLOUR('',#14591);
#14648 = STYLED_ITEM('color',(#14649),#725);
#14649 = PRESENTATION_STYLE_ASSIGNMENT((#14650));
#14650 = SURFACE_STYLE_USAGE(.BOTH.,#14651);
#14651 = SURFACE_SIDE_STYLE('',(#14652));
#14652 = SURFACE_STYLE_FILL_AREA(#14653);
#14653 = FILL_AREA_STYLE('',(#14654));
#14654 = FILL_AREA_STYLE_COLOUR('',#14591);
#14655 = STYLED_ITEM('color',(#14656),#749);
#14656 = PRESENTATION_STYLE_ASSIGNMENT((#14657));
#14657 = SURFACE_STYLE_USAGE(.BOTH.,#14658);
#14658 = SURFACE_SIDE_STYLE('',(#14659));
#14659 = SURFACE_STYLE_FILL_AREA(#14660);
#14660 = FILL_AREA_STYLE('',(#14661));
#14661 = FILL_AREA_STYLE_COLOUR('',#14591);
#14662 = STYLED_ITEM('color',(#14663),#773);
#14663 = PRESENTATION_STYLE_ASSIGNMENT((#14664));
#14664 = SURFACE_STYLE_USAGE(.BOTH.,#14665);
#14665 = SURFACE_SIDE_STYLE('',(#14666));
#14666 = SURFACE_STYLE_FILL_AREA(#14667);
#14667 = FILL_AREA_STYLE('',(#14668));
#14668 = FILL_AREA_STYLE_COLOUR('',#14591);
#14669 = STYLED_ITEM('color',(#14670),#790);
#14670 = PRESENTATION_STYLE_ASSIGNMENT((#14671));
#14671 = SURFACE_STYLE_USAGE(.BOTH.,#14672);
#14672 = SURFACE_SIDE_STYLE('',(#14673));
#14673 = SURFACE_STYLE_FILL_AREA(#14674);
#14674 = FILL_AREA_STYLE('',(#14675));
#14675 = FILL_AREA_STYLE_COLOUR('',#14591);
#14676 = STYLED_ITEM('color',(#14677),#821);
#14677 = PRESENTATION_STYLE_ASSIGNMENT((#14678));
#14678 = SURFACE_STYLE_USAGE(.BOTH.,#14679);
#14679 = SURFACE_SIDE_STYLE('',(#14680));
#14680 = SURFACE_STYLE_FILL_AREA(#14681);
#14681 = FILL_AREA_STYLE('',(#14682));
#14682 = FILL_AREA_STYLE_COLOUR('',#14591);
#14683 = STYLED_ITEM('color',(#14684),#845);
#14684 = PRESENTATION_STYLE_ASSIGNMENT((#14685));
#14685 = SURFACE_STYLE_USAGE(.BOTH.,#14686);
#14686 = SURFACE_SIDE_STYLE('',(#14687));
#14687 = SURFACE_STYLE_FILL_AREA(#14688);
#14688 = FILL_AREA_STYLE('',(#14689));
#14689 = FILL_AREA_STYLE_COLOUR('',#14591);
#14690 = STYLED_ITEM('color',(#14691),#869);
#14691 = PRESENTATION_STYLE_ASSIGNMENT((#14692));
#14692 = SURFACE_STYLE_USAGE(.BOTH.,#14693);
#14693 = SURFACE_SIDE_STYLE('',(#14694));
#14694 = SURFACE_STYLE_FILL_AREA(#14695);
#14695 = FILL_AREA_STYLE('',(#14696));
#14696 = FILL_AREA_STYLE_COLOUR('',#14591);
#14697 = STYLED_ITEM('color',(#14698),#886);
#14698 = PRESENTATION_STYLE_ASSIGNMENT((#14699));
#14699 = SURFACE_STYLE_USAGE(.BOTH.,#14700);
#14700 = SURFACE_SIDE_STYLE('',(#14701));
#14701 = SURFACE_STYLE_FILL_AREA(#14702);
#14702 = FILL_AREA_STYLE('',(#14703));
#14703 = FILL_AREA_STYLE_COLOUR('',#14591);
#14704 = STYLED_ITEM('color',(#14705),#898);
#14705 = PRESENTATION_STYLE_ASSIGNMENT((#14706));
#14706 = SURFACE_STYLE_USAGE(.BOTH.,#14707);
#14707 = SURFACE_SIDE_STYLE('',(#14708));
#14708 = SURFACE_STYLE_FILL_AREA(#14709);
#14709 = FILL_AREA_STYLE('',(#14710));
#14710 = FILL_AREA_STYLE_COLOUR('',#14591);
#14711 = MECHANICAL_DESIGN_GEOMETRIC_PRESENTATION_REPRESENTATION('',(
    #14712,#14720,#14727,#14734,#14741,#14748,#14756,#14763,#14770,
    #14777,#14784,#14791,#14798,#14805,#14812,#14819,#14826),#1344);
#14712 = STYLED_ITEM('color',(#14713),#959);
#14713 = PRESENTATION_STYLE_ASSIGNMENT((#14714));
#14714 = SURFACE_STYLE_USAGE(.BOTH.,#14715);
#14715 = SURFACE_SIDE_STYLE('',(#14716));
#14716 = SURFACE_STYLE_FILL_AREA(#14717);
#14717 = FILL_AREA_STYLE('',(#14718));
#14718 = FILL_AREA_STYLE_COLOUR('',#14719);
#14719 = COLOUR_RGB('',0.883000012551,0.711000022565,0.492000011028);
#14720 = STYLED_ITEM('color',(#14721),#992);
#14721 = PRESENTATION_STYLE_ASSIGNMENT((#14722));
#14722 = SURFACE_STYLE_USAGE(.BOTH.,#14723);
#14723 = SURFACE_SIDE_STYLE('',(#14724));
#14724 = SURFACE_STYLE_FILL_AREA(#14725);
#14725 = FILL_AREA_STYLE('',(#14726));
#14726 = FILL_AREA_STYLE_COLOUR('',#14719);
#14727 = STYLED_ITEM('color',(#14728),#1018);
#14728 = PRESENTATION_STYLE_ASSIGNMENT((#14729));
#14729 = SURFACE_STYLE_USAGE(.BOTH.,#14730);
#14730 = SURFACE_SIDE_STYLE('',(#14731));
#14731 = SURFACE_STYLE_FILL_AREA(#14732);
#14732 = FILL_AREA_STYLE('',(#14733));
#14733 = FILL_AREA_STYLE_COLOUR('',#14719);
#14734 = STYLED_ITEM('color',(#14735),#1038);
#14735 = PRESENTATION_STYLE_ASSIGNMENT((#14736));
#14736 = SURFACE_STYLE_USAGE(.BOTH.,#14737);
#14737 = SURFACE_SIDE_STYLE('',(#14738));
#14738 = SURFACE_STYLE_FILL_AREA(#14739);
#14739 = FILL_AREA_STYLE('',(#14740));
#14740 = FILL_AREA_STYLE_COLOUR('',#14719);
#14741 = STYLED_ITEM('color',(#14742),#1058);
#14742 = PRESENTATION_STYLE_ASSIGNMENT((#14743));
#14743 = SURFACE_STYLE_USAGE(.BOTH.,#14744);
#14744 = SURFACE_SIDE_STYLE('',(#14745));
#14745 = SURFACE_STYLE_FILL_AREA(#14746);
#14746 = FILL_AREA_STYLE('',(#14747));
#14747 = FILL_AREA_STYLE_COLOUR('',#14719);
#14748 = STYLED_ITEM('color',(#14749),#1083);
#14749 = PRESENTATION_STYLE_ASSIGNMENT((#14750));
#14750 = SURFACE_STYLE_USAGE(.BOTH.,#14751);
#14751 = SURFACE_SIDE_STYLE('',(#14752));
#14752 = SURFACE_STYLE_FILL_AREA(#14753);
#14753 = FILL_AREA_STYLE('',(#14754));
#14754 = FILL_AREA_STYLE_COLOUR('',#14755);
#14755 = COLOUR_RGB('',0.823999987314,0.819999987296,0.781000009244);
#14756 = STYLED_ITEM('color',(#14757),#1108);
#14757 = PRESENTATION_STYLE_ASSIGNMENT((#14758));
#14758 = SURFACE_STYLE_USAGE(.BOTH.,#14759);
#14759 = SURFACE_SIDE_STYLE('',(#14760));
#14760 = SURFACE_STYLE_FILL_AREA(#14761);
#14761 = FILL_AREA_STYLE('',(#14762));
#14762 = FILL_AREA_STYLE_COLOUR('',#14719);
#14763 = STYLED_ITEM('color',(#14764),#1128);
#14764 = PRESENTATION_STYLE_ASSIGNMENT((#14765));
#14765 = SURFACE_STYLE_USAGE(.BOTH.,#14766);
#14766 = SURFACE_SIDE_STYLE('',(#14767));
#14767 = SURFACE_STYLE_FILL_AREA(#14768);
#14768 = FILL_AREA_STYLE('',(#14769));
#14769 = FILL_AREA_STYLE_COLOUR('',#14755);
#14770 = STYLED_ITEM('color',(#14771),#1154);
#14771 = PRESENTATION_STYLE_ASSIGNMENT((#14772));
#14772 = SURFACE_STYLE_USAGE(.BOTH.,#14773);
#14773 = SURFACE_SIDE_STYLE('',(#14774));
#14774 = SURFACE_STYLE_FILL_AREA(#14775);
#14775 = FILL_AREA_STYLE('',(#14776));
#14776 = FILL_AREA_STYLE_COLOUR('',#14719);
#14777 = STYLED_ITEM('color',(#14778),#1179);
#14778 = PRESENTATION_STYLE_ASSIGNMENT((#14779));
#14779 = SURFACE_STYLE_USAGE(.BOTH.,#14780);
#14780 = SURFACE_SIDE_STYLE('',(#14781));
#14781 = SURFACE_STYLE_FILL_AREA(#14782);
#14782 = FILL_AREA_STYLE('',(#14783));
#14783 = FILL_AREA_STYLE_COLOUR('',#14755);
#14784 = STYLED_ITEM('color',(#14785),#1204);
#14785 = PRESENTATION_STYLE_ASSIGNMENT((#14786));
#14786 = SURFACE_STYLE_USAGE(.BOTH.,#14787);
#14787 = SURFACE_SIDE_STYLE('',(#14788));
#14788 = SURFACE_STYLE_FILL_AREA(#14789);
#14789 = FILL_AREA_STYLE('',(#14790));
#14790 = FILL_AREA_STYLE_COLOUR('',#14719);
#14791 = STYLED_ITEM('color',(#14792),#1230);
#14792 = PRESENTATION_STYLE_ASSIGNMENT((#14793));
#14793 = SURFACE_STYLE_USAGE(.BOTH.,#14794);
#14794 = SURFACE_SIDE_STYLE('',(#14795));
#14795 = SURFACE_STYLE_FILL_AREA(#14796);
#14796 = FILL_AREA_STYLE('',(#14797));
#14797 = FILL_AREA_STYLE_COLOUR('',#14755);
#14798 = STYLED_ITEM('color',(#14799),#1239);
#14799 = PRESENTATION_STYLE_ASSIGNMENT((#14800));
#14800 = SURFACE_STYLE_USAGE(.BOTH.,#14801);
#14801 = SURFACE_SIDE_STYLE('',(#14802));
#14802 = SURFACE_STYLE_FILL_AREA(#14803);
#14803 = FILL_AREA_STYLE('',(#14804));
#14804 = FILL_AREA_STYLE_COLOUR('',#14719);
#14805 = STYLED_ITEM('color',(#14806),#1259);
#14806 = PRESENTATION_STYLE_ASSIGNMENT((#14807));
#14807 = SURFACE_STYLE_USAGE(.BOTH.,#14808);
#14808 = SURFACE_SIDE_STYLE('',(#14809));
#14809 = SURFACE_STYLE_FILL_AREA(#14810);
#14810 = FILL_AREA_STYLE('',(#14811));
#14811 = FILL_AREA_STYLE_COLOUR('',#14755);
#14812 = STYLED_ITEM('color',(#14813),#1284);
#14813 = PRESENTATION_STYLE_ASSIGNMENT((#14814));
#14814 = SURFACE_STYLE_USAGE(.BOTH.,#14815);
#14815 = SURFACE_SIDE_STYLE('',(#14816));
#14816 = SURFACE_STYLE_FILL_AREA(#14817);
#14817 = FILL_AREA_STYLE('',(#14818));
#14818 = FILL_AREA_STYLE_COLOUR('',#14755);
#14819 = STYLED_ITEM('color',(#14820),#1310);
#14820 = PRESENTATION_STYLE_ASSIGNMENT((#14821));
#14821 = SURFACE_STYLE_USAGE(.BOTH.,#14822);
#14822 = SURFACE_SIDE_STYLE('',(#14823));
#14823 = SURFACE_STYLE_FILL_AREA(#14824);
#14824 = FILL_AREA_STYLE('',(#14825));
#14825 = FILL_AREA_STYLE_COLOUR('',#14755);
#14826 = STYLED_ITEM('color',(#14827),#1335);
#14827 = PRESENTATION_STYLE_ASSIGNMENT((#14828));
#14828 = SURFACE_STYLE_USAGE(.BOTH.,#14829);
#14829 = SURFACE_SIDE_STYLE('',(#14830));
#14830 = SURFACE_STYLE_FILL_AREA(#14831);
#14831 = FILL_AREA_STYLE('',(#14832));
#14832 = FILL_AREA_STYLE_COLOUR('',#14755);
#14833 = MECHANICAL_DESIGN_GEOMETRIC_PRESENTATION_REPRESENTATION('',(
    #14834,#14841,#14848,#14855,#14862,#14870,#14877,#14884,#14891,
    #14898),#3199);
#14834 = STYLED_ITEM('color',(#14835),#2719);
#14835 = PRESENTATION_STYLE_ASSIGNMENT((#14836));
#14836 = SURFACE_STYLE_USAGE(.BOTH.,#14837);
#14837 = SURFACE_SIDE_STYLE('',(#14838));
#14838 = SURFACE_STYLE_FILL_AREA(#14839);
#14839 = FILL_AREA_STYLE('',(#14840));
#14840 = FILL_AREA_STYLE_COLOUR('',#14755);
#14841 = STYLED_ITEM('color',(#14842),#2736);
#14842 = PRESENTATION_STYLE_ASSIGNMENT((#14843));
#14843 = SURFACE_STYLE_USAGE(.BOTH.,#14844);
#14844 = SURFACE_SIDE_STYLE('',(#14845));
#14845 = SURFACE_STYLE_FILL_AREA(#14846);
#14846 = FILL_AREA_STYLE('',(#14847));
#14847 = FILL_AREA_STYLE_COLOUR('',#14755);
#14848 = STYLED_ITEM('color',(#14849),#2761);
#14849 = PRESENTATION_STYLE_ASSIGNMENT((#14850));
#14850 = SURFACE_STYLE_USAGE(.BOTH.,#14851);
#14851 = SURFACE_SIDE_STYLE('',(#14852));
#14852 = SURFACE_STYLE_FILL_AREA(#14853);
#14853 = FILL_AREA_STYLE('',(#14854));
#14854 = FILL_AREA_STYLE_COLOUR('',#14755);
#14855 = STYLED_ITEM('color',(#14856),#2791);
#14856 = PRESENTATION_STYLE_ASSIGNMENT((#14857));
#14857 = SURFACE_STYLE_USAGE(.BOTH.,#14858);
#14858 = SURFACE_SIDE_STYLE('',(#14859));
#14859 = SURFACE_STYLE_FILL_AREA(#14860);
#14860 = FILL_AREA_STYLE('',(#14861));
#14861 = FILL_AREA_STYLE_COLOUR('',#14755);
#14862 = STYLED_ITEM('color',(#14863),#2925);
#14863 = PRESENTATION_STYLE_ASSIGNMENT((#14864));
#14864 = SURFACE_STYLE_USAGE(.BOTH.,#14865);
#14865 = SURFACE_SIDE_STYLE('',(#14866));
#14866 = SURFACE_STYLE_FILL_AREA(#14867);
#14867 = FILL_AREA_STYLE('',(#14868));
#14868 = FILL_AREA_STYLE_COLOUR('',#14869);
#14869 = COLOUR_RGB('',0.809000013735,0.426000008053,0.147999998088);
#14870 = STYLED_ITEM('color',(#14871),#3026);
#14871 = PRESENTATION_STYLE_ASSIGNMENT((#14872));
#14872 = SURFACE_STYLE_USAGE(.BOTH.,#14873);
#14873 = SURFACE_SIDE_STYLE('',(#14874));
#14874 = SURFACE_STYLE_FILL_AREA(#14875);
#14875 = FILL_AREA_STYLE('',(#14876));
#14876 = FILL_AREA_STYLE_COLOUR('',#14869);
#14877 = STYLED_ITEM('color',(#14878),#3108);
#14878 = PRESENTATION_STYLE_ASSIGNMENT((#14879));
#14879 = SURFACE_STYLE_USAGE(.BOTH.,#14880);
#14880 = SURFACE_SIDE_STYLE('',(#14881));
#14881 = SURFACE_STYLE_FILL_AREA(#14882);
#14882 = FILL_AREA_STYLE('',(#14883));
#14883 = FILL_AREA_STYLE_COLOUR('',#14755);
#14884 = STYLED_ITEM('color',(#14885),#3135);
#14885 = PRESENTATION_STYLE_ASSIGNMENT((#14886));
#14886 = SURFACE_STYLE_USAGE(.BOTH.,#14887);
#14887 = SURFACE_SIDE_STYLE('',(#14888));
#14888 = SURFACE_STYLE_FILL_AREA(#14889);
#14889 = FILL_AREA_STYLE('',(#14890));
#14890 = FILL_AREA_STYLE_COLOUR('',#14755);
#14891 = STYLED_ITEM('color',(#14892),#3165);
#14892 = PRESENTATION_STYLE_ASSIGNMENT((#14893));
#14893 = SURFACE_STYLE_USAGE(.BOTH.,#14894);
#14894 = SURFACE_SIDE_STYLE('',(#14895));
#14895 = SURFACE_STYLE_FILL_AREA(#14896);
#14896 = FILL_AREA_STYLE('',(#14897));
#14897 = FILL_AREA_STYLE_COLOUR('',#14755);
#14898 = STYLED_ITEM('color',(#14899),#3190);
#14899 = PRESENTATION_STYLE_ASSIGNMENT((#14900));
#14900 = SURFACE_STYLE_USAGE(.BOTH.,#14901);
#14901 = SURFACE_SIDE_STYLE('',(#14902));
#14902 = SURFACE_STYLE_FILL_AREA(#14903);
#14903 = FILL_AREA_STYLE('',(#14904));
#14904 = FILL_AREA_STYLE_COLOUR('',#14755);
#14905 = MECHANICAL_DESIGN_GEOMETRIC_PRESENTATION_REPRESENTATION('',(
    #14906,#14914,#14921,#14928,#14935,#14942,#14949,#14956,#14963,
    #14970,#14977,#14984,#14991,#14998,#15005,#15012,#15019,#15026,
    #15033,#15040,#15047,#15054,#15061,#15068,#15075,#15082,#15089,
    #15096,#15103,#15110,#15117,#15124,#15131,#15138,#15145,#15152,
    #15159,#15166,#15173,#15180,#15187,#15194,#15201,#15208,#15215,
    #15222,#15229,#15236,#15243,#15250,#15257,#15264,#15271,#15278,
    #15285,#15292,#15299,#15306,#15313,#15320,#15327,#15334,#15341,
    #15348,#15355,#15362,#15369,#15376,#15383,#15390,#15397,#15404,
    #15411,#15418,#15425,#15432,#15439,#15446,#15453,#15460),#5289);
#14906 = STYLED_ITEM('color',(#14907),#3256);
#14907 = PRESENTATION_STYLE_ASSIGNMENT((#14908));
#14908 = SURFACE_STYLE_USAGE(.BOTH.,#14909);
#14909 = SURFACE_SIDE_STYLE('',(#14910));
#14910 = SURFACE_STYLE_FILL_AREA(#14911);
#14911 = FILL_AREA_STYLE('',(#14912));
#14912 = FILL_AREA_STYLE_COLOUR('',#14913);
#14913 = COLOUR_RGB('',0.800000010877,0.800000010877,0.800000010877);
#14914 = OVER_RIDING_STYLED_ITEM('overriding color',(#14915),#3258,
  #14906);
#14915 = PRESENTATION_STYLE_ASSIGNMENT((#14916));
#14916 = SURFACE_STYLE_USAGE(.BOTH.,#14917);
#14917 = SURFACE_SIDE_STYLE('',(#14918));
#14918 = SURFACE_STYLE_FILL_AREA(#14919);
#14919 = FILL_AREA_STYLE('',(#14920));
#14920 = FILL_AREA_STYLE_COLOUR('',#14520);
#14921 = OVER_RIDING_STYLED_ITEM('overriding color',(#14922),#3298,
  #14906);
#14922 = PRESENTATION_STYLE_ASSIGNMENT((#14923));
#14923 = SURFACE_STYLE_USAGE(.BOTH.,#14924);
#14924 = SURFACE_SIDE_STYLE('',(#14925));
#14925 = SURFACE_STYLE_FILL_AREA(#14926);
#14926 = FILL_AREA_STYLE('',(#14927));
#14927 = FILL_AREA_STYLE_COLOUR('',#14520);
#14928 = OVER_RIDING_STYLED_ITEM('overriding color',(#14929),#3331,
  #14906);
#14929 = PRESENTATION_STYLE_ASSIGNMENT((#14930));
#14930 = SURFACE_STYLE_USAGE(.BOTH.,#14931);
#14931 = SURFACE_SIDE_STYLE('',(#14932));
#14932 = SURFACE_STYLE_FILL_AREA(#14933);
#14933 = FILL_AREA_STYLE('',(#14934));
#14934 = FILL_AREA_STYLE_COLOUR('',#14520);
#14935 = OVER_RIDING_STYLED_ITEM('overriding color',(#14936),#3372,
  #14906);
#14936 = PRESENTATION_STYLE_ASSIGNMENT((#14937));
#14937 = SURFACE_STYLE_USAGE(.BOTH.,#14938);
#14938 = SURFACE_SIDE_STYLE('',(#14939));
#14939 = SURFACE_STYLE_FILL_AREA(#14940);
#14940 = FILL_AREA_STYLE('',(#14941));
#14941 = FILL_AREA_STYLE_COLOUR('',#14520);
#14942 = OVER_RIDING_STYLED_ITEM('overriding color',(#14943),#3405,
  #14906);
#14943 = PRESENTATION_STYLE_ASSIGNMENT((#14944));
#14944 = SURFACE_STYLE_USAGE(.BOTH.,#14945);
#14945 = SURFACE_SIDE_STYLE('',(#14946));
#14946 = SURFACE_STYLE_FILL_AREA(#14947);
#14947 = FILL_AREA_STYLE('',(#14948));
#14948 = FILL_AREA_STYLE_COLOUR('',#14520);
#14949 = OVER_RIDING_STYLED_ITEM('overriding color',(#14950),#3438,
  #14906);
#14950 = PRESENTATION_STYLE_ASSIGNMENT((#14951));
#14951 = SURFACE_STYLE_USAGE(.BOTH.,#14952);
#14952 = SURFACE_SIDE_STYLE('',(#14953));
#14953 = SURFACE_STYLE_FILL_AREA(#14954);
#14954 = FILL_AREA_STYLE('',(#14955));
#14955 = FILL_AREA_STYLE_COLOUR('',#14520);
#14956 = OVER_RIDING_STYLED_ITEM('overriding color',(#14957),#3455,
  #14906);
#14957 = PRESENTATION_STYLE_ASSIGNMENT((#14958));
#14958 = SURFACE_STYLE_USAGE(.BOTH.,#14959);
#14959 = SURFACE_SIDE_STYLE('',(#14960));
#14960 = SURFACE_STYLE_FILL_AREA(#14961);
#14961 = FILL_AREA_STYLE('',(#14962));
#14962 = FILL_AREA_STYLE_COLOUR('',#14520);
#14963 = OVER_RIDING_STYLED_ITEM('overriding color',(#14964),#3472,
  #14906);
#14964 = PRESENTATION_STYLE_ASSIGNMENT((#14965));
#14965 = SURFACE_STYLE_USAGE(.BOTH.,#14966);
#14966 = SURFACE_SIDE_STYLE('',(#14967));
#14967 = SURFACE_STYLE_FILL_AREA(#14968);
#14968 = FILL_AREA_STYLE('',(#14969));
#14969 = FILL_AREA_STYLE_COLOUR('',#14520);
#14970 = OVER_RIDING_STYLED_ITEM('overriding color',(#14971),#3519,
  #14906);
#14971 = PRESENTATION_STYLE_ASSIGNMENT((#14972));
#14972 = SURFACE_STYLE_USAGE(.BOTH.,#14973);
#14973 = SURFACE_SIDE_STYLE('',(#14974));
#14974 = SURFACE_STYLE_FILL_AREA(#14975);
#14975 = FILL_AREA_STYLE('',(#14976));
#14976 = FILL_AREA_STYLE_COLOUR('',#14520);
#14977 = OVER_RIDING_STYLED_ITEM('overriding color',(#14978),#3536,
  #14906);
#14978 = PRESENTATION_STYLE_ASSIGNMENT((#14979));
#14979 = SURFACE_STYLE_USAGE(.BOTH.,#14980);
#14980 = SURFACE_SIDE_STYLE('',(#14981));
#14981 = SURFACE_STYLE_FILL_AREA(#14982);
#14982 = FILL_AREA_STYLE('',(#14983));
#14983 = FILL_AREA_STYLE_COLOUR('',#14520);
#14984 = OVER_RIDING_STYLED_ITEM('overriding color',(#14985),#3568,
  #14906);
#14985 = PRESENTATION_STYLE_ASSIGNMENT((#14986));
#14986 = SURFACE_STYLE_USAGE(.BOTH.,#14987);
#14987 = SURFACE_SIDE_STYLE('',(#14988));
#14988 = SURFACE_STYLE_FILL_AREA(#14989);
#14989 = FILL_AREA_STYLE('',(#14990));
#14990 = FILL_AREA_STYLE_COLOUR('',#14520);
#14991 = OVER_RIDING_STYLED_ITEM('overriding color',(#14992),#3600,
  #14906);
#14992 = PRESENTATION_STYLE_ASSIGNMENT((#14993));
#14993 = SURFACE_STYLE_USAGE(.BOTH.,#14994);
#14994 = SURFACE_SIDE_STYLE('',(#14995));
#14995 = SURFACE_STYLE_FILL_AREA(#14996);
#14996 = FILL_AREA_STYLE('',(#14997));
#14997 = FILL_AREA_STYLE_COLOUR('',#14520);
#14998 = OVER_RIDING_STYLED_ITEM('overriding color',(#14999),#3617,
  #14906);
#14999 = PRESENTATION_STYLE_ASSIGNMENT((#15000));
#15000 = SURFACE_STYLE_USAGE(.BOTH.,#15001);
#15001 = SURFACE_SIDE_STYLE('',(#15002));
#15002 = SURFACE_STYLE_FILL_AREA(#15003);
#15003 = FILL_AREA_STYLE('',(#15004));
#15004 = FILL_AREA_STYLE_COLOUR('',#14520);
#15005 = OVER_RIDING_STYLED_ITEM('overriding color',(#15006),#3659,
  #14906);
#15006 = PRESENTATION_STYLE_ASSIGNMENT((#15007));
#15007 = SURFACE_STYLE_USAGE(.BOTH.,#15008);
#15008 = SURFACE_SIDE_STYLE('',(#15009));
#15009 = SURFACE_STYLE_FILL_AREA(#15010);
#15010 = FILL_AREA_STYLE('',(#15011));
#15011 = FILL_AREA_STYLE_COLOUR('',#14520);
#15012 = OVER_RIDING_STYLED_ITEM('overriding color',(#15013),#3706,
  #14906);
#15013 = PRESENTATION_STYLE_ASSIGNMENT((#15014));
#15014 = SURFACE_STYLE_USAGE(.BOTH.,#15015);
#15015 = SURFACE_SIDE_STYLE('',(#15016));
#15016 = SURFACE_STYLE_FILL_AREA(#15017);
#15017 = FILL_AREA_STYLE('',(#15018));
#15018 = FILL_AREA_STYLE_COLOUR('',#14520);
#15019 = OVER_RIDING_STYLED_ITEM('overriding color',(#15020),#3724,
  #14906);
#15020 = PRESENTATION_STYLE_ASSIGNMENT((#15021));
#15021 = SURFACE_STYLE_USAGE(.BOTH.,#15022);
#15022 = SURFACE_SIDE_STYLE('',(#15023));
#15023 = SURFACE_STYLE_FILL_AREA(#15024);
#15024 = FILL_AREA_STYLE('',(#15025));
#15025 = FILL_AREA_STYLE_COLOUR('',#14520);
#15026 = OVER_RIDING_STYLED_ITEM('overriding color',(#15027),#3742,
  #14906);
#15027 = PRESENTATION_STYLE_ASSIGNMENT((#15028));
#15028 = SURFACE_STYLE_USAGE(.BOTH.,#15029);
#15029 = SURFACE_SIDE_STYLE('',(#15030));
#15030 = SURFACE_STYLE_FILL_AREA(#15031);
#15031 = FILL_AREA_STYLE('',(#15032));
#15032 = FILL_AREA_STYLE_COLOUR('',#14520);
#15033 = OVER_RIDING_STYLED_ITEM('overriding color',(#15034),#3785,
  #14906);
#15034 = PRESENTATION_STYLE_ASSIGNMENT((#15035));
#15035 = SURFACE_STYLE_USAGE(.BOTH.,#15036);
#15036 = SURFACE_SIDE_STYLE('',(#15037));
#15037 = SURFACE_STYLE_FILL_AREA(#15038);
#15038 = FILL_AREA_STYLE('',(#15039));
#15039 = FILL_AREA_STYLE_COLOUR('',#14520);
#15040 = OVER_RIDING_STYLED_ITEM('overriding color',(#15041),#3810,
  #14906);
#15041 = PRESENTATION_STYLE_ASSIGNMENT((#15042));
#15042 = SURFACE_STYLE_USAGE(.BOTH.,#15043);
#15043 = SURFACE_SIDE_STYLE('',(#15044));
#15044 = SURFACE_STYLE_FILL_AREA(#15045);
#15045 = FILL_AREA_STYLE('',(#15046));
#15046 = FILL_AREA_STYLE_COLOUR('',#14520);
#15047 = OVER_RIDING_STYLED_ITEM('overriding color',(#15048),#3827,
  #14906);
#15048 = PRESENTATION_STYLE_ASSIGNMENT((#15049));
#15049 = SURFACE_STYLE_USAGE(.BOTH.,#15050);
#15050 = SURFACE_SIDE_STYLE('',(#15051));
#15051 = SURFACE_STYLE_FILL_AREA(#15052);
#15052 = FILL_AREA_STYLE('',(#15053));
#15053 = FILL_AREA_STYLE_COLOUR('',#14520);
#15054 = OVER_RIDING_STYLED_ITEM('overriding color',(#15055),#3845,
  #14906);
#15055 = PRESENTATION_STYLE_ASSIGNMENT((#15056));
#15056 = SURFACE_STYLE_USAGE(.BOTH.,#15057);
#15057 = SURFACE_SIDE_STYLE('',(#15058));
#15058 = SURFACE_STYLE_FILL_AREA(#15059);
#15059 = FILL_AREA_STYLE('',(#15060));
#15060 = FILL_AREA_STYLE_COLOUR('',#14520);
#15061 = OVER_RIDING_STYLED_ITEM('overriding color',(#15062),#3876,
  #14906);
#15062 = PRESENTATION_STYLE_ASSIGNMENT((#15063));
#15063 = SURFACE_STYLE_USAGE(.BOTH.,#15064);
#15064 = SURFACE_SIDE_STYLE('',(#15065));
#15065 = SURFACE_STYLE_FILL_AREA(#15066);
#15066 = FILL_AREA_STYLE('',(#15067));
#15067 = FILL_AREA_STYLE_COLOUR('',#14520);
#15068 = OVER_RIDING_STYLED_ITEM('overriding color',(#15069),#3902,
  #14906);
#15069 = PRESENTATION_STYLE_ASSIGNMENT((#15070));
#15070 = SURFACE_STYLE_USAGE(.BOTH.,#15071);
#15071 = SURFACE_SIDE_STYLE('',(#15072));
#15072 = SURFACE_STYLE_FILL_AREA(#15073);
#15073 = FILL_AREA_STYLE('',(#15074));
#15074 = FILL_AREA_STYLE_COLOUR('',#14520);
#15075 = OVER_RIDING_STYLED_ITEM('overriding color',(#15076),#3919,
  #14906);
#15076 = PRESENTATION_STYLE_ASSIGNMENT((#15077));
#15077 = SURFACE_STYLE_USAGE(.BOTH.,#15078);
#15078 = SURFACE_SIDE_STYLE('',(#15079));
#15079 = SURFACE_STYLE_FILL_AREA(#15080);
#15080 = FILL_AREA_STYLE('',(#15081));
#15081 = FILL_AREA_STYLE_COLOUR('',#14520);
#15082 = OVER_RIDING_STYLED_ITEM('overriding color',(#15083),#3931,
  #14906);
#15083 = PRESENTATION_STYLE_ASSIGNMENT((#15084));
#15084 = SURFACE_STYLE_USAGE(.BOTH.,#15085);
#15085 = SURFACE_SIDE_STYLE('',(#15086));
#15086 = SURFACE_STYLE_FILL_AREA(#15087);
#15087 = FILL_AREA_STYLE('',(#15088));
#15088 = FILL_AREA_STYLE_COLOUR('',#14520);
#15089 = OVER_RIDING_STYLED_ITEM('overriding color',(#15090),#3980,
  #14906);
#15090 = PRESENTATION_STYLE_ASSIGNMENT((#15091));
#15091 = SURFACE_STYLE_USAGE(.BOTH.,#15092);
#15092 = SURFACE_SIDE_STYLE('',(#15093));
#15093 = SURFACE_STYLE_FILL_AREA(#15094);
#15094 = FILL_AREA_STYLE('',(#15095));
#15095 = FILL_AREA_STYLE_COLOUR('',#14520);
#15096 = OVER_RIDING_STYLED_ITEM('overriding color',(#15097),#4003,
  #14906);
#15097 = PRESENTATION_STYLE_ASSIGNMENT((#15098));
#15098 = SURFACE_STYLE_USAGE(.BOTH.,#15099);
#15099 = SURFACE_SIDE_STYLE('',(#15100));
#15100 = SURFACE_STYLE_FILL_AREA(#15101);
#15101 = FILL_AREA_STYLE('',(#15102));
#15102 = FILL_AREA_STYLE_COLOUR('',#14520);
#15103 = OVER_RIDING_STYLED_ITEM('overriding color',(#15104),#4015,
  #14906);
#15104 = PRESENTATION_STYLE_ASSIGNMENT((#15105));
#15105 = SURFACE_STYLE_USAGE(.BOTH.,#15106);
#15106 = SURFACE_SIDE_STYLE('',(#15107));
#15107 = SURFACE_STYLE_FILL_AREA(#15108);
#15108 = FILL_AREA_STYLE('',(#15109));
#15109 = FILL_AREA_STYLE_COLOUR('',#14520);
#15110 = OVER_RIDING_STYLED_ITEM('overriding color',(#15111),#4029,
  #14906);
#15111 = PRESENTATION_STYLE_ASSIGNMENT((#15112));
#15112 = SURFACE_STYLE_USAGE(.BOTH.,#15113);
#15113 = SURFACE_SIDE_STYLE('',(#15114));
#15114 = SURFACE_STYLE_FILL_AREA(#15115);
#15115 = FILL_AREA_STYLE('',(#15116));
#15116 = FILL_AREA_STYLE_COLOUR('',#14520);
#15117 = OVER_RIDING_STYLED_ITEM('overriding color',(#15118),#4060,
  #14906);
#15118 = PRESENTATION_STYLE_ASSIGNMENT((#15119));
#15119 = SURFACE_STYLE_USAGE(.BOTH.,#15120);
#15120 = SURFACE_SIDE_STYLE('',(#15121));
#15121 = SURFACE_STYLE_FILL_AREA(#15122);
#15122 = FILL_AREA_STYLE('',(#15123));
#15123 = FILL_AREA_STYLE_COLOUR('',#14520);
#15124 = OVER_RIDING_STYLED_ITEM('overriding color',(#15125),#4084,
  #14906);
#15125 = PRESENTATION_STYLE_ASSIGNMENT((#15126));
#15126 = SURFACE_STYLE_USAGE(.BOTH.,#15127);
#15127 = SURFACE_SIDE_STYLE('',(#15128));
#15128 = SURFACE_STYLE_FILL_AREA(#15129);
#15129 = FILL_AREA_STYLE('',(#15130));
#15130 = FILL_AREA_STYLE_COLOUR('',#14520);
#15131 = OVER_RIDING_STYLED_ITEM('overriding color',(#15132),#4108,
  #14906);
#15132 = PRESENTATION_STYLE_ASSIGNMENT((#15133));
#15133 = SURFACE_STYLE_USAGE(.BOTH.,#15134);
#15134 = SURFACE_SIDE_STYLE('',(#15135));
#15135 = SURFACE_STYLE_FILL_AREA(#15136);
#15136 = FILL_AREA_STYLE('',(#15137));
#15137 = FILL_AREA_STYLE_COLOUR('',#14520);
#15138 = OVER_RIDING_STYLED_ITEM('overriding color',(#15139),#4125,
  #14906);
#15139 = PRESENTATION_STYLE_ASSIGNMENT((#15140));
#15140 = SURFACE_STYLE_USAGE(.BOTH.,#15141);
#15141 = SURFACE_SIDE_STYLE('',(#15142));
#15142 = SURFACE_STYLE_FILL_AREA(#15143);
#15143 = FILL_AREA_STYLE('',(#15144));
#15144 = FILL_AREA_STYLE_COLOUR('',#14520);
#15145 = STYLED_ITEM('color',(#15146),#4137);
#15146 = PRESENTATION_STYLE_ASSIGNMENT((#15147));
#15147 = SURFACE_STYLE_USAGE(.BOTH.,#15148);
#15148 = SURFACE_SIDE_STYLE('',(#15149));
#15149 = SURFACE_STYLE_FILL_AREA(#15150);
#15150 = FILL_AREA_STYLE('',(#15151));
#15151 = FILL_AREA_STYLE_COLOUR('',#14913);
#15152 = OVER_RIDING_STYLED_ITEM('overriding color',(#15153),#4139,
  #15145);
#15153 = PRESENTATION_STYLE_ASSIGNMENT((#15154));
#15154 = SURFACE_STYLE_USAGE(.BOTH.,#15155);
#15155 = SURFACE_SIDE_STYLE('',(#15156));
#15156 = SURFACE_STYLE_FILL_AREA(#15157);
#15157 = FILL_AREA_STYLE('',(#15158));
#15158 = FILL_AREA_STYLE_COLOUR('',#14755);
#15159 = OVER_RIDING_STYLED_ITEM('overriding color',(#15160),#4179,
  #15145);
#15160 = PRESENTATION_STYLE_ASSIGNMENT((#15161));
#15161 = SURFACE_STYLE_USAGE(.BOTH.,#15162);
#15162 = SURFACE_SIDE_STYLE('',(#15163));
#15163 = SURFACE_STYLE_FILL_AREA(#15164);
#15164 = FILL_AREA_STYLE('',(#15165));
#15165 = FILL_AREA_STYLE_COLOUR('',#14755);
#15166 = OVER_RIDING_STYLED_ITEM('overriding color',(#15167),#4212,
  #15145);
#15167 = PRESENTATION_STYLE_ASSIGNMENT((#15168));
#15168 = SURFACE_STYLE_USAGE(.BOTH.,#15169);
#15169 = SURFACE_SIDE_STYLE('',(#15170));
#15170 = SURFACE_STYLE_FILL_AREA(#15171);
#15171 = FILL_AREA_STYLE('',(#15172));
#15172 = FILL_AREA_STYLE_COLOUR('',#14755);
#15173 = OVER_RIDING_STYLED_ITEM('overriding color',(#15174),#4243,
  #15145);
#15174 = PRESENTATION_STYLE_ASSIGNMENT((#15175));
#15175 = SURFACE_STYLE_USAGE(.BOTH.,#15176);
#15176 = SURFACE_SIDE_STYLE('',(#15177));
#15177 = SURFACE_STYLE_FILL_AREA(#15178);
#15178 = FILL_AREA_STYLE('',(#15179));
#15179 = FILL_AREA_STYLE_COLOUR('',#14755);
#15180 = OVER_RIDING_STYLED_ITEM('overriding color',(#15181),#4303,
  #15145);
#15181 = PRESENTATION_STYLE_ASSIGNMENT((#15182));
#15182 = SURFACE_STYLE_USAGE(.BOTH.,#15183);
#15183 = SURFACE_SIDE_STYLE('',(#15184));
#15184 = SURFACE_STYLE_FILL_AREA(#15185);
#15185 = FILL_AREA_STYLE('',(#15186));
#15186 = FILL_AREA_STYLE_COLOUR('',#14755);
#15187 = OVER_RIDING_STYLED_ITEM('overriding color',(#15188),#4328,
  #15145);
#15188 = PRESENTATION_STYLE_ASSIGNMENT((#15189));
#15189 = SURFACE_STYLE_USAGE(.BOTH.,#15190);
#15190 = SURFACE_SIDE_STYLE('',(#15191));
#15191 = SURFACE_STYLE_FILL_AREA(#15192);
#15192 = FILL_AREA_STYLE('',(#15193));
#15193 = FILL_AREA_STYLE_COLOUR('',#14755);
#15194 = OVER_RIDING_STYLED_ITEM('overriding color',(#15195),#4347,
  #15145);
#15195 = PRESENTATION_STYLE_ASSIGNMENT((#15196));
#15196 = SURFACE_STYLE_USAGE(.BOTH.,#15197);
#15197 = SURFACE_SIDE_STYLE('',(#15198));
#15198 = SURFACE_STYLE_FILL_AREA(#15199);
#15199 = FILL_AREA_STYLE('',(#15200));
#15200 = FILL_AREA_STYLE_COLOUR('',#14755);
#15201 = OVER_RIDING_STYLED_ITEM('overriding color',(#15202),#4372,
  #15145);
#15202 = PRESENTATION_STYLE_ASSIGNMENT((#15203));
#15203 = SURFACE_STYLE_USAGE(.BOTH.,#15204);
#15204 = SURFACE_SIDE_STYLE('',(#15205));
#15205 = SURFACE_STYLE_FILL_AREA(#15206);
#15206 = FILL_AREA_STYLE('',(#15207));
#15207 = FILL_AREA_STYLE_COLOUR('',#14755);
#15208 = OVER_RIDING_STYLED_ITEM('overriding color',(#15209),#4397,
  #15145);
#15209 = PRESENTATION_STYLE_ASSIGNMENT((#15210));
#15210 = SURFACE_STYLE_USAGE(.BOTH.,#15211);
#15211 = SURFACE_SIDE_STYLE('',(#15212));
#15212 = SURFACE_STYLE_FILL_AREA(#15213);
#15213 = FILL_AREA_STYLE('',(#15214));
#15214 = FILL_AREA_STYLE_COLOUR('',#14755);
#15215 = OVER_RIDING_STYLED_ITEM('overriding color',(#15216),#4441,
  #15145);
#15216 = PRESENTATION_STYLE_ASSIGNMENT((#15217));
#15217 = SURFACE_STYLE_USAGE(.BOTH.,#15218);
#15218 = SURFACE_SIDE_STYLE('',(#15219));
#15219 = SURFACE_STYLE_FILL_AREA(#15220);
#15220 = FILL_AREA_STYLE('',(#15221));
#15221 = FILL_AREA_STYLE_COLOUR('',#14755);
#15222 = OVER_RIDING_STYLED_ITEM('overriding color',(#15223),#4466,
  #15145);
#15223 = PRESENTATION_STYLE_ASSIGNMENT((#15224));
#15224 = SURFACE_STYLE_USAGE(.BOTH.,#15225);
#15225 = SURFACE_SIDE_STYLE('',(#15226));
#15226 = SURFACE_STYLE_FILL_AREA(#15227);
#15227 = FILL_AREA_STYLE('',(#15228));
#15228 = FILL_AREA_STYLE_COLOUR('',#14755);
#15229 = OVER_RIDING_STYLED_ITEM('overriding color',(#15230),#4475,
  #15145);
#15230 = PRESENTATION_STYLE_ASSIGNMENT((#15231));
#15231 = SURFACE_STYLE_USAGE(.BOTH.,#15232);
#15232 = SURFACE_SIDE_STYLE('',(#15233));
#15233 = SURFACE_STYLE_FILL_AREA(#15234);
#15234 = FILL_AREA_STYLE('',(#15235));
#15235 = FILL_AREA_STYLE_COLOUR('',#14755);
#15236 = STYLED_ITEM('color',(#15237),#4489);
#15237 = PRESENTATION_STYLE_ASSIGNMENT((#15238));
#15238 = SURFACE_STYLE_USAGE(.BOTH.,#15239);
#15239 = SURFACE_SIDE_STYLE('',(#15240));
#15240 = SURFACE_STYLE_FILL_AREA(#15241);
#15241 = FILL_AREA_STYLE('',(#15242));
#15242 = FILL_AREA_STYLE_COLOUR('',#14913);
#15243 = OVER_RIDING_STYLED_ITEM('overriding color',(#15244),#4491,
  #15236);
#15244 = PRESENTATION_STYLE_ASSIGNMENT((#15245));
#15245 = SURFACE_STYLE_USAGE(.BOTH.,#15246);
#15246 = SURFACE_SIDE_STYLE('',(#15247));
#15247 = SURFACE_STYLE_FILL_AREA(#15248);
#15248 = FILL_AREA_STYLE('',(#15249));
#15249 = FILL_AREA_STYLE_COLOUR('',#14755);
#15250 = OVER_RIDING_STYLED_ITEM('overriding color',(#15251),#4531,
  #15236);
#15251 = PRESENTATION_STYLE_ASSIGNMENT((#15252));
#15252 = SURFACE_STYLE_USAGE(.BOTH.,#15253);
#15253 = SURFACE_SIDE_STYLE('',(#15254));
#15254 = SURFACE_STYLE_FILL_AREA(#15255);
#15255 = FILL_AREA_STYLE('',(#15256));
#15256 = FILL_AREA_STYLE_COLOUR('',#14755);
#15257 = OVER_RIDING_STYLED_ITEM('overriding color',(#15258),#4562,
  #15236);
#15258 = PRESENTATION_STYLE_ASSIGNMENT((#15259));
#15259 = SURFACE_STYLE_USAGE(.BOTH.,#15260);
#15260 = SURFACE_SIDE_STYLE('',(#15261));
#15261 = SURFACE_STYLE_FILL_AREA(#15262);
#15262 = FILL_AREA_STYLE('',(#15263));
#15263 = FILL_AREA_STYLE_COLOUR('',#14755);
#15264 = OVER_RIDING_STYLED_ITEM('overriding color',(#15265),#4593,
  #15236);
#15265 = PRESENTATION_STYLE_ASSIGNMENT((#15266));
#15266 = SURFACE_STYLE_USAGE(.BOTH.,#15267);
#15267 = SURFACE_SIDE_STYLE('',(#15268));
#15268 = SURFACE_STYLE_FILL_AREA(#15269);
#15269 = FILL_AREA_STYLE('',(#15270));
#15270 = FILL_AREA_STYLE_COLOUR('',#14755);
#15271 = OVER_RIDING_STYLED_ITEM('overriding color',(#15272),#4629,
  #15236);
#15272 = PRESENTATION_STYLE_ASSIGNMENT((#15273));
#15273 = SURFACE_STYLE_USAGE(.BOTH.,#15274);
#15274 = SURFACE_SIDE_STYLE('',(#15275));
#15275 = SURFACE_STYLE_FILL_AREA(#15276);
#15276 = FILL_AREA_STYLE('',(#15277));
#15277 = FILL_AREA_STYLE_COLOUR('',#14755);
#15278 = OVER_RIDING_STYLED_ITEM('overriding color',(#15279),#4660,
  #15236);
#15279 = PRESENTATION_STYLE_ASSIGNMENT((#15280));
#15280 = SURFACE_STYLE_USAGE(.BOTH.,#15281);
#15281 = SURFACE_SIDE_STYLE('',(#15282));
#15282 = SURFACE_STYLE_FILL_AREA(#15283);
#15283 = FILL_AREA_STYLE('',(#15284));
#15284 = FILL_AREA_STYLE_COLOUR('',#14755);
#15285 = OVER_RIDING_STYLED_ITEM('overriding color',(#15286),#4687,
  #15236);
#15286 = PRESENTATION_STYLE_ASSIGNMENT((#15287));
#15287 = SURFACE_STYLE_USAGE(.BOTH.,#15288);
#15288 = SURFACE_SIDE_STYLE('',(#15289));
#15289 = SURFACE_STYLE_FILL_AREA(#15290);
#15290 = FILL_AREA_STYLE('',(#15291));
#15291 = FILL_AREA_STYLE_COLOUR('',#14755);
#15292 = OVER_RIDING_STYLED_ITEM('overriding color',(#15293),#4701,
  #15236);
#15293 = PRESENTATION_STYLE_ASSIGNMENT((#15294));
#15294 = SURFACE_STYLE_USAGE(.BOTH.,#15295);
#15295 = SURFACE_SIDE_STYLE('',(#15296));
#15296 = SURFACE_STYLE_FILL_AREA(#15297);
#15297 = FILL_AREA_STYLE('',(#15298));
#15298 = FILL_AREA_STYLE_COLOUR('',#14755);
#15299 = STYLED_ITEM('color',(#15300),#4715);
#15300 = PRESENTATION_STYLE_ASSIGNMENT((#15301));
#15301 = SURFACE_STYLE_USAGE(.BOTH.,#15302);
#15302 = SURFACE_SIDE_STYLE('',(#15303));
#15303 = SURFACE_STYLE_FILL_AREA(#15304);
#15304 = FILL_AREA_STYLE('',(#15305));
#15305 = FILL_AREA_STYLE_COLOUR('',#14913);
#15306 = OVER_RIDING_STYLED_ITEM('overriding color',(#15307),#4717,
  #15299);
#15307 = PRESENTATION_STYLE_ASSIGNMENT((#15308));
#15308 = SURFACE_STYLE_USAGE(.BOTH.,#15309);
#15309 = SURFACE_SIDE_STYLE('',(#15310));
#15310 = SURFACE_STYLE_FILL_AREA(#15311);
#15311 = FILL_AREA_STYLE('',(#15312));
#15312 = FILL_AREA_STYLE_COLOUR('',#14755);
#15313 = OVER_RIDING_STYLED_ITEM('overriding color',(#15314),#4759,
  #15299);
#15314 = PRESENTATION_STYLE_ASSIGNMENT((#15315));
#15315 = SURFACE_STYLE_USAGE(.BOTH.,#15316);
#15316 = SURFACE_SIDE_STYLE('',(#15317));
#15317 = SURFACE_STYLE_FILL_AREA(#15318);
#15318 = FILL_AREA_STYLE('',(#15319));
#15319 = FILL_AREA_STYLE_COLOUR('',#14755);
#15320 = OVER_RIDING_STYLED_ITEM('overriding color',(#15321),#4790,
  #15299);
#15321 = PRESENTATION_STYLE_ASSIGNMENT((#15322));
#15322 = SURFACE_STYLE_USAGE(.BOTH.,#15323);
#15323 = SURFACE_SIDE_STYLE('',(#15324));
#15324 = SURFACE_STYLE_FILL_AREA(#15325);
#15325 = FILL_AREA_STYLE('',(#15326));
#15326 = FILL_AREA_STYLE_COLOUR('',#14755);
#15327 = OVER_RIDING_STYLED_ITEM('overriding color',(#15328),#4821,
  #15299);
#15328 = PRESENTATION_STYLE_ASSIGNMENT((#15329));
#15329 = SURFACE_STYLE_USAGE(.BOTH.,#15330);
#15330 = SURFACE_SIDE_STYLE('',(#15331));
#15331 = SURFACE_STYLE_FILL_AREA(#15332);
#15332 = FILL_AREA_STYLE('',(#15333));
#15333 = FILL_AREA_STYLE_COLOUR('',#14755);
#15334 = OVER_RIDING_STYLED_ITEM('overriding color',(#15335),#4849,
  #15299);
#15335 = PRESENTATION_STYLE_ASSIGNMENT((#15336));
#15336 = SURFACE_STYLE_USAGE(.BOTH.,#15337);
#15337 = SURFACE_SIDE_STYLE('',(#15338));
#15338 = SURFACE_STYLE_FILL_AREA(#15339);
#15339 = FILL_AREA_STYLE('',(#15340));
#15340 = FILL_AREA_STYLE_COLOUR('',#14755);
#15341 = OVER_RIDING_STYLED_ITEM('overriding color',(#15342),#4877,
  #15299);
#15342 = PRESENTATION_STYLE_ASSIGNMENT((#15343));
#15343 = SURFACE_STYLE_USAGE(.BOTH.,#15344);
#15344 = SURFACE_SIDE_STYLE('',(#15345));
#15345 = SURFACE_STYLE_FILL_AREA(#15346);
#15346 = FILL_AREA_STYLE('',(#15347));
#15347 = FILL_AREA_STYLE_COLOUR('',#14755);
#15348 = OVER_RIDING_STYLED_ITEM('overriding color',(#15349),#4908,
  #15299);
#15349 = PRESENTATION_STYLE_ASSIGNMENT((#15350));
#15350 = SURFACE_STYLE_USAGE(.BOTH.,#15351);
#15351 = SURFACE_SIDE_STYLE('',(#15352));
#15352 = SURFACE_STYLE_FILL_AREA(#15353);
#15353 = FILL_AREA_STYLE('',(#15354));
#15354 = FILL_AREA_STYLE_COLOUR('',#14755);
#15355 = OVER_RIDING_STYLED_ITEM('overriding color',(#15356),#4939,
  #15299);
#15356 = PRESENTATION_STYLE_ASSIGNMENT((#15357));
#15357 = SURFACE_STYLE_USAGE(.BOTH.,#15358);
#15358 = SURFACE_SIDE_STYLE('',(#15359));
#15359 = SURFACE_STYLE_FILL_AREA(#15360);
#15360 = FILL_AREA_STYLE('',(#15361));
#15361 = FILL_AREA_STYLE_COLOUR('',#14755);
#15362 = OVER_RIDING_STYLED_ITEM('overriding color',(#15363),#4956,
  #15299);
#15363 = PRESENTATION_STYLE_ASSIGNMENT((#15364));
#15364 = SURFACE_STYLE_USAGE(.BOTH.,#15365);
#15365 = SURFACE_SIDE_STYLE('',(#15366));
#15366 = SURFACE_STYLE_FILL_AREA(#15367);
#15367 = FILL_AREA_STYLE('',(#15368));
#15368 = FILL_AREA_STYLE_COLOUR('',#14755);
#15369 = OVER_RIDING_STYLED_ITEM('overriding color',(#15370),#4973,
  #15299);
#15370 = PRESENTATION_STYLE_ASSIGNMENT((#15371));
#15371 = SURFACE_STYLE_USAGE(.BOTH.,#15372);
#15372 = SURFACE_SIDE_STYLE('',(#15373));
#15373 = SURFACE_STYLE_FILL_AREA(#15374);
#15374 = FILL_AREA_STYLE('',(#15375));
#15375 = FILL_AREA_STYLE_COLOUR('',#14755);
#15376 = OVER_RIDING_STYLED_ITEM('overriding color',(#15377),#5004,
  #15299);
#15377 = PRESENTATION_STYLE_ASSIGNMENT((#15378));
#15378 = SURFACE_STYLE_USAGE(.BOTH.,#15379);
#15379 = SURFACE_SIDE_STYLE('',(#15380));
#15380 = SURFACE_STYLE_FILL_AREA(#15381);
#15381 = FILL_AREA_STYLE('',(#15382));
#15382 = FILL_AREA_STYLE_COLOUR('',#14755);
#15383 = OVER_RIDING_STYLED_ITEM('overriding color',(#15384),#5021,
  #15299);
#15384 = PRESENTATION_STYLE_ASSIGNMENT((#15385));
#15385 = SURFACE_STYLE_USAGE(.BOTH.,#15386);
#15386 = SURFACE_SIDE_STYLE('',(#15387));
#15387 = SURFACE_STYLE_FILL_AREA(#15388);
#15388 = FILL_AREA_STYLE('',(#15389));
#15389 = FILL_AREA_STYLE_COLOUR('',#14755);
#15390 = OVER_RIDING_STYLED_ITEM('overriding color',(#15391),#5045,
  #15299);
#15391 = PRESENTATION_STYLE_ASSIGNMENT((#15392));
#15392 = SURFACE_STYLE_USAGE(.BOTH.,#15393);
#15393 = SURFACE_SIDE_STYLE('',(#15394));
#15394 = SURFACE_STYLE_FILL_AREA(#15395);
#15395 = FILL_AREA_STYLE('',(#15396));
#15396 = FILL_AREA_STYLE_COLOUR('',#14755);
#15397 = OVER_RIDING_STYLED_ITEM('overriding color',(#15398),#5069,
  #15299);
#15398 = PRESENTATION_STYLE_ASSIGNMENT((#15399));
#15399 = SURFACE_STYLE_USAGE(.BOTH.,#15400);
#15400 = SURFACE_SIDE_STYLE('',(#15401));
#15401 = SURFACE_STYLE_FILL_AREA(#15402);
#15402 = FILL_AREA_STYLE('',(#15403));
#15403 = FILL_AREA_STYLE_COLOUR('',#14755);
#15404 = OVER_RIDING_STYLED_ITEM('overriding color',(#15405),#5086,
  #15299);
#15405 = PRESENTATION_STYLE_ASSIGNMENT((#15406));
#15406 = SURFACE_STYLE_USAGE(.BOTH.,#15407);
#15407 = SURFACE_SIDE_STYLE('',(#15408));
#15408 = SURFACE_STYLE_FILL_AREA(#15409);
#15409 = FILL_AREA_STYLE('',(#15410));
#15410 = FILL_AREA_STYLE_COLOUR('',#14755);
#15411 = STYLED_ITEM('color',(#15412),#5098);
#15412 = PRESENTATION_STYLE_ASSIGNMENT((#15413));
#15413 = SURFACE_STYLE_USAGE(.BOTH.,#15414);
#15414 = SURFACE_SIDE_STYLE('',(#15415));
#15415 = SURFACE_STYLE_FILL_AREA(#15416);
#15416 = FILL_AREA_STYLE('',(#15417));
#15417 = FILL_AREA_STYLE_COLOUR('',#14913);
#15418 = OVER_RIDING_STYLED_ITEM('overriding color',(#15419),#5100,
  #15411);
#15419 = PRESENTATION_STYLE_ASSIGNMENT((#15420));
#15420 = SURFACE_STYLE_USAGE(.BOTH.,#15421);
#15421 = SURFACE_SIDE_STYLE('',(#15422));
#15422 = SURFACE_STYLE_FILL_AREA(#15423);
#15423 = FILL_AREA_STYLE('',(#15424));
#15424 = FILL_AREA_STYLE_COLOUR('',#14755);
#15425 = OVER_RIDING_STYLED_ITEM('overriding color',(#15426),#5142,
  #15411);
#15426 = PRESENTATION_STYLE_ASSIGNMENT((#15427));
#15427 = SURFACE_STYLE_USAGE(.BOTH.,#15428);
#15428 = SURFACE_SIDE_STYLE('',(#15429));
#15429 = SURFACE_STYLE_FILL_AREA(#15430);
#15430 = FILL_AREA_STYLE('',(#15431));
#15431 = FILL_AREA_STYLE_COLOUR('',#14755);
#15432 = OVER_RIDING_STYLED_ITEM('overriding color',(#15433),#5173,
  #15411);
#15433 = PRESENTATION_STYLE_ASSIGNMENT((#15434));
#15434 = SURFACE_STYLE_USAGE(.BOTH.,#15435);
#15435 = SURFACE_SIDE_STYLE('',(#15436));
#15436 = SURFACE_STYLE_FILL_AREA(#15437);
#15437 = FILL_AREA_STYLE('',(#15438));
#15438 = FILL_AREA_STYLE_COLOUR('',#14755);
#15439 = OVER_RIDING_STYLED_ITEM('overriding color',(#15440),#5204,
  #15411);
#15440 = PRESENTATION_STYLE_ASSIGNMENT((#15441));
#15441 = SURFACE_STYLE_USAGE(.BOTH.,#15442);
#15442 = SURFACE_SIDE_STYLE('',(#15443));
#15443 = SURFACE_STYLE_FILL_AREA(#15444);
#15444 = FILL_AREA_STYLE('',(#15445));
#15445 = FILL_AREA_STYLE_COLOUR('',#14755);
#15446 = OVER_RIDING_STYLED_ITEM('overriding color',(#15447),#5226,
  #15411);
#15447 = PRESENTATION_STYLE_ASSIGNMENT((#15448));
#15448 = SURFACE_STYLE_USAGE(.BOTH.,#15449);
#15449 = SURFACE_SIDE_STYLE('',(#15450));
#15450 = SURFACE_STYLE_FILL_AREA(#15451);
#15451 = FILL_AREA_STYLE('',(#15452));
#15452 = FILL_AREA_STYLE_COLOUR('',#14755);
#15453 = OVER_RIDING_STYLED_ITEM('overriding color',(#15454),#5259,
  #15411);
#15454 = PRESENTATION_STYLE_ASSIGNMENT((#15455));
#15455 = SURFACE_STYLE_USAGE(.BOTH.,#15456);
#15456 = SURFACE_SIDE_STYLE('',(#15457));
#15457 = SURFACE_STYLE_FILL_AREA(#15458);
#15458 = FILL_AREA_STYLE('',(#15459));
#15459 = FILL_AREA_STYLE_COLOUR('',#14755);
#15460 = OVER_RIDING_STYLED_ITEM('overriding color',(#15461),#5274,
  #15411);
#15461 = PRESENTATION_STYLE_ASSIGNMENT((#15462));
#15462 = SURFACE_STYLE_USAGE(.BOTH.,#15463);
#15463 = SURFACE_SIDE_STYLE('',(#15464));
#15464 = SURFACE_STYLE_FILL_AREA(#15465);
#15465 = FILL_AREA_STYLE('',(#15466));
#15466 = FILL_AREA_STYLE_COLOUR('',#14755);
#15467 = MECHANICAL_DESIGN_GEOMETRIC_PRESENTATION_REPRESENTATION('',(
    #15468),#13609);
#15468 = STYLED_ITEM('color',(#15469),#7489);
#15469 = PRESENTATION_STYLE_ASSIGNMENT((#15470));
#15470 = SURFACE_STYLE_USAGE(.BOTH.,#15471);
#15471 = SURFACE_SIDE_STYLE('',(#15472));
#15472 = SURFACE_STYLE_FILL_AREA(#15473);
#15473 = FILL_AREA_STYLE('',(#15474));
#15474 = FILL_AREA_STYLE_COLOUR('',#15475);
#15475 = COLOUR_RGB('',0.313304153717,0.484529207832,0.410020903123);
ENDSEC;
END-ISO-10303-21;
